zone_residence,zone_workplace,mode,residence,workplace,number,distance,time
bridgwater,highbridge_and_burnham,train,E02006068,E02006065,7,12461,2346
bridgwater,highbridge_and_burnham,train,E02006069,E02006065,6,12709,2554
bridgwater,other,foot,E02006068,E02006070,37,965,781
bridgwater,other,foot,E02006073,E02006067,4,8044,6668
bridgwater,other,foot,E02006069,E02006072,4,9868,8043
bridgwater,other,foot,E02006073,E02006072,2,11165,9076
bridgwater,other,foot,E02006069,E02006070,37,2601,2139
bridgwater,taunton,foot,E02006069,E02006105,2,16912,13846
bridgwater,other,foot,E02006069,E02006066,4,8479,6947
bridgwater,highbridge_and_burnham,foot,E02006073,E02006064,3,15705,12775
bridgwater,other,foot,E02006073,E02006074,40,3695,3072
bridgwater,other,foot,E02006073,E02006071,12,2476,2033
bridgwater,other,foot,E02006068,E02006074,15,5362,4481
bridgwater,other,foot,E02006068,E02006066,5,7574,6176
bridgwater,highbridge_and_burnham,foot,E02006068,E02006065,5,11946,9711
bridgwater,taunton,foot,E02006073,E02006104,3,14224,11647
bridgwater,other,foot,E02006069,E02006074,29,4883,4084
bridgwater,other,foot,E02006073,E02006070,14,3357,2735
bridgwater,other,foot,E02006069,E02006071,39,1516,1258
bridgwater,other,foot,E02006068,E02006071,4,3519,2935
bridgwater,taunton,foot,E02006068,E02006105,1,17390,14243
bridgwater,highbridge_and_burnham,foot,E02006069,E02006064,8,14317,11642
bridgwater,other,foot,E02006068,E02006072,5,8628,7002
bridgwater,other,foot,E02006068,E02006067,6,8805,7329
bridgwater,taunton,foot,E02006073,E02006108,1,17075,13995
bridgwater,highbridge_and_burnham,foot,E02006068,E02006064,4,14035,11428
bridgwater,other,foot,E02006069,E02006067,7,6801,5652
bridgwater,other,foot,E02006073,E02006066,2,9867,8080
bridgwater,taunton,foot,E02006068,E02006104,1,15866,13057
bridgwater,taunton,foot,E02006069,E02006104,5,15388,12659
bridgwater,highbridge_and_burnham,foot,E02006069,E02006065,7,12227,9925
bridgwater,taunton,foot,E02006068,E02006108,4,18718,15405
bridgwater,other,foot,E02006073,E02006061,1,29432,24083
bridgwater,taunton,foot,E02006069,E02006108,5,18240,15007
bridgwater,taunton,foot,E02006073,E02006105,5,15747,12834
bridgwater,other,foot,E02006069,E02006061,5,28149,23046
bridgwater,other,foot,E02006068,E02006061,1,26895,22009
bridgwater,other,bicycle,E02006069,E02006071,10,1670,327
bridgwater,other,bicycle,E02006073,E02006071,12,3096,652
bridgwater,other,bicycle,E02006068,E02006070,36,1118,199
bridgwater,other,bicycle,E02006069,E02006070,67,3006,563
bridgwater,other,bicycle,E02006073,E02006070,27,3489,676
bridgwater,other,bicycle,E02006068,E02006067,2,9232,1984
bridgwater,other,bicycle,E02006068,E02006071,3,3701,720
bridgwater,other,bicycle,E02006073,E02006067,2,8915,1945
bridgwater,other,bicycle,E02006069,E02006067,6,7201,1591
bridgwater,other,driving,E02006073,E02006074,144,3973,469
bridgwater,other,passenger,E02006073,E02006074,12,3973,469
bridgwater,other,driving,E02006069,E02006067,81,8397,826
bridgwater,other,passenger,E02006069,E02006067,15,8397,826
bridgwater,other,driving,E02006073,E02006070,112,3917,607
bridgwater,other,passenger,E02006073,E02006070,18,3917,607
bridgwater,other,driving,E02006073,E02006112,6,18955,1282
bridgwater,taunton,driving,E02006069,E02006104,62,16995,1221
bridgwater,taunton,passenger,E02006069,E02006104,7,16995,1221
bridgwater,other,driving,E02006069,E02006071,76,2586,348
bridgwater,other,passenger,E02006069,E02006071,11,2586,348
bridgwater,other,driving,E02006073,E02006078,4,21135,1726
bridgwater,other,passenger,E02006073,E02006078,4,21135,1726
bridgwater,other,taxi,E02006073,E02006071,1,5205,680
bridgwater,other,driving,E02006073,E02006071,36,5205,680
bridgwater,other,passenger,E02006073,E02006071,5,5205,680
bridgwater,other,driving,E02006069,E02006072,26,12264,1042
bridgwater,other,passenger,E02006069,E02006072,4,12264,1042
bridgwater,taunton,driving,E02006073,E02006104,32,15486,966
bridgwater,taunton,passenger,E02006073,E02006104,2,15486,966
bridgwater,other,driving,E02006073,E02006063,7,29578,1838
bridgwater,other,driving,E02006073,E02006066,50,10860,1600
bridgwater,other,passenger,E02006073,E02006066,4,10860,1600
bridgwater,taunton,driving,E02006073,E02006109,32,20700,1544
bridgwater,other,driving,E02006073,E02006051,3,33557,2721
bridgwater,highbridge_and_burnham,driving,E02006073,E02006064,13,22260,1180
bridgwater,highbridge_and_burnham,passenger,E02006073,E02006064,1,22260,1180
bridgwater,other,driving,E02006073,E02006067,38,9612,992
bridgwater,other,passenger,E02006073,E02006067,5,9612,992
bridgwater,wellington,driving,E02006069,E02006111,21,30416,1811
bridgwater,other,driving,E02006073,E02006103,11,13809,1268
bridgwater,other,passenger,E02006073,E02006103,3,13809,1268
bridgwater,wellington,driving,E02006073,E02006111,8,28907,1555
bridgwater,wellington,passenger,E02006073,E02006111,1,28907,1555
bridgwater,other,driving,E02006069,E02006066,51,9489,1423
bridgwater,other,passenger,E02006069,E02006066,6,9489,1423
bridgwater,taunton,driving,E02006069,E02006106,30,22238,1703
bridgwater,taunton,passenger,E02006069,E02006106,3,22238,1703
bridgwater,taunton,driving,E02006073,E02006106,17,20729,1448
bridgwater,taunton,passenger,E02006073,E02006106,4,20729,1448
bridgwater,other,driving,E02006073,E02006062,20,22223,1252
bridgwater,other,passenger,E02006073,E02006062,4,22223,1252
bridgwater,other,driving,E02006069,E02006112,14,20464,1537
bridgwater,weston-super-mare,driving,E02006068,E02006846,5,32544,1602
bridgwater,weston-super-mare,passenger,E02006068,E02006846,1,32544,1602
bridgwater,other,driving,E02006073,E02006072,14,13635,1219
bridgwater,other,passenger,E02006073,E02006072,1,13635,1219
bridgwater,other,taxi,E02006069,E02006070,1,3218,549
bridgwater,other,driving,E02006069,E02006070,219,3218,549
bridgwater,other,passenger,E02006069,E02006070,46,3218,549
bridgwater,other,driving,E02006069,E02006116,83,25677,2116
bridgwater,other,passenger,E02006069,E02006116,7,25677,2116
bridgwater,highbridge_and_burnham,driving,E02006073,E02006065,47,22038,1214
bridgwater,highbridge_and_burnham,passenger,E02006073,E02006065,10,22038,1214
bridgwater,taunton,driving,E02006073,E02006102,13,18271,1240
bridgwater,other,driving,E02006069,E02006078,13,20437,1668
bridgwater,other,passenger,E02006069,E02006078,3,20437,1668
bridgwater,taunton,driving,E02006069,E02006107,21,19111,1405
bridgwater,taunton,passenger,E02006069,E02006107,1,19111,1405
bridgwater,other,driving,E02006069,E02006099,4,18937,1637
bridgwater,other,driving,E02006069,E02006074,183,5482,725
bridgwater,other,passenger,E02006069,E02006074,25,5482,725
bridgwater,weston-super-mare,driving,E02006069,E02003089,5,25783,1720
bridgwater,weston-super-mare,passenger,E02006069,E02003089,2,25783,1720
bridgwater,other,driving,E02006069,E02006845,8,30745,1615
bridgwater,wellington,driving,E02006073,E02006110,8,28651,1506
bridgwater,other,driving,E02006068,E02006066,32,8251,1209
bridgwater,other,passenger,E02006068,E02006066,7,8251,1209
bridgwater,other,driving,E02006068,E02006071,28,4835,540
bridgwater,other,driving,E02006073,E02006116,41,28931,2244
bridgwater,other,passenger,E02006073,E02006116,6,28931,2244
bridgwater,other,driving,E02006073,E02006060,12,22356,1839
bridgwater,weston-super-mare,driving,E02006073,E02006846,7,37669,1731
bridgwater,weston-super-mare,driving,E02006069,E02006846,3,32140,1687
bridgwater,other,driving,E02006069,E02006063,4,24048,1794
bridgwater,other,passenger,E02006069,E02006063,2,24048,1794
bridgwater,taunton,driving,E02006068,E02006102,4,20892,1571
bridgwater,highbridge_and_burnham,taxi,E02006068,E02006064,1,17135,1051
bridgwater,highbridge_and_burnham,driving,E02006068,E02006064,15,17135,1051
bridgwater,highbridge_and_burnham,passenger,E02006068,E02006064,2,17135,1051
bridgwater,other,driving,E02006068,E02006103,7,16430,1600
bridgwater,other,passenger,E02006068,E02006103,2,16430,1600
bridgwater,highbridge_and_burnham,driving,E02006069,E02006065,69,12659,1139
bridgwater,highbridge_and_burnham,passenger,E02006069,E02006065,24,12659,1139
bridgwater,other,taxi,E02006069,E02006103,1,15318,1524
bridgwater,other,driving,E02006069,E02006103,18,15318,1524
bridgwater,other,passenger,E02006069,E02006103,4,15318,1524
bridgwater,other,driving,E02006073,E02006058,14,22111,1780
bridgwater,wellington,driving,E02006069,E02006110,8,30160,1762
bridgwater,taunton,driving,E02006073,E02006100,12,19269,1340
bridgwater,taunton,passenger,E02006073,E02006100,4,19269,1340
bridgwater,taunton,driving,E02006069,E02006105,35,19210,1456
bridgwater,taunton,passenger,E02006069,E02006105,5,19210,1456
bridgwater,taunton,driving,E02006073,E02006108,59,18996,1407
bridgwater,taunton,passenger,E02006073,E02006108,7,18996,1407
bridgwater,other,driving,E02006069,E02006060,22,20985,1662
bridgwater,other,passenger,E02006069,E02006060,4,20985,1662
bridgwater,other,driving,E02006068,E02006051,1,30949,2331
bridgwater,weston-super-mare,driving,E02006073,E02003085,5,33316,1963
bridgwater,taunton,driving,E02006069,E02006100,41,19133,1606
bridgwater,taunton,passenger,E02006069,E02006100,7,19133,1606
bridgwater,other,driving,E02006068,E02006072,31,11026,828
bridgwater,other,passenger,E02006068,E02006072,1,11026,828
bridgwater,weston-super-mare,driving,E02006068,E02003089,5,26187,1635
bridgwater,weston-super-mare,passenger,E02006068,E02003089,1,26187,1635
bridgwater,weston-super-mare,driving,E02006073,E02003084,12,33740,2001
bridgwater,taunton,driving,E02006069,E02006102,4,19780,1495
bridgwater,taunton,driving,E02006069,E02006109,45,22209,1800
bridgwater,taunton,taxi,E02006068,E02006105,1,20322,1532
bridgwater,taunton,driving,E02006068,E02006105,23,20322,1532
bridgwater,taunton,passenger,E02006068,E02006105,1,20322,1532
bridgwater,other,driving,E02006068,E02006112,4,21576,1613
bridgwater,other,passenger,E02006068,E02006112,2,21576,1613
bridgwater,other,driving,E02006068,E02006070,145,1649,263
bridgwater,other,passenger,E02006068,E02006070,22,1649,263
bridgwater,other,driving,E02006069,E02003066,6,45376,2408
bridgwater,other,driving,E02006073,E02006092,2,50924,2722
bridgwater,taunton,driving,E02006073,E02006107,12,17602,1150
bridgwater,taunton,passenger,E02006073,E02006107,2,17602,1150
bridgwater,other,taxi,E02006068,E02006074,1,6594,801
bridgwater,other,driving,E02006068,E02006074,128,6594,801
bridgwater,other,passenger,E02006068,E02006074,15,6594,801
bridgwater,other,driving,E02006073,E02006099,3,25181,1710
bridgwater,other,driving,E02006068,E02006078,9,19475,1424
bridgwater,other,passenger,E02006068,E02006078,5,19475,1424
bridgwater,taunton,driving,E02006068,E02006108,51,21617,1738
bridgwater,taunton,passenger,E02006068,E02006108,6,21617,1738
bridgwater,bristol,driving,E02006068,E02003014,1,55103,2480
bridgwater,other,driving,E02006068,E02006062,23,17098,1123
bridgwater,other,passenger,E02006068,E02006062,1,17098,1123
bridgwater,other,driving,E02006073,E02006096,4,35189,2018
bridgwater,other,passenger,E02006073,E02006096,1,35189,2018
bridgwater,taunton,driving,E02006069,E02006108,101,20505,1662
bridgwater,taunton,passenger,E02006069,E02006108,6,20505,1662
bridgwater,other,driving,E02006068,E02006067,38,10646,1019
bridgwater,other,passenger,E02006068,E02006067,3,10646,1019
bridgwater,taunton,driving,E02006073,E02006105,30,17701,1201
bridgwater,taunton,passenger,E02006073,E02006105,2,17701,1201
bridgwater,taunton,driving,E02006068,E02006104,39,18107,1298
bridgwater,taunton,passenger,E02006068,E02006104,3,18107,1298
bridgwater,other,driving,E02006069,E02003106,8,69906,3123
bridgwater,other,passenger,E02006069,E02003106,1,69906,3123
bridgwater,highbridge_and_burnham,driving,E02006068,E02006065,65,12354,1031
bridgwater,highbridge_and_burnham,passenger,E02006068,E02006065,7,12354,1031
bridgwater,weston-super-mare,driving,E02006073,E02003089,5,31312,1764
bridgwater,weston-super-mare,driving,E02006068,E02003085,1,28191,1834
bridgwater,weston-super-mare,passenger,E02006068,E02003085,1,28191,1834
bridgwater,other,driving,E02006069,E02006092,9,52433,2977
bridgwater,other,driving,E02006069,E02006096,6,36698,2273
bridgwater,other,driving,E02006069,E02006057,13,24936,2046
bridgwater,other,passenger,E02006069,E02006057,2,24936,2046
bridgwater,other,driving,E02006069,E02006062,20,16693,1208
bridgwater,other,passenger,E02006069,E02006062,2,16693,1208
bridgwater,other,driving,E02006068,E02003088,5,33379,2248
bridgwater,bristol,driving,E02006073,E02003014,1,60228,2609
bridgwater,other,driving,E02006068,E02006116,40,27927,2309
bridgwater,other,passenger,E02006068,E02006116,4,27927,2309
bridgwater,weston-super-mare,driving,E02006069,E02003085,10,27787,1919
bridgwater,weston-super-mare,passenger,E02006069,E02003085,1,27787,1919
bridgwater,taunton,driving,E02006068,E02006100,16,21890,1672
bridgwater,taunton,passenger,E02006068,E02006100,2,21890,1672
bridgwater,other,driving,E02006068,E02006058,15,19502,1389
bridgwater,other,passenger,E02006068,E02006058,4,19502,1389
bridgwater,taunton,driving,E02006068,E02006109,29,23321,1876
bridgwater,taunton,passenger,E02006068,E02006109,6,23321,1876
bridgwater,wellington,driving,E02006068,E02006111,17,31527,1887
bridgwater,other,driving,E02006068,E02006096,4,37810,2349
bridgwater,taunton,driving,E02006068,E02006107,7,20223,1481
bridgwater,taunton,passenger,E02006068,E02006107,4,20223,1481
bridgwater,weston-super-mare,driving,E02006069,E02003084,8,28210,1956
bridgwater,other,driving,E02006068,E02003106,3,70311,3038
bridgwater,other,driving,E02006068,E02006061,8,28944,1792
bridgwater,other,passenger,E02006068,E02006061,1,28944,1792
bridgwater,other,driving,E02006073,E02006054,4,34260,2710
bridgwater,other,driving,E02006073,E02006057,6,26307,2223
bridgwater,bristol,driving,E02006069,E02003014,6,54698,2565
bridgwater,taunton,driving,E02006068,E02006106,15,23350,1779
bridgwater,taunton,passenger,E02006068,E02006106,2,23350,1779
bridgwater,wellington,driving,E02006068,E02006110,3,31272,1838
bridgwater,other,driving,E02006068,E02006845,3,31149,1531
bridgwater,other,driving,E02006073,E02006089,2,53776,2979
bridgwater,other,driving,E02006073,E02006845,2,36274,1660
bridgwater,other,passenger,E02006073,E02006845,1,36274,1660
bridgwater,other,driving,E02006068,E02006063,3,20642,1727
bridgwater,highbridge_and_burnham,driving,E02006069,E02006064,28,16731,1135
bridgwater,highbridge_and_burnham,passenger,E02006069,E02006064,5,16731,1135
bridgwater,other,driving,E02006073,E02003088,4,38504,2377
bridgwater,bristol,driving,E02006069,E02003043,3,57916,3098
bridgwater,other,passenger,E02006069,E02006076,2,40016,2831
bridgwater,other,driving,E02006069,E02006052,7,39646,3152
bridgwater,weston-super-mare,driving,E02006068,E02003084,13,28615,1872
bridgwater,weston-super-mare,passenger,E02006068,E02003084,2,28615,1872
bridgwater,other,driving,E02006069,E02006054,7,32889,2532
bridgwater,other,passenger,E02006069,E02006054,1,32889,2532
bridgwater,other,driving,E02006069,E02006058,15,20740,1603
bridgwater,other,passenger,E02006069,E02006058,2,20740,1603
bridgwater,other,driving,E02006069,E02006061,7,28539,1877
bridgwater,other,passenger,E02006069,E02006061,1,28539,1877
bridgwater,other,driving,E02006073,E02003106,1,75435,3167
bridgwater,other,driving,E02006069,E02003088,8,32974,2333
bridgwater,other,passenger,E02006069,E02003088,1,32974,2333
bridgwater,other,driving,E02006069,E02006051,5,32187,2544
bridgwater,other,passenger,E02006069,E02006051,1,32187,2544
bridgwater,other,driving,E02006068,E02006099,9,21209,1898
bridgwater,other,driving,E02006073,E02003118,6,83866,3749
bridgwater,other,driving,E02006068,E02006054,6,31651,2319
bridgwater,other,driving,E02006068,E02006060,17,19747,1449
bridgwater,other,passenger,E02006068,E02006060,1,19747,1449
bridgwater,other,driving,E02006068,E02006092,3,53545,3054
bridgwater,other,driving,E02006073,E02006056,2,46518,3545
bridgwater,other,driving,E02006069,E02006089,8,43814,3159
bridgwater,other,driving,E02006073,E02006052,4,41017,3329
bridgwater,other,driving,E02006073,E02006061,9,34069,1921
bridgwater,other,passenger,E02006073,E02006061,2,34069,1921
bridgwater,other,driving,E02006068,E02006057,5,23698,1832
bridgwater,other,passenger,E02006068,E02006057,1,23698,1832
bridgwater,other,driving,E02006068,E02006056,7,43910,3155
bridgwater,other,passenger,E02006068,E02006056,2,43910,3155
bridgwater,bristol,driving,E02006068,E02003043,5,58321,3014
bridgwater,other,driving,E02006068,E02006089,3,42576,2946
bridgwater,other,driving,E02006069,E02006056,2,45148,3368
bridgwater,other,driving,E02006068,E02006076,4,38778,2617
bridgwater,other,passenger,E02006068,E02006076,7,38778,2617
bridgwater,other,driving,E02006068,E02006052,1,38408,2939
bridgwater,other,passenger,E02006069,E02003230,5,122047,5073
bridgwater,other,bus,E02006068,E02006062,6,17823,4851
bridgwater,taunton,bus,E02006073,E02006108,10,18017,3158
bridgwater,other,bus,E02006069,E02006116,11,46225,6104
bridgwater,taunton,bus,E02006073,E02006104,3,15243,2382
bridgwater,taunton,bus,E02006069,E02006108,21,19823,2851
bridgwater,highbridge_and_burnham,bus,E02006069,E02006064,7,15302,2627
bridgwater,highbridge_and_burnham,bus,E02006068,E02006064,5,15302,3090
bridgwater,other,bus,E02006073,E02006116,2,44744,7090
bridgwater,other,bus,E02006068,E02006116,2,49080,7243
bridgwater,other,bus,E02006069,E02006066,7,9240,4457
bridgwater,other,bus,E02006068,E02006066,1,9240,4920
bridgwater,other,bus,E02006073,E02006062,1,21021,4937
bridgwater,taunton,bus,E02006068,E02006108,4,20957,3816
bridgwater,other,bus,E02006073,E02006066,2,12438,5006
bridgwater,taunton,bus,E02006069,E02006104,7,16724,2361
bridgwater,taunton,bus,E02006068,E02006104,8,19180,3465
bristol,other,train,E02003018,E02002991,2,31164,5509
bristol,other,train,E02003026,E02002996,2,30600,4905
bristol,other,train,E02003019,E02002996,2,32922,4513
bristol,other,train,E02003019,W02000398,1,77751,7376
bristol,other,train,E02003026,E02003226,2,77947,6414
bristol,other,train,E02003026,E02002991,4,31279,5600
bristol,other,train,E02003027,W02000398,5,60787,6030
bristol,other,train,E02003019,E02003226,1,80269,6022
bristol,other,train,E02003020,W02000398,1,74171,8171
bristol,other,train,E02003019,E02002991,4,33601,5208
bristol,other,train,E02003031,W02000398,3,61276,6494
bristol,other,train,E02003012,E02002991,2,32515,5705
bristol,other,train,E02003030,E02003226,1,71149,5612
bristol,other,train,E02003016,W02000398,1,58095,5303
bristol,other,train,E02003020,E02003226,3,76689,6817
bristol,other,train,E02003016,E02002991,6,28777,5575
bristol,other,train,E02003028,E02002996,2,26060,4283
bristol,other,train,E02003028,W02000398,3,70889,7146
bristol,other,train,E02003020,E02002991,2,30021,6003
bristol,other,train,E02003026,W02000398,1,75429,7768
bristol,other,train,E02003031,E02002991,22,25266,5586
bristol,other,train,E02003030,E02002991,2,24481,4798
bristol,other,train,E02003016,E02002996,2,28098,4880
bristol,other,train,E02003012,E02003226,2,67418,5504
bristol,other,train,E02003028,E02003226,1,73407,5792
bristol,other,train,E02003020,E02002996,1,29342,5308
bristol,other,train,E02003028,E02002991,10,26739,4978
bristol,other,train,E02003027,E02002996,9,25566,4325
bristol,other,train,E02003031,E02002996,4,24587,4891
bristol,other,train,E02003027,E02002991,9,26245,5020
bristol,other,train,E02003027,E02003226,6,72913,5834
bristol,other,train,E02003026,E02000001,4,209008,11078
bristol,other,train,E02003020,E02000001,2,207750,11481
bristol,other,train,E02003019,E02000001,2,211330,10686
bristol,other,train,E02003012,E02000001,1,198312,9848
bristol,other,train,E02003031,E02000001,1,201898,9744
bristol,other,train,E02003028,E02000001,5,204468,10456
bristol,other,train,E02003027,E02000001,2,203974,10498
bristol,other,train,E02003020,E02003223,1,3822,1839
bristol,other,train,E02003018,E02003223,1,5654,2036
bristol,other,train,E02003030,E02006654,1,23802,4103
bristol,other,train,E02003028,E02003106,2,3600,1388
bristol,other,train,E02003031,E02003106,3,2496,2048
bristol,other,train,E02003026,E02003106,1,7501,2157
bristol,other,train,E02003028,E02003223,2,1470,1167
bristol,other,train,E02003031,E02003100,2,2155,1234
bristol,other,train,E02003031,E02006654,1,24587,4891
bristol,other,train,E02003026,E02002993,2,31279,5600
bristol,other,train,E02003028,E02002993,3,26739,4978
bristol,other,train,E02003016,E02002993,1,28777,5575
bristol,other,train,E02003019,E02003223,1,8091,1735
bristol,other,train,E02003031,E02003223,1,1402,1232
bristol,other,train,E02003030,E02003106,3,5102,1416
bristol,other,train,E02003012,E02002993,2,32515,5705
bristol,other,train,E02003027,E02006654,2,25566,4325
bristol,other,train,E02003027,E02003223,2,2381,1986
bristol,other,train,E02003027,E02002993,4,26245,5020
bristol,other,train,E02003027,E02003100,1,3134,1988
bristol,other,train,E02003027,E02003106,4,3475,2803
bristol,other,train,E02003019,E02003107,1,211330,10686
bristol,other,train,E02003031,E02002993,1,25266,5586
bristol,other,bus,E02003018,E02003098,1,2932,1197
bristol,other,bus,E02003014,E02003098,3,5015,1504
bristol,other,bus,E02003012,E02003098,7,3337,1144
bristol,other,bus,E02003014,E02003100,5,10055,2786
bristol,other,bus,E02003019,E02003098,3,5078,1923
bristol,other,bus,E02003012,E02003100,10,8243,1826
bristol,other,bus,E02003016,E02003100,38,2292,819
bristol,other,bus,E02003020,E02003100,4,6584,2556
bristol,other,bus,E02003017,E02003100,3,5290,1986
bristol,other,bus,E02003018,E02003100,1,7973,2479
bristol,other,bus,E02003019,E02003100,2,14189,4432
bristol,other,bus,E02003015,E02003098,5,3625,1424
bristol,other,bus,E02003013,E02003098,5,4933,1885
bristol,other,bus,E02003015,E02003100,18,2479,1055
bristol,other,bus,E02003021,E02003100,29,1291,537
bristol,other,bus,E02003021,E02003098,14,4693,2353
bristol,other,bus,E02003013,E02003100,13,5590,1426
bristol,other,bus,E02003016,E02003098,14,4623,2245
bristol,other,bus,E02003014,E02003106,5,5015,1504
bristol,other,bus,E02003019,E02003106,4,5078,1923
bristol,other,bus,E02003017,E02003106,9,1121,917
bristol,other,bus,E02003018,E02003106,3,2932,1197
bristol,other,bus,E02003017,E02003094,11,2278,1190
bristol,other,bus,E02003019,E02003094,36,7714,2120
bristol,other,bus,E02003012,E02003094,77,5578,1434
bristol,other,bus,E02003018,E02003107,2,7973,2479
bristol,other,bus,E02003015,E02003107,13,2479,1055
bristol,other,bus,E02003020,E02003107,4,6584,2556
bristol,other,bus,E02003012,E02003107,3,8243,1826
bristol,other,bus,E02003020,E02003094,10,3788,1564
bristol,other,bus,E02003021,E02003107,11,1291,537
bristol,other,bus,E02003014,E02003107,4,10055,2786
bristol,other,bus,E02003013,E02003094,61,4522,1310
bristol,other,bus,E02003015,E02003094,19,3528,823
bristol,other,bus,E02003013,E02003106,24,4933,1885
bristol,other,bus,E02003012,E02003106,3,3337,1144
bristol,other,bus,E02003013,E02003107,7,5590,1426
bristol,other,bus,E02003018,E02003094,20,8280,2391
bristol,other,bus,E02003017,E02003107,4,5290,1986
bristol,other,bus,E02003015,E02003106,22,3625,1424
bristol,other,bus,E02003016,E02003107,9,2292,819
bristol,other,bus,E02003021,E02003106,35,4693,2353
bristol,other,bus,E02003021,E02003094,35,2710,816
bristol,other,bus,E02003014,E02003094,61,9943,2390
bristol,other,bus,E02003016,E02003106,30,4623,2245
bristol,other,bus,E02003019,E02003107,7,14189,4432
bristol,other,bus,E02003016,E02003094,35,3792,1669
bristol,other,bus,E02003017,E02003114,2,2491,815
bristol,other,bus,E02003012,E02003114,1,5494,1380
bristol,other,bus,E02003020,E02003115,1,6584,2556
bristol,other,bus,E02003018,E02003114,1,5174,1308
bristol,other,bus,E02003021,E02003114,2,1364,629
bristol,other,bus,E02003021,E02003115,1,1291,537
bristol,other,bus,E02003013,E02003110,1,2983,1071
bristol,other,bus,E02003013,E02003114,2,2841,980
bristol,other,bus,E02003014,E02003115,1,10055,2786
bristol,other,bus,E02003012,E02000001,1,3709,963
bristol,other,bus,E02003016,E02003115,2,2292,819
bristol,other,bus,E02003013,E02003115,1,5590,1426
bristol,other,bus,E02003019,E02003115,1,14189,4432
bristol,other,bus,E02003015,E02003110,1,2397,906
bristol,other,bus,E02003021,E02003110,1,3465,1835
bristol,other,bus,E02003015,E02000001,1,8696,2988
bristol,other,bus,E02003019,E02003114,4,11697,3337
bristol,other,bus,E02003021,E02000001,5,8270,3252
bristol,other,bus,E02003014,E02003117,1,5015,1504
bristol,other,bus,E02003012,E02003117,1,3337,1144
bristol,other,bus,E02003018,E02003117,2,2932,1197
bristol,other,bus,E02003019,E02003077,1,2930,992
bristol,other,bus,E02003019,E02003070,1,7701,1849
bristol,other,bus,E02003012,E02003070,2,6315,1541
bristol,other,bus,E02003012,E02003072,2,3625,1016
bristol,other,bus,E02003019,E02003117,2,5078,1923
bristol,other,bus,E02003016,E02003117,3,4623,2245
bristol,other,bus,E02003015,E02003072,1,2397,906
bristol,other,bus,E02003015,E02003077,1,8696,2988
bristol,other,bus,E02003013,E02003117,2,4933,1885
bristol,other,bus,E02003019,E02003072,3,9828,3153
bristol,other,bus,E02003013,E02003072,2,2983,1071
bristol,other,bus,E02003012,E02003077,2,3709,963
bristol,other,bus,E02003016,E02003077,3,8200,3144
bristol,other,bus,E02003015,E02003070,2,5031,1533
bristol,other,bus,E02003017,E02003118,1,5290,1986
bristol,other,bus,E02003021,E02003072,2,3465,1835
bristol,other,bus,E02003016,E02003072,3,3395,1727
bristol,other,bus,E02003014,E02003004,1,3003,921
bristol,other,bus,E02003020,E02002991,1,7401,2378
bristol,other,bus,E02003016,E02003108,1,2453,877
bristol,other,bus,E02003017,E02002991,1,12569,2986
bristol,other,bus,E02003013,E02003004,1,7666,1988
bristol,other,bus,E02003013,E02003108,1,2841,980
bristol,other,bus,E02003021,E02003092,1,1364,629
bristol,other,bus,E02003017,E02003092,1,2491,815
bristol,other,bus,E02003019,E02003068,1,8870,2699
bristol,other,bus,E02003013,E02003092,1,2841,980
bristol,other,bus,E02003019,E02003092,1,11697,3337
bristol,other,bus,E02003021,E02003068,1,4717,1381
bristol,other,bicycle,E02003037,E02003070,1,7161,1707
bristol,other,bicycle,E02003037,E02003068,2,7574,1665
bristol,other,bicycle,E02003034,E02003107,5,5845,1404
bristol,other,bicycle,E02003036,E02003068,2,9037,2053
bristol,other,bicycle,E02003037,E02003098,2,12483,2631
bristol,other,bicycle,E02003036,E02003106,27,8310,1742
bristol,other,bicycle,E02003036,E02003107,12,5991,1335
bristol,other,bicycle,E02003036,E02003100,9,9472,2077
bristol,other,bicycle,E02003033,E02003106,27,8629,1801
bristol,other,bicycle,E02003036,E02003070,3,8624,2095
bristol,other,bicycle,E02003034,E02003068,1,10149,2451
bristol,other,bicycle,E02003034,E02003106,45,7615,1695
bristol,other,bicycle,E02003036,E02003094,2,12181,2719
bristol,other,bicycle,E02003037,E02003100,13,10712,2361
bristol,other,bicycle,E02003037,E02003107,7,7150,1613
bristol,other,bicycle,E02003034,E02003098,3,10287,2242
bristol,other,bicycle,E02003037,E02003106,31,9469,2019
bristol,other,bicycle,E02003034,E02003100,17,9479,2163
bristol,other,bicycle,E02003032,E02003070,1,14697,3355
bristol,other,bicycle,E02003033,E02003068,1,8596,1876
bristol,other,bicycle,E02003033,E02003098,1,11301,2348
bristol,other,bicycle,E02003036,E02003098,2,10982,2288
bristol,other,bicycle,E02003033,E02003100,9,9791,2136
bristol,other,bicycle,E02003031,E02003106,62,7295,1546
bristol,other,bicycle,E02003032,E02003106,13,6340,1504
bristol,other,bicycle,E02003032,E02003098,3,9990,2248
bristol,other,bicycle,E02003031,E02003107,17,4975,1139
bristol,other,bicycle,E02003032,E02003107,3,7215,1708
bristol,other,bicycle,E02003031,E02003094,5,12353,2684
bristol,other,bicycle,E02003031,E02003098,4,9967,2092
bristol,other,bicycle,E02003032,E02003100,4,11138,2477
bristol,other,bicycle,E02003033,E02003107,8,6310,1395
bristol,other,bicycle,E02003029,E02003098,2,9667,2031
bristol,other,bicycle,E02003031,E02003100,23,8457,1881
bristol,other,bicycle,E02003031,E02003070,1,9180,2303
bristol,other,bicycle,E02003031,E02003068,1,9592,2261
bristol,other,bicycle,E02003032,E02003094,3,15738,3375
bristol,other,bicycle,E02003028,E02003094,3,10427,2154
bristol,other,bicycle,E02003030,E02003106,13,5338,1394
bristol,other,bicycle,E02003028,E02003068,5,10526,2071
bristol,other,bicycle,E02003027,E02003107,24,4015,890
bristol,other,bicycle,E02003029,E02003106,10,6017,1286
bristol,other,bicycle,E02003026,E02003068,1,8042,1609
bristol,other,bicycle,E02003028,E02003106,58,8017,1615
bristol,other,bicycle,E02003027,E02003094,4,11393,2435
bristol,other,bicycle,E02003030,E02003107,1,6220,1468
bristol,other,bicycle,E02003028,E02003107,9,5326,987
bristol,other,bicycle,E02003026,E02003070,1,10152,2535
bristol,other,bicycle,E02003030,E02003094,1,14224,3159
bristol,other,bicycle,E02003027,E02003100,26,7497,1632
bristol,other,bicycle,E02003025,E02003107,3,3587,756
bristol,other,bicycle,E02003029,E02003107,2,7318,1664
bristol,other,bicycle,E02003025,E02003106,28,4545,910
bristol,other,bicycle,E02003027,E02003098,7,9007,1843
bristol,other,bicycle,E02003023,E02003106,32,3793,1023
bristol,other,bicycle,E02003024,E02003106,33,4899,1054
bristol,other,bicycle,E02003028,E02003098,4,9663,1796
bristol,other,bicycle,E02003023,E02003098,1,7443,1767
bristol,other,bicycle,E02003026,E02003094,3,9867,2160
bristol,other,bicycle,E02003027,E02003106,99,6335,1297
bristol,other,bicycle,E02003024,E02003107,3,6533,1450
bristol,other,bicycle,E02003023,E02003107,3,4668,1227
bristol,other,bicycle,E02003029,E02003094,2,16787,3571
bristol,other,bicycle,E02003025,E02003094,1,12444,2507
bristol,other,bicycle,E02003026,E02003106,17,8908,1950
bristol,other,bicycle,E02003027,E02003070,1,10204,2441
bristol,other,bicycle,E02003024,E02003098,1,8549,1798
bristol,other,bicycle,E02003021,E02003107,15,3054,661
bristol,other,bicycle,E02003028,E02003100,15,7892,1526
bristol,other,bicycle,E02003021,E02003106,48,5146,1037
bristol,other,bicycle,E02003022,E02003107,2,4804,890
bristol,other,bicycle,E02003025,E02003100,3,7198,1543
bristol,other,bicycle,E02003018,E02003068,2,6506,1295
bristol,other,bicycle,E02003027,E02003068,4,12432,2517
bristol,other,bicycle,E02003024,E02003100,5,10456,2219
bristol,other,bicycle,E02003024,E02003068,1,18209,3512
bristol,other,bicycle,E02003022,E02003106,31,7101,1384
bristol,other,bicycle,E02003022,E02003100,10,7077,1440
bristol,other,bicycle,E02003026,E02003098,1,11182,2348
bristol,other,bicycle,E02003022,E02003068,1,11666,2258
bristol,other,bicycle,E02003020,E02003094,2,8907,1965
bristol,other,bicycle,E02003026,E02003100,4,9559,2217
bristol,other,bicycle,E02003019,E02003068,14,4185,760
bristol,other,bicycle,E02003022,E02003094,1,9564,2036
bristol,other,bicycle,E02003021,E02003098,5,7290,1524
bristol,other,bicycle,E02003020,E02003068,3,10047,1895
bristol,other,bicycle,E02003021,E02003070,1,11197,2601
bristol,other,bicycle,E02003023,E02003100,3,8591,1996
bristol,other,bicycle,E02003020,E02003070,1,11203,2719
bristol,other,bicycle,E02003020,E02003106,17,7948,1756
bristol,other,bicycle,E02003019,E02003070,11,12138,2809
bristol,other,bicycle,E02003016,E02003107,17,1903,356
bristol,other,bicycle,E02003020,E02003098,4,10222,2153
bristol,other,bicycle,E02003018,E02003107,1,7038,1650
bristol,other,bicycle,E02003021,E02003094,1,10919,2325
bristol,other,bicycle,E02003018,E02003094,6,9225,1950
bristol,other,bicycle,E02003017,E02003107,3,4493,1050
bristol,other,bicycle,E02003016,E02003106,44,3995,734
bristol,other,bicycle,E02003022,E02003098,1,8848,1711
bristol,other,bicycle,E02003018,E02003100,2,8917,2006
bristol,other,bicycle,E02003020,E02003107,2,5759,1429
bristol,other,bicycle,E02003021,E02003100,9,6535,1402
bristol,other,bicycle,E02003017,E02003100,10,7185,1504
bristol,other,bicycle,E02003018,E02003106,6,9226,1977
bristol,other,bicycle,E02003015,E02003107,13,3348,644
bristol,other,bicycle,E02003015,E02003106,19,5645,1138
bristol,other,bicycle,E02003019,E02003106,3,12410,2676
bristol,other,bicycle,E02003014,E02003068,5,5614,1069
bristol,other,bicycle,E02003017,E02003098,3,8956,1774
bristol,other,bicycle,E02003015,E02003100,10,5892,1224
bristol,other,bicycle,E02003015,E02003094,4,9965,2009
bristol,other,bicycle,E02003019,E02003094,3,13559,2516
bristol,other,bicycle,E02003019,E02003107,1,10222,2349
bristol,other,bicycle,E02003017,E02003106,36,6682,1377
bristol,other,bicycle,E02003016,E02003094,5,9946,1921
bristol,other,bicycle,E02003017,E02003094,1,8249,1779
bristol,other,bicycle,E02003018,E02003070,1,11928,2772
bristol,other,bicycle,E02003016,E02003068,1,13731,2699
bristol,other,bicycle,E02003019,E02003100,4,11452,2498
bristol,other,bicycle,E02003016,E02003098,6,6667,1280
bristol,other,bicycle,E02003017,E02003070,2,10960,2550
bristol,other,bicycle,E02003012,E02003094,23,6157,1220
bristol,other,bicycle,E02003013,E02003107,17,2947,718
bristol,other,bicycle,E02003013,E02003094,16,8138,1561
bristol,other,bicycle,E02003016,E02003100,12,5385,1097
bristol,other,bicycle,E02003012,E02003107,9,4799,1183
bristol,other,bicycle,E02003013,E02003106,15,5135,1045
bristol,other,bicycle,E02003013,E02003100,5,5638,1172
bristol,other,bicycle,E02003014,E02003070,10,13567,3119
bristol,other,bicycle,E02003014,E02003094,9,11249,2127
bristol,other,bicycle,E02003013,E02003068,3,10455,2078
bristol,other,bicycle,E02003013,E02003098,3,7409,1443
bristol,other,bicycle,E02003012,E02003106,14,6987,1511
bristol,other,bicycle,E02003012,E02003068,2,8987,1800
bristol,other,bicycle,E02003012,E02003100,7,5849,1277
bristol,other,bicycle,E02003012,E02003098,4,9923,2030
bristol,other,bicycle,E02003014,E02003106,2,11185,2565
bristol,other,bicycle,E02003014,E02003107,1,8996,2238
bristol,other,driving,E02003036,E02002991,7,36583,2402
bristol,other,driving,E02003034,E02002991,15,35018,2075
bristol,other,passenger,E02003034,E02002991,1,35018,2075
bristol,other,driving,E02003036,E02002987,2,13532,1650
bristol,other,driving,E02003034,E02002992,7,18112,1806
bristol,other,passenger,E02003034,E02002992,1,18112,1806
bristol,other,driving,E02003012,E02002987,7,25338,2122
bristol,other,driving,E02003032,E02002987,6,10102,1228
bristol,other,driving,E02003032,E02002992,7,14953,1543
bristol,other,passenger,E02003032,E02002992,1,14953,1543
bristol,other,driving,E02003037,E02002991,16,38473,2614
bristol,other,passenger,E02003037,E02002991,2,38473,2614
bristol,other,driving,E02003034,E02003007,3,22752,2364
bristol,other,driving,E02003033,E02002991,5,37811,2494
bristol,other,driving,E02003033,E02002992,17,20687,2257
bristol,other,driving,E02003033,E02003007,1,23796,2630
bristol,other,driving,E02003029,E02002987,11,13171,1125
bristol,other,passenger,E02003029,E02002987,1,13171,1125
bristol,other,driving,E02003037,E02003007,3,27360,2432
bristol,other,driving,E02003031,E02002991,13,36429,2359
bristol,other,passenger,E02003031,E02002991,1,36429,2359
bristol,other,driving,E02003030,E02002991,7,20637,2030
bristol,other,passenger,E02003030,E02002991,1,20637,2030
bristol,other,driving,E02003036,E02002992,11,19676,2133
bristol,other,driving,E02003029,E02002991,5,17749,1604
bristol,other,driving,E02003031,E02002992,11,19523,2090
bristol,other,driving,E02003031,E02003007,1,23281,2540
bristol,other,driving,E02003031,E02002987,3,13378,1607
bristol,other,driving,E02003032,E02002991,16,18143,1760
bristol,other,passenger,E02003032,E02002991,1,18143,1760
bristol,other,driving,E02003030,E02002987,6,11780,1440
bristol,other,driving,E02003028,E02003007,4,28408,2574
bristol,other,driving,E02003028,E02002991,15,37739,2542
bristol,other,driving,E02003029,E02002992,10,15185,1553
bristol,other,driving,E02003028,E02002992,8,20832,2273
bristol,other,driving,E02003029,E02003007,2,23874,2271
bristol,other,driving,E02003027,E02002987,6,13965,1619
bristol,other,driving,E02003030,E02003007,1,24567,2460
bristol,other,driving,E02003037,E02002987,1,16585,1852
bristol,other,driving,E02003025,E02002991,4,35044,2189
bristol,other,driving,E02003027,E02002991,10,35475,2308
bristol,other,driving,E02003026,E02002991,7,43673,2759
bristol,other,driving,E02003030,E02002992,5,16631,1756
bristol,other,driving,E02003024,E02002991,7,18773,1808
bristol,other,driving,E02003028,E02002987,1,14688,1790
bristol,other,driving,E02003024,E02002987,4,14195,1329
bristol,other,passenger,E02003024,E02002987,2,14195,1329
bristol,other,driving,E02003026,E02002992,6,25013,2486
bristol,other,driving,E02003024,E02002992,12,17639,1786
bristol,other,passenger,E02003024,E02002992,1,17639,1786
bristol,other,driving,E02003021,E02002987,4,14458,1708
bristol,other,driving,E02003025,E02003007,2,25700,2644
bristol,other,driving,E02003021,E02002991,5,35401,2250
bristol,other,passenger,E02003021,E02002991,2,35401,2250
bristol,other,driving,E02003027,E02002992,13,20110,2102
bristol,other,driving,E02003026,E02002987,3,18868,2003
bristol,other,driving,E02003023,E02002991,7,20701,2121
bristol,other,driving,E02003025,E02002987,1,14949,1646
bristol,other,driving,E02003024,E02003007,3,28100,2416
bristol,other,driving,E02003023,E02003007,3,25797,2651
bristol,other,driving,E02003021,E02002992,8,19379,2210
bristol,other,driving,E02003022,E02003007,3,30036,2793
bristol,other,driving,E02003027,E02003007,3,24750,2660
bristol,other,driving,E02003022,E02002987,2,15369,1867
bristol,other,driving,E02003019,E02002991,2,45619,2441
bristol,other,driving,E02003022,E02002992,7,21513,2351
bristol,other,driving,E02003023,E02002992,8,18388,2086
bristol,other,driving,E02003032,E02003007,2,23641,2261
bristol,other,passenger,E02003032,E02003007,1,23641,2261
bristol,other,driving,E02003020,E02002991,3,42588,2612
bristol,other,passenger,E02003020,E02002991,2,42588,2612
bristol,other,driving,E02003037,E02002992,13,22730,2335
bristol,other,driving,E02003019,E02003007,2,31378,2762
bristol,other,passenger,E02003019,E02003007,1,31378,2762
bristol,other,driving,E02003020,E02002992,4,23228,2627
bristol,other,passenger,E02003023,E02002987,3,15046,1653
bristol,other,driving,E02003017,E02002991,3,35465,2466
bristol,other,driving,E02003016,E02002992,2,25291,2209
bristol,other,driving,E02003018,E02002987,2,19373,2023
bristol,other,driving,E02003016,E02003007,4,26869,2839
bristol,other,driving,E02003018,E02002991,3,43679,2639
bristol,other,passenger,E02003018,E02002991,2,43679,2639
bristol,other,driving,E02003017,E02002992,4,22393,2381
bristol,other,driving,E02003022,E02002991,7,36025,2566
bristol,other,driving,E02003015,E02002987,2,15428,1907
bristol,other,driving,E02003020,E02003007,1,31044,2775
bristol,other,driving,E02003026,E02003007,2,29642,2583
bristol,other,driving,E02003012,E02002991,5,39990,2278
bristol,other,passenger,E02003012,E02002991,1,39990,2278
bristol,other,driving,E02003030,E02001097,2,257317,9771
bristol,other,driving,E02003013,E02002991,4,34413,2322
bristol,other,driving,E02003015,E02002991,6,34546,2407
bristol,other,driving,E02003016,E02002987,1,15376,1822
bristol,other,driving,E02003013,E02002992,2,26892,2374
bristol,other,driving,E02003019,E02002987,1,20604,2182
bristol,other,driving,E02003013,E02003007,5,31970,2993
bristol,other,passenger,E02003013,E02003007,1,31970,2993
bristol,other,driving,E02003019,E02002992,1,26749,2665
bristol,other,driving,E02003018,E02003007,1,30147,2603
bristol,other,driving,E02003015,E02002992,1,21572,2390
bristol,other,driving,E02003037,E02001097,14,259001,10326
bristol,other,passenger,E02003037,E02001097,1,259001,10326
bristol,other,driving,E02003025,E02002992,2,19021,2148
bristol,other,driving,E02003014,E02002991,1,46656,2588
bristol,other,driving,E02003021,E02003007,1,26057,2705
bristol,other,driving,E02003012,E02003007,5,32345,3031
bristol,other,passenger,E02003012,E02003007,1,32345,3031
bristol,other,driving,E02003015,E02003007,1,27052,2923
bristol,other,driving,E02003016,E02002991,6,32812,2157
bristol,other,driving,E02003031,E02001097,3,259538,10067
bristol,other,driving,E02003012,E02002992,12,40113,2379
bristol,other,driving,E02003028,E02001097,17,257619,10121
bristol,other,passenger,E02003028,E02001097,1,257619,10121
bristol,other,passenger,E02003014,E02002992,1,27010,2707
bristol,other,driving,E02003014,E02003007,3,31640,2804
bristol,other,driving,E02003036,E02001097,6,259691,10110
bristol,other,driving,E02003029,E02001097,4,256341,9980
bristol,other,driving,E02003033,E02001097,11,260919,10202
bristol,other,passenger,E02003033,E02001097,1,260919,10202
bristol,other,driving,E02003032,E02001097,5,259192,10053
bristol,other,driving,E02003023,E02001097,5,255469,9899
bristol,other,driving,E02003026,E02001097,6,257047,10085
bristol,other,driving,E02003025,E02001097,1,258152,9896
bristol,other,driving,E02003020,E02001097,7,255962,9937
bristol,other,passenger,E02003020,E02001097,1,255962,9937
bristol,other,driving,E02003015,E02001097,5,253964,9945
bristol,other,driving,E02003019,E02001097,5,258994,9766
bristol,other,driving,E02003016,E02001097,10,253429,9859
bristol,other,driving,E02003022,E02001097,5,255442,10104
bristol,other,driving,E02003018,E02001097,6,257053,9964
bristol,other,driving,E02003012,E02001097,15,253365,9603
bristol,other,driving,E02003027,E02001097,11,258583,10015
bristol,other,driving,E02003024,E02001097,5,256188,9929
bristol,other,taxi,E02003017,E02001097,1,255486,9865
bristol,other,driving,E02003017,E02001097,5,255486,9865
bristol,other,driving,E02003021,E02001097,7,258510,9957
bristol,other,driving,E02003014,E02001097,1,260031,9913
bristol,other,driving,E02003013,E02001097,12,255541,9795
bristol,other,foot,E02003032,E02003117,7,2699,2361
bristol,other,foot,E02003029,E02003117,5,2543,2231
bristol,other,foot,E02003029,E02003106,6,5617,4630
bristol,other,foot,E02003036,E02003094,4,12134,10023
bristol,other,foot,E02003030,E02003106,9,5284,4446
bristol,other,foot,E02003032,E02003106,10,6223,5184
bristol,other,foot,E02003033,E02003106,2,8066,6716
bristol,other,foot,E02003032,E02003107,1,6758,5702
bristol,other,foot,E02003036,E02003106,4,7745,6485
bristol,other,foot,E02003034,E02003106,12,7030,5931
bristol,other,foot,E02003037,E02003094,1,11629,9579
bristol,other,foot,E02003028,E02003106,5,7041,5772
bristol,other,foot,E02003031,E02003106,7,6658,5594
bristol,other,foot,E02003027,E02003117,3,7661,6576
bristol,other,foot,E02003026,E02003094,1,9832,8113
bristol,other,foot,E02003037,E02003107,1,6884,5775
bristol,other,foot,E02003028,E02003107,2,4999,4108
bristol,other,foot,E02003012,E02003094,25,6046,4922
bristol,other,foot,E02003031,E02003107,5,4704,3998
bristol,other,foot,E02003031,E02003117,1,7586,6548
bristol,other,foot,E02003024,E02003106,26,4791,3994
bristol,other,foot,E02003029,E02003107,3,6688,5668
bristol,other,foot,E02003027,E02003107,3,3818,3208
bristol,other,foot,E02003025,E02003106,27,4457,3647
bristol,other,foot,E02003034,E02003094,3,12723,10585
bristol,other,foot,E02003025,E02003107,5,3299,2743
bristol,other,foot,E02003033,E02003094,2,11401,9410
bristol,other,foot,E02003027,E02003106,21,5773,4804
bristol,other,foot,E02003020,E02003107,2,5120,4392
bristol,other,foot,E02003030,E02003117,3,4061,3569
bristol,other,foot,E02003034,E02003117,2,6187,5444
bristol,other,foot,E02003023,E02003106,77,3697,3186
bristol,other,foot,E02003026,E02003107,1,6253,5316
bristol,other,foot,E02003024,E02003117,4,4107,3576
bristol,other,foot,E02003033,E02003107,4,6112,5120
bristol,other,foot,E02003025,E02003094,1,11743,9657
bristol,other,foot,E02003021,E02003106,24,4831,4004
bristol,other,foot,E02003022,E02003106,6,6375,5253
bristol,other,foot,E02003022,E02003117,2,9063,7646
bristol,other,foot,E02003017,E02003094,1,8141,6694
bristol,other,foot,E02003037,E02003106,3,8896,7429
bristol,other,foot,E02003023,E02003107,1,4232,3704
bristol,other,foot,E02003027,E02003094,2,10774,8913
bristol,other,foot,E02003031,E02003094,5,11265,9405
bristol,other,foot,E02003019,E02003094,4,10696,8760
bristol,other,foot,E02003025,E02003117,3,7389,6369
bristol,other,foot,E02003022,E02003107,1,4067,3384
bristol,other,foot,E02003019,E02003106,1,11390,9512
bristol,other,foot,E02003016,E02003107,34,1726,1395
bristol,other,foot,E02003017,E02003107,1,3999,3397
bristol,other,foot,E02003021,E02003117,1,7747,6613
bristol,other,foot,E02003013,E02003107,41,2849,2394
bristol,other,foot,E02003015,E02003094,2,9381,7619
bristol,other,foot,E02003021,E02003107,21,2877,2408
bristol,other,foot,E02003015,E02003106,21,4997,4119
bristol,other,foot,E02003015,E02003107,18,2955,2455
bristol,other,foot,E02003018,E02003106,1,8843,7391
bristol,other,foot,E02003017,E02003106,2,6307,5266
bristol,other,foot,E02003016,E02003106,81,3662,2994
bristol,other,foot,E02003014,E02003094,2,8830,7268
bristol,other,foot,E02003016,E02003117,9,8025,6931
bristol,other,foot,E02003013,E02003106,22,5154,4255
bristol,other,foot,E02003012,E02003106,2,6977,5821
bristol,other,foot,E02003013,E02003094,7,7935,6464
bristol,other,foot,E02003013,E02003117,3,10332,8770
bristol,other,foot,E02003019,E02003117,2,14545,12383
bristol,other,foot,E02003012,E02003107,8,4672,3961
bristol,other,foot,E02003015,E02001097,5,238332,195162
bristol,other,foot,E02003013,E02001097,8,238151,195001
bristol,other,foot,E02003022,E02001097,1,239380,196006
bristol,other,foot,E02003016,E02001097,5,237794,194613
bristol,other,driving,E02003013,E02003004,3,6509,1012
bristol,other,passenger,E02003013,E02003004,1,6509,1012
bristol,other,driving,E02003028,E02006645,6,5571,697
bristol,other,passenger,E02003028,E02006645,4,5571,697
bristol,other,driving,E02003032,E02003109,2,11923,1484
bristol,other,driving,E02003037,W02000398,5,4043,588
bristol,other,passenger,E02003037,W02000398,1,4043,588
bristol,other,driving,E02003037,E02003235,2,5953,991
bristol,other,driving,E02003037,E02003003,1,4991,840
bristol,other,driving,E02003037,E02003219,14,3159,610
bristol,other,driving,E02003037,E02003004,4,6781,996
bristol,other,driving,E02003037,E02003233,3,6970,896
bristol,other,passenger,E02003037,E02003233,1,6970,896
bristol,other,driving,E02003037,E02003104,2,5671,912
bristol,other,passenger,E02003037,E02003104,2,5671,912
bristol,other,driving,E02003037,E02002993,4,3768,546
bristol,other,driving,E02003037,E02003006,2,3751,597
bristol,other,driving,E02003037,E02002986,3,22730,2335
bristol,other,driving,E02003036,E02003069,1,1394,238
bristol,other,driving,E02003036,E02005684,1,2162,472
bristol,other,driving,E02003037,E02006652,2,259001,10326
bristol,other,driving,E02003036,E02003004,1,4890,784
bristol,other,driving,E02003036,E02003219,8,1676,377
bristol,other,driving,E02003036,E02003006,1,3661,571
bristol,other,driving,E02003036,E02004672,1,36583,2402
bristol,other,driving,E02003036,E02003104,1,4181,840
bristol,other,driving,E02003034,E02003069,1,2925,557
bristol,other,driving,E02003034,E02006660,3,2822,560
bristol,other,passenger,E02003034,E02006660,3,2822,560
bristol,other,driving,E02003034,E02003235,3,3537,582
bristol,other,driving,E02003034,E02003006,4,4029,703
bristol,other,driving,E02003034,E02004625,2,5056,786
bristol,other,passenger,E02003034,E02004625,1,5056,786
bristol,other,driving,E02003034,E02003233,2,8771,1215
bristol,other,passenger,E02003034,E02003233,1,8771,1215
bristol,other,driving,E02003034,E02003112,2,5931,926
bristol,other,driving,E02003034,E02003005,6,2282,435
bristol,other,driving,E02003033,E02003235,3,4946,852
bristol,other,driving,E02003033,E02003005,3,2900,526
bristol,other,driving,E02003032,E02003219,1,5245,758
bristol,other,driving,E02003032,E02006660,5,7756,1231
bristol,other,driving,E02003032,E02004625,1,10083,1487
bristol,other,driving,E02003032,E02003005,4,6432,1045
bristol,other,passenger,E02003032,E02003005,1,6432,1045
bristol,other,driving,E02003032,E02003233,1,26298,1579
bristol,other,passenger,E02003032,E02003233,1,26298,1579
bristol,other,driving,E02003032,E02002986,3,14953,1543
bristol,other,driving,E02003031,E02004672,3,36429,2359
bristol,other,driving,E02003037,E02003069,4,1396,293
bristol,other,driving,E02003031,E02003069,10,1414,326
bristol,other,passenger,E02003031,E02003069,1,1414,326
bristol,other,driving,E02003031,E02006660,5,1771,298
bristol,other,driving,E02003031,E02003006,9,2781,451
bristol,other,driving,E02003031,E02005684,2,1804,419
bristol,other,driving,E02003031,E02002993,4,3856,553
bristol,other,driving,E02003031,E02003233,6,7519,992
bristol,other,driving,E02003031,E02003104,3,4362,693
bristol,other,driving,E02003031,E02006645,6,6982,920
bristol,other,passenger,E02003031,E02006645,2,6982,920
bristol,other,driving,E02003031,E02002986,3,19523,2090
bristol,other,driving,E02003031,E02006652,9,259538,10067
bristol,other,driving,E02003032,E02003112,2,10091,1247
bristol,other,driving,E02003030,E02002993,5,5909,881
bristol,other,driving,E02003030,E02005684,1,3645,605
bristol,other,driving,E02003031,W02000350,1,13378,1607
bristol,other,driving,E02003030,E02003109,5,8341,1238
bristol,other,driving,E02003030,E02003104,1,4515,718
bristol,other,driving,E02003037,E02005684,7,3440,655
bristol,other,driving,E02003037,E02003005,5,3552,651
bristol,other,driving,E02003029,E02003219,1,5866,835
bristol,other,driving,E02003029,E02006660,1,8377,1308
bristol,other,driving,E02003037,E02004625,2,2933,434
bristol,other,driving,E02003037,E02006660,6,2151,374
bristol,other,driving,E02003029,E02003005,2,7053,1122
bristol,other,passenger,E02003029,E02003005,1,7053,1122
bristol,other,driving,E02003030,E02004672,5,20637,2030
bristol,other,passenger,E02003030,E02004672,2,20637,2030
bristol,other,driving,E02003032,E02003004,2,2011,311
bristol,other,driving,E02003033,E02005684,6,2433,516
bristol,other,driving,E02003029,E02002986,3,15185,1553
bristol,other,driving,E02003028,E02003004,6,6173,942
bristol,other,driving,E02003029,E02004672,2,17749,1604
bristol,other,driving,E02003028,E02005684,4,2035,340
bristol,other,driving,E02003015,E02003233,3,7628,1027
bristol,other,driving,E02003029,E02003233,1,23446,1506
bristol,other,driving,E02003028,E02003005,5,1971,358
bristol,other,driving,E02003037,E02006645,13,6433,823
bristol,other,passenger,E02003037,E02006645,5,6433,823
bristol,other,driving,E02003028,E02003233,7,6109,770
bristol,other,passenger,E02003028,E02003233,1,6109,770
bristol,other,driving,E02003033,E02004625,1,2980,457
bristol,other,driving,E02003036,E02006660,1,2239,328
bristol,other,driving,E02003036,E02003005,1,3024,540
bristol,other,driving,E02003036,E02004625,3,4058,537
bristol,other,driving,E02003028,E02003235,2,4432,711
bristol,other,driving,E02003028,E02004625,2,2394,341
bristol,other,driving,E02003036,E02002993,3,4285,574
bristol,other,passenger,E02003036,E02002993,1,4285,574
bristol,other,driving,E02003028,E02003003,1,2840,466
bristol,other,driving,E02003036,E02003233,3,7773,966
bristol,other,driving,E02003028,W02000398,1,2668,412
bristol,other,driving,E02003033,E02002993,5,3577,498
bristol,other,driving,E02003033,E02006660,3,1532,253
bristol,other,driving,E02003027,E02003005,4,977,197
bristol,other,driving,E02003028,E02006652,1,257619,10121
bristol,other,driving,E02003027,E02003004,2,3766,643
bristol,other,driving,E02003028,E02003109,2,4636,642
bristol,other,driving,E02003027,E02003219,4,2664,468
bristol,other,driving,E02003014,E02003005,2,7179,1000
bristol,other,passenger,E02003014,E02003005,1,7179,1000
bristol,other,driving,E02003028,E02002986,1,20832,2273
bristol,other,driving,E02003033,E02006645,5,6528,818
bristol,other,passenger,E02003033,E02006645,5,6528,818
bristol,other,driving,E02003027,E02004625,7,3900,617
bristol,other,passenger,E02003027,E02004625,2,3900,617
bristol,other,driving,E02003032,E02003006,2,7940,1214
bristol,other,driving,E02003034,E02006645,3,8234,1143
bristol,other,passenger,E02003034,E02006645,6,8234,1143
bristol,other,driving,E02003036,E02006645,10,7236,894
bristol,other,passenger,E02003036,E02006645,3,7236,894
bristol,other,driving,E02003031,E02003219,2,1523,334
bristol,other,driving,E02003034,E02002993,1,5082,769
bristol,other,driving,E02003027,E02002993,4,3064,447
bristol,other,passenger,E02003027,E02002993,1,3064,447
bristol,other,driving,E02003027,E02003003,6,1151,260
bristol,other,driving,E02003027,E02003233,5,7615,1046
bristol,other,driving,E02003027,E02006645,10,7078,974
bristol,other,passenger,E02003027,E02006645,3,7078,974
bristol,other,driving,E02003027,E02003104,6,2158,411
bristol,other,passenger,E02003027,E02003104,1,2158,411
bristol,other,driving,E02003027,E02003109,4,5744,840
bristol,other,passenger,E02003027,E02003109,1,5744,840
bristol,other,driving,E02003036,W02000398,3,4560,615
bristol,other,driving,E02003027,W02000350,1,13965,1619
bristol,other,driving,E02003027,E02006652,7,258583,10015
bristol,other,passenger,E02003027,E02006652,1,258583,10015
bristol,other,driving,E02003033,E02003233,3,7066,891
bristol,other,driving,E02003031,E02003109,2,6047,864
bristol,other,driving,E02003026,E02003005,2,4005,655
bristol,other,driving,E02003026,E02005684,2,4070,638
bristol,other,driving,E02003026,E02003235,3,6467,1009
bristol,other,driving,E02003026,E02003006,1,3160,464
bristol,other,driving,E02003026,E02003004,2,8208,1239
bristol,other,driving,E02003031,E02004625,2,3804,563
bristol,other,driving,E02003026,E02003233,5,4426,561
bristol,other,driving,E02003030,E02003006,2,6065,932
bristol,other,passenger,E02003031,E02003004,1,4737,741
bristol,other,driving,E02003026,E02002993,6,2300,346
bristol,other,driving,E02003026,W02000398,5,1563,275
bristol,other,driving,E02003033,E02003004,3,6118,876
bristol,other,driving,E02003031,W02000398,4,4078,635
bristol,other,driving,E02003031,E02003112,1,5824,825
bristol,other,driving,E02003026,E02003109,1,4064,606
bristol,other,driving,E02003026,W02000350,3,18868,2003
bristol,other,driving,E02003025,E02003069,1,4461,873
bristol,other,driving,E02003029,E02003004,1,2632,388
bristol,other,driving,E02003025,E02003005,1,3047,548
bristol,other,driving,E02003026,E02006652,1,257047,10085
bristol,other,driving,E02003025,W02000398,1,5882,928
bristol,other,driving,E02003025,E02003006,1,4745,720
bristol,other,driving,E02003025,E02006645,1,9319,1266
bristol,other,driving,E02003025,E02004672,2,35044,2189
bristol,other,driving,E02003024,E02003219,1,5324,842
bristol,other,driving,E02003025,E02003104,5,2177,365
bristol,other,driving,E02003024,E02003005,2,6512,1129
bristol,other,driving,E02003024,E02006660,5,8622,1251
bristol,other,driving,E02003033,E02003219,7,2687,500
bristol,other,driving,E02003024,E02003235,1,6086,856
bristol,other,driving,E02003034,E02002986,6,18112,1806
bristol,other,driving,E02003027,E02002986,5,20110,2102
bristol,other,driving,E02003024,E02003104,3,7622,946
bristol,other,passenger,E02003024,E02003104,1,7622,946
bristol,other,driving,E02003024,E02003004,4,2091,395
bristol,other,driving,E02003024,E02006645,5,24565,1621
bristol,other,passenger,E02003024,E02006645,1,24565,1621
bristol,other,driving,E02003024,E02003233,1,23293,1455
bristol,other,driving,E02003024,E02003109,10,11048,1347
bristol,other,passenger,E02003024,E02003109,1,11048,1347
bristol,other,driving,E02003027,E02003069,2,2392,522
bristol,other,driving,E02003028,E02003069,10,1519,252
bristol,other,driving,E02003029,E02003112,2,10337,1253
bristol,other,passenger,E02003029,E02003112,1,10337,1253
bristol,other,driving,E02003030,E02003112,4,6509,1002
bristol,other,passenger,E02003030,E02003112,3,6509,1002
bristol,other,driving,E02003029,E02002993,4,8404,1240
bristol,other,driving,E02003024,E02006652,2,256188,9929
bristol,other,driving,E02003027,E02006660,9,1867,350
bristol,other,driving,E02003028,E02003219,7,2832,517
bristol,other,driving,E02003032,E02002993,2,7784,1163
bristol,other,driving,E02003023,E02003004,2,3432,532
bristol,other,driving,E02003023,E02006660,3,6749,1062
bristol,other,passenger,E02003023,E02006660,1,6749,1062
bristol,other,driving,E02003023,E02005684,2,4512,718
bristol,other,driving,E02003023,W02000398,1,8069,1254
bristol,other,passenger,E02003023,W02000398,1,8069,1254
bristol,other,driving,E02003027,E02003235,5,2457,454
bristol,other,driving,E02003023,E02002993,4,6776,995
bristol,other,driving,E02003030,E02006660,2,5881,948
bristol,other,passenger,E02003029,E02003069,1,8521,1254
bristol,other,driving,E02003023,E02003109,3,9175,1158
bristol,other,driving,E02003030,E02003069,5,6025,894
bristol,other,driving,E02003023,E02003112,1,7343,921
bristol,other,driving,E02003030,E02006645,1,10639,1478
bristol,other,driving,E02003023,E02003006,4,6932,1045
bristol,other,driving,E02003028,E02003104,4,3520,538
bristol,other,driving,E02003023,E02002986,1,18388,2086
bristol,other,driving,E02003027,E02003006,5,2104,366
bristol,other,driving,E02003022,E02003005,4,2574,454
bristol,other,driving,E02003026,E02006660,3,2396,376
bristol,other,driving,E02003022,E02003219,2,3842,675
bristol,other,driving,E02003023,E02004672,13,20701,2121
bristol,other,driving,E02003028,E02002993,4,2446,330
bristol,other,driving,E02003030,E02004625,1,8208,1204
bristol,other,driving,E02003030,E02003005,1,4557,762
bristol,other,driving,E02003022,E02003233,2,6950,881
bristol,other,driving,E02003022,E02003104,3,3952,587
bristol,other,driving,E02003029,E02003109,4,12169,1489
bristol,other,driving,E02003029,E02003104,1,7011,1078
bristol,other,passenger,E02003029,E02003104,1,7011,1078
bristol,other,driving,E02003022,E02006645,4,6136,795
bristol,other,driving,E02003022,W02000350,6,15369,1867
bristol,other,driving,E02003021,E02006660,2,2477,431
bristol,other,driving,E02003032,E02004672,3,18143,1760
bristol,other,driving,E02003026,E02003069,2,3076,491
bristol,other,driving,E02003029,W02000350,1,13171,1125
bristol,other,driving,E02003027,W02000398,1,3588,608
bristol,other,driving,E02003021,E02003104,5,1197,216
bristol,other,driving,E02003021,E02002993,4,2505,364
bristol,other,driving,E02003021,E02006645,3,7235,960
bristol,other,passenger,E02003021,E02006645,3,7235,960
bristol,other,driving,E02003026,E02003104,1,5692,833
bristol,other,driving,E02003030,E02002986,5,16631,1756
bristol,other,driving,E02003020,E02003069,3,4086,614
bristol,other,driving,E02003026,E02006645,1,3889,488
bristol,other,driving,E02003021,E02004672,2,35401,2250
bristol,other,driving,E02003032,E02006645,2,12514,1760
bristol,other,driving,E02003020,E02003004,1,7530,1147
bristol,other,driving,E02003033,E02004672,1,37811,2494
bristol,other,driving,E02003020,E02004625,1,1563,256
bristol,other,driving,E02003025,E02002993,1,4589,669
bristol,other,driving,E02003020,E02003235,1,5789,916
bristol,other,driving,E02003020,E02006660,4,2757,434
bristol,other,driving,E02003020,E02003233,3,4945,650
bristol,other,driving,E02003020,E02006645,4,4408,578
bristol,other,driving,E02003021,E02003069,4,3996,683
bristol,other,passenger,E02003021,E02003069,1,3996,683
bristol,other,driving,E02003020,E02004672,2,42588,2612
bristol,other,driving,E02003025,E02003004,5,3335,524
bristol,other,driving,E02003020,E02006652,1,255962,9937
bristol,other,driving,E02003019,E02003005,2,7716,1054
bristol,other,driving,E02003019,E02003004,3,24899,1324
bristol,other,driving,E02003019,E02006660,2,6106,775
bristol,other,driving,E02003019,E02002993,2,5472,670
bristol,other,driving,E02003023,E02003104,2,5749,758
bristol,other,driving,E02003019,W02000350,1,20604,2182
bristol,other,driving,E02003023,E02003005,2,5234,873
bristol,other,driving,E02003027,E02004672,3,35475,2308
bristol,other,driving,E02003025,E02003112,2,4391,686
bristol,other,driving,E02003018,E02003004,1,8974,1219
bristol,other,driving,E02003018,E02004625,1,2411,314
bristol,other,driving,E02003019,E02004672,2,45619,2441
bristol,other,driving,E02003018,E02002993,3,2779,337
bristol,other,driving,E02003018,E02003233,1,2693,339
bristol,other,driving,E02003018,E02003104,2,6333,794
bristol,other,driving,E02003036,E02002986,3,19676,2133
bristol,other,driving,E02003020,E02003104,2,4726,752
bristol,other,driving,E02003021,E02003235,1,2383,397
bristol,other,driving,E02003021,E02005684,3,1132,257
bristol,other,driving,E02003024,E02003112,5,9216,1110
bristol,other,passenger,E02003024,E02003112,2,9216,1110
bristol,other,driving,E02003024,W02000398,1,9942,1442
bristol,other,driving,E02003022,E02006660,2,1422,253
bristol,other,driving,E02003018,E02006652,2,257053,9964
bristol,other,driving,E02003023,E02003233,1,22574,1425
bristol,other,driving,E02003029,E02006645,2,24718,1672
bristol,other,driving,E02003017,E02003005,2,3811,605
bristol,other,driving,E02003022,E02003235,1,5014,752
bristol,other,driving,E02003017,E02003233,3,5289,675
bristol,other,passenger,E02003017,E02003233,1,5289,675
bristol,other,driving,E02003022,E02003069,5,2940,505
bristol,other,driving,E02003022,E02002993,2,1406,199
bristol,other,driving,E02003017,E02002986,3,22393,2381
bristol,other,driving,E02003016,E02003004,5,4505,720
bristol,other,driving,E02003024,E02004625,2,10949,1507
bristol,other,passenger,E02003025,E02003233,1,9878,1344
bristol,other,driving,E02003020,E02002993,2,1335,265
bristol,other,driving,E02003021,E02003219,1,3158,557
bristol,other,driving,E02003021,E02003004,2,3693,586
bristol,other,passenger,E02003016,E02006660,1,3514,575
bristol,other,driving,E02003021,E02003005,3,2022,416
bristol,other,driving,E02003017,E02004672,4,35465,2466
bristol,other,driving,E02003024,E02004672,17,18773,1808
bristol,other,driving,E02003024,E02003069,3,7980,1261
bristol,other,driving,E02003020,E02003109,1,2979,458
bristol,other,driving,E02003015,E02003005,1,2991,615
bristol,other,passenger,E02003015,E02003005,1,2991,615
bristol,other,driving,E02003018,E02006660,1,3857,484
bristol,other,driving,E02003020,E02003005,2,4366,713
bristol,other,driving,E02003015,E02003006,1,2579,398
bristol,other,driving,E02003020,E02005684,3,3588,607
bristol,other,driving,E02003015,E02003004,2,4687,803
bristol,other,driving,E02003021,E02003233,3,7794,1039
bristol,other,driving,E02003015,E02003219,2,4127,756
bristol,other,driving,E02003022,E02003004,2,6755,983
bristol,other,driving,E02003015,E02003109,1,3726,549
bristol,other,driving,E02003023,W02000350,1,15046,1653
bristol,other,driving,E02003018,E02003006,1,4201,535
bristol,other,driving,E02003018,E02003069,3,5046,651
bristol,other,driving,E02003014,E02006660,1,5569,721
bristol,other,driving,E02003014,E02003006,1,6333,810
bristol,other,driving,E02003019,E02005684,2,7780,1037
bristol,other,driving,E02003017,W02000398,2,1293,259
bristol,other,driving,E02003019,E02003069,3,7295,943
bristol,other,driving,E02003014,E02003233,1,2420,348
bristol,other,driving,E02003019,E02003112,1,6639,774
bristol,other,passenger,E02003019,E02003112,1,6639,774
bristol,other,driving,E02003018,E02003005,3,5467,763
bristol,other,driving,E02003017,E02004625,1,2300,324
bristol,other,driving,E02003017,E02006660,2,2482,351
bristol,other,driving,E02003024,E02002986,7,17639,1786
bristol,other,passenger,E02003024,E02002986,1,17639,1786
bristol,other,driving,E02003017,E02003069,1,3754,551
bristol,other,driving,E02003017,E02003003,2,2574,395
bristol,other,driving,E02003013,E02002993,4,2420,321
bristol,other,driving,E02003013,E02003109,2,2558,316
bristol,other,passenger,E02003013,E02003109,1,2558,316
bristol,other,driving,E02003018,E02003219,2,6329,921
bristol,other,driving,E02003021,E02004625,4,4805,687
bristol,other,driving,E02003012,E02006652,4,253365,9603
bristol,other,driving,E02003013,E02006652,3,255541,9795
bristol,other,driving,E02003020,E02003112,1,2855,413
bristol,other,driving,E02003012,E02003005,3,6397,921
bristol,other,driving,E02003018,E02005684,2,5374,727
bristol,other,driving,E02003012,E02006660,2,4787,642
bristol,other,driving,E02003012,E02003004,3,8334,1227
bristol,other,driving,E02003012,E02003006,2,4174,582
bristol,other,driving,E02003016,E02003112,3,2376,339
bristol,other,driving,E02003012,E02003112,3,2598,302
bristol,other,driving,E02003012,E02006645,1,3551,516
bristol,other,driving,E02003012,E02003233,2,5623,661
bristol,other,driving,E02003012,W02000398,2,3042,450
bristol,other,driving,E02003012,E02002986,1,40113,2379
bristol,other,driving,E02003016,E02003219,1,4075,671
bristol,other,driving,E02003017,E02003112,1,2256,313
bristol,other,driving,E02003017,E02005684,4,2921,446
bristol,other,passenger,E02003017,E02005684,1,2921,446
bristol,other,driving,E02003016,E02002993,1,3409,486
bristol,other,driving,E02003017,E02006645,1,4730,597
bristol,other,driving,E02003020,W02000350,1,17084,2144
bristol,other,driving,E02003015,E02004625,1,4723,671
bristol,other,driving,E02003016,E02003069,1,5032,826
bristol,other,driving,E02003015,E02006660,1,3089,542
bristol,other,driving,E02003015,E02003069,1,4607,794
bristol,other,driving,E02003036,E02006652,4,259691,10110
bristol,other,passenger,E02003036,E02006652,3,259691,10110
bristol,other,taxi,E02003022,E02002986,1,21513,2351
bristol,other,driving,E02003022,E02002986,4,21513,2351
bristol,other,driving,E02003017,E02003004,2,6196,882
bristol,other,driving,E02003015,E02002993,1,2423,347
bristol,other,driving,E02003018,E02004672,3,43679,2639
bristol,other,driving,E02003015,E02005684,2,2101,456
bristol,other,driving,E02003016,E02006645,3,7663,997
bristol,other,driving,E02003016,E02005684,1,2139,438
bristol,other,driving,E02003013,E02003005,2,4813,823
bristol,other,driving,E02003014,E02003069,4,6758,889
bristol,other,driving,E02003012,E02002993,1,2727,372
bristol,other,driving,E02003012,E02004625,1,4127,570
bristol,other,driving,E02003014,E02003104,4,8325,1060
bristol,other,driving,E02003013,E02003006,2,3031,445
bristol,other,driving,E02003015,E02002986,4,21572,2390
bristol,other,driving,E02003012,E02003219,3,7258,1079
bristol,other,driving,E02003015,E02003104,3,1705,331
bristol,other,driving,E02003013,E02003219,1,5949,964
bristol,other,driving,E02003012,E02003104,1,4211,570
bristol,other,driving,E02003012,E02005684,2,5618,815
bristol,other,driving,E02003015,E02006645,1,7182,971
bristol,other,passenger,E02003015,E02006645,1,7182,971
bristol,other,driving,E02003012,E02003069,4,6066,837
bristol,other,driving,E02003030,E02006652,3,257317,9771
bristol,other,driving,E02003018,W02000350,2,19373,2023
bristol,other,driving,E02003013,E02003233,1,6500,779
bristol,other,driving,E02003013,W02000350,1,23514,1906
bristol,other,driving,E02003015,W02000350,1,15428,1907
bristol,other,driving,E02003016,E02002986,3,25291,2209
bristol,other,driving,E02003013,E02003104,3,2386,355
bristol,other,driving,E02003023,E02006652,2,255469,9899
bristol,other,driving,E02003029,E02006652,1,256341,9980
bristol,other,driving,E02003014,E02003004,3,10967,1485
bristol,other,passenger,E02003014,E02003004,1,10967,1485
bristol,other,driving,E02003013,E02004672,1,34413,2322
bristol,other,driving,E02003022,E02005684,2,2104,367
bristol,other,driving,E02003034,E02006652,1,258127,9782
bristol,other,driving,E02003033,E02006652,1,260919,10202
bristol,other,driving,E02003032,E02006652,2,259192,10053
bristol,other,driving,E02003022,E02006652,6,255442,10104
bristol,other,driving,E02003017,E02006652,3,255486,9865
bristol,other,driving,E02003014,E02006652,1,260031,9913
bristol,other,driving,E02003013,E02006660,3,4435,637
bristol,other,driving,E02003016,E02006652,3,253429,9859
bristol,other,driving,E02003015,E02006652,1,253964,9945
bristol,other,driving,E02003021,E02006652,2,258510,9957
bristol,other,driving,E02003025,E02004655,1,2580,456
bristol,other,passenger,E02003015,E02004609,1,7182,971
bristol,other,driving,E02003021,E02004655,2,1542,290
bristol,other,driving,E02003037,E02003011,1,1396,293
bristol,other,driving,E02003037,E02004609,1,6433,823
bristol,other,driving,E02003037,E02006659,3,2151,374
bristol,other,passenger,E02003037,E02006659,1,2151,374
bristol,other,driving,E02003037,E02003223,1,6018,847
bristol,other,passenger,E02003036,E02006659,2,2239,328
bristol,other,taxi,E02003036,E02005863,11,7773,966
bristol,other,driving,E02003034,E02003223,2,7097,1126
bristol,other,driving,E02003034,E02003073,1,3326,457
bristol,other,passenger,E02003034,E02003073,1,3326,457
bristol,other,driving,E02003036,E02003002,1,19676,2133
bristol,other,driving,E02003036,E02004608,3,259691,10110
bristol,other,driving,E02003036,E02004609,1,7236,894
bristol,taunton,driving,E02003034,E02006104,2,4068,655
bristol,other,driving,E02003033,E02003073,2,6118,876
bristol,other,driving,E02003033,E02006659,2,1532,253
bristol,other,passenger,E02003033,E02006659,2,1532,253
bristol,taunton,driving,E02003033,E02006109,5,3577,498
bristol,other,driving,E02003033,E02004637,4,3852,540
bristol,other,driving,E02003033,E02004609,7,6528,818
bristol,other,driving,E02003032,E02003000,3,5221,837
bristol,other,driving,E02003032,E02003096,2,3345,562
bristol,other,passenger,E02003032,E02003096,2,3345,562
bristol,other,driving,E02003031,E02000001,1,6628,1104
bristol,other,driving,E02003032,E02004608,2,259192,10053
bristol,other,driving,E02003031,E02003223,6,6047,864
bristol,other,passenger,E02003031,E02003223,1,6047,864
bristol,other,driving,E02003030,E02006659,1,5881,948
bristol,other,driving,E02003037,E02002995,2,4991,840
bristol,other,driving,E02003030,E02004637,3,7201,1140
bristol,other,driving,E02003030,E02003000,4,3346,554
bristol,other,driving,E02003030,E02002995,4,3703,606
bristol,other,driving,E02003037,E02003074,1,3159,610
bristol,taunton,driving,E02003037,E02006109,7,3768,546
bristol,taunton,passenger,E02003037,E02006109,1,3768,546
bristol,other,driving,E02003037,E02004637,6,4043,588
bristol,other,driving,E02003034,E02002995,3,3256,543
bristol,taunton,driving,E02003037,E02006104,3,5671,912
bristol,other,driving,E02003036,E02006060,2,2162,472
bristol,other,driving,E02003036,E02003000,2,4654,821
bristol,other,driving,E02003036,E02000001,1,6782,1147
bristol,other,driving,E02003036,E02004637,1,4560,615
bristol,other,driving,E02003029,E02004655,2,7193,1131
bristol,other,driving,E02003037,E02003073,5,6781,996
bristol,other,driving,E02003036,E02003096,1,5979,964
bristol,other,driving,E02003033,E02002995,5,3446,732
bristol,other,driving,E02003032,E02003073,1,2011,311
bristol,other,driving,E02003037,E02003000,4,5953,991
bristol,other,driving,E02003031,E02003074,1,1523,334
bristol,other,driving,E02003032,E02002995,2,5578,888
bristol,other,driving,E02003037,E02004655,14,5239,841
bristol,other,passenger,E02003037,E02004655,4,5239,841
bristol,other,driving,E02003034,E02003102,1,11967,1322
bristol,other,driving,E02003031,E02003011,1,1414,326
bristol,other,driving,E02003031,E02006060,2,1804,419
bristol,other,driving,E02003032,E02003074,1,5245,758
bristol,other,passenger,E02003032,E02003074,1,5245,758
bristol,other,driving,E02003034,E02003000,1,3537,582
bristol,other,driving,E02003027,E02003223,3,5744,840
bristol,taunton,driving,E02003028,E02006109,1,2446,330
bristol,other,driving,E02003033,E02006060,2,2433,516
bristol,other,driving,E02003033,E02004655,5,4620,719
bristol,other,passenger,E02003033,E02004655,1,4620,719
bristol,taunton,driving,E02003028,E02006104,1,3520,538
bristol,other,driving,E02003036,E02003001,3,3024,540
bristol,other,driving,E02003031,E02003000,4,3992,645
bristol,other,driving,E02003032,E02006665,10,10091,1247
bristol,other,driving,E02003034,E02006060,1,2638,434
bristol,other,passenger,E02003034,E02006060,1,2638,434
bristol,other,driving,E02003034,E02004655,5,4120,695
bristol,other,driving,E02003028,E02000001,1,8065,1305
bristol,other,passenger,E02003028,E02000001,1,8065,1305
bristol,other,driving,E02003034,E02004637,2,5558,864
bristol,other,driving,E02003031,E02004277,2,3804,563
bristol,taunton,driving,E02003033,E02006104,5,5052,790
bristol,other,driving,E02003031,E02004637,3,4078,635
bristol,other,driving,E02003031,E02003096,3,5669,880
bristol,other,driving,E02003031,E02003073,2,4737,741
bristol,other,driving,E02003032,E02006659,1,7756,1231
bristol,other,driving,E02003033,E02003096,1,7207,1056
bristol,other,driving,E02003033,E02000001,1,8010,1239
bristol,other,driving,E02003030,E02003096,4,3588,578
bristol,other,passenger,E02003030,E02003096,1,3588,578
bristol,other,driving,E02003031,E02004609,2,6982,920
bristol,other,passenger,E02003031,E02004609,3,6982,920
bristol,other,driving,E02003036,E02004655,5,4124,801
bristol,other,passenger,E02003036,E02004655,2,4124,801
bristol,other,driving,E02003032,E02003102,3,10102,1228
bristol,other,passenger,E02003032,E02003102,1,10102,1228
bristol,other,driving,E02003034,E02006659,3,2822,560
bristol,other,passenger,E02003034,E02006659,1,2822,560
bristol,other,driving,E02003034,E02003096,3,4414,636
bristol,taunton,driving,E02003031,E02006104,1,4362,693
bristol,other,driving,E02003027,E02003000,1,2457,454
bristol,taunton,driving,E02003034,E02006109,1,5082,769
bristol,taunton,driving,E02003032,E02006104,1,6390,1001
bristol,other,driving,E02003033,E02003074,1,2687,500
bristol,other,driving,E02003033,E02003223,3,5827,799
bristol,other,driving,E02003032,E02003002,1,14953,1543
bristol,other,driving,E02003031,E02003102,1,13378,1607
bristol,other,driving,E02003029,E02003073,1,2632,388
bristol,other,driving,E02003036,E02003223,4,6535,874
bristol,taunton,driving,E02003030,E02006104,1,4515,718
bristol,other,driving,E02003034,E02004609,3,8234,1143
bristol,other,driving,E02003030,E02000001,2,2028,459
bristol,other,passenger,E02003032,E02003223,1,11923,1484
bristol,taunton,driving,E02003031,E02006109,3,3856,553
bristol,other,driving,E02003029,E02002995,3,6199,966
bristol,other,driving,E02003030,E02006060,1,3645,605
bristol,other,driving,E02003036,E02003102,1,13532,1650
bristol,other,driving,E02003028,E02004637,3,2668,412
bristol,other,driving,E02003028,E02002995,2,2840,466
bristol,other,driving,E02003029,E02003102,5,13171,1125
bristol,other,passenger,E02003029,E02003102,1,13171,1125
bristol,other,driving,E02003029,E02003096,3,3320,544
bristol,other,driving,E02003037,E02003002,3,22730,2335
bristol,other,driving,E02003028,E02003011,1,1519,252
bristol,other,driving,E02003027,E02003001,2,977,197
bristol,other,driving,E02003027,E02003011,1,2392,522
bristol,other,driving,E02003029,E02003000,2,5841,914
bristol,other,driving,E02003024,E02003002,2,17639,1786
bristol,other,driving,E02003023,E02003001,1,5234,873
bristol,other,driving,E02003032,E02003001,2,6432,1045
bristol,other,driving,E02003027,E02004637,2,3588,608
bristol,other,passenger,E02003029,E02003001,1,7053,1122
bristol,other,driving,E02003027,E02002995,4,1151,260
bristol,other,passenger,E02003027,E02002995,1,1151,260
bristol,other,driving,E02003028,E02003000,1,4432,711
bristol,other,driving,E02003030,E02004655,2,4698,771
bristol,other,driving,E02003027,E02003073,3,3766,643
bristol,other,driving,E02003027,E02004609,2,7078,974
bristol,other,driving,E02003029,E02006665,1,10337,1253
bristol,other,driving,E02003028,E02003223,4,4636,642
bristol,other,passenger,E02003027,E02003096,1,4662,761
bristol,other,driving,E02003029,E02004277,1,10704,1564
bristol,other,driving,E02003030,E02003102,2,11780,1440
bristol,other,passenger,E02003030,E02003102,1,11780,1440
bristol,other,passenger,E02003028,E02004609,1,5571,697
bristol,other,driving,E02003028,E02004655,4,3089,467
bristol,taunton,driving,E02003027,E02006109,1,3064,447
bristol,other,driving,E02003033,E02003102,1,14542,1773
bristol,other,driving,E02003031,E02004655,1,4147,649
bristol,other,driving,E02003029,E02003002,1,15185,1553
bristol,other,driving,E02003030,E02006665,2,6509,1002
bristol,other,driving,E02003031,E02003002,6,19523,2090
bristol,other,driving,E02003022,E02002995,1,3134,496
bristol,other,driving,E02003031,E02002995,1,3550,581
bristol,other,driving,E02003022,E02004637,3,2414,410
bristol,other,driving,E02003026,E02006060,1,4070,638
bristol,other,driving,E02003022,E02003002,2,21513,2351
bristol,other,driving,E02003027,E02004655,3,2101,373
bristol,taunton,driving,E02003027,E02006104,3,2158,411
bristol,other,driving,E02003022,E02003223,1,3909,585
bristol,other,driving,E02003028,E02006060,1,2035,340
bristol,other,driving,E02003021,E02003073,1,3693,586
bristol,other,driving,E02003021,E02003001,1,2022,416
bristol,other,driving,E02003028,E02003073,1,6173,942
bristol,other,driving,E02003025,E02002995,1,2383,394
bristol,other,driving,E02003021,E02004637,1,3798,623
bristol,other,driving,E02003023,E02004655,2,5565,885
bristol,other,driving,E02003024,E02003102,3,14195,1329
bristol,other,driving,E02003025,E02000001,1,5227,887
bristol,other,driving,E02003021,E02003002,1,19379,2210
bristol,other,passenger,E02003025,E02003073,2,3335,524
bristol,other,driving,E02003021,E02004608,4,258510,9957
bristol,other,driving,E02003027,E02000001,1,5658,1006
bristol,other,driving,E02003027,E02003074,1,2664,468
bristol,other,driving,E02003026,E02002995,2,4875,764
bristol,other,driving,E02003026,E02004637,2,1563,275
bristol,other,driving,E02003020,E02006060,1,3588,607
bristol,taunton,driving,E02003026,E02006109,1,2300,346
bristol,other,driving,E02003024,E02003073,2,2091,395
bristol,other,driving,E02003034,E02003002,2,18112,1806
bristol,other,driving,E02003026,E02003000,2,6467,1009
bristol,taunton,driving,E02003020,E02006109,1,1335,265
bristol,other,driving,E02003030,E02003223,1,8341,1238
bristol,other,driving,E02003024,E02004655,4,7438,1073
bristol,other,driving,E02003032,E02004609,1,12514,1760
bristol,other,driving,E02003019,E02002995,2,8046,1066
bristol,other,driving,E02003019,E02000001,2,23770,1476
bristol,other,driving,E02003024,E02003074,1,5324,842
bristol,other,driving,E02003027,E02003102,1,13965,1619
bristol,taunton,driving,E02003019,E02006104,1,9026,1128
bristol,other,driving,E02003024,E02002995,1,6444,908
bristol,other,driving,E02003026,E02003073,1,8208,1239
bristol,other,driving,E02003026,E02000001,2,10100,1602
bristol,other,driving,E02003023,E02006659,1,6749,1062
bristol,other,driving,E02003019,E02003223,2,6093,721
bristol,other,passenger,E02003024,E02006060,1,6385,907
bristol,other,passenger,E02003025,E02003102,1,14949,1646
bristol,other,driving,E02003023,E02003000,3,4213,668
bristol,other,passenger,E02003023,E02003000,1,4213,668
bristol,taunton,driving,E02003023,E02006104,2,5749,758
bristol,other,driving,E02003023,E02000001,1,2470,414
bristol,other,driving,E02003022,E02006659,1,1422,253
bristol,other,driving,E02003017,E02002995,1,2574,395
bristol,taunton,driving,E02003021,E02006104,2,1197,216
bristol,other,driving,E02003026,E02003002,2,25013,2486
bristol,other,driving,E02003024,E02003001,2,6512,1129
bristol,other,driving,E02003017,E02004637,3,1293,259
bristol,taunton,driving,E02003021,E02006109,2,2505,364
bristol,taunton,driving,E02003022,E02006109,1,1406,199
bristol,other,driving,E02003036,E02003074,2,1676,377
bristol,other,driving,E02003032,E02004637,3,9076,1422
bristol,other,driving,E02003021,E02003096,2,4588,703
bristol,other,driving,E02003016,E02004655,3,1535,277
bristol,other,driving,E02003023,E02003073,1,3432,532
bristol,other,driving,E02003024,E02003096,3,2470,424
bristol,taunton,driving,E02003026,E02006104,1,5692,833
bristol,other,driving,E02003022,E02004609,2,6136,795
bristol,other,driving,E02003016,E02004608,3,253429,9859
bristol,other,passenger,E02003016,E02004608,1,253429,9859
bristol,other,driving,E02003022,E02003073,3,6755,983
bristol,other,driving,E02003020,E02003223,4,2979,458
bristol,other,driving,E02003020,E02003073,2,7530,1147
bristol,other,passenger,E02003021,E02004609,1,7235,960
bristol,other,driving,E02003014,E02003096,1,11863,1603
bristol,other,driving,E02003020,E02003074,3,5228,871
bristol,other,driving,E02003018,E02004637,2,2692,333
bristol,other,driving,E02003024,E02004609,2,24565,1621
bristol,other,driving,E02003015,E02004608,1,253964,9945
bristol,other,passenger,E02003015,E02004608,1,253964,9945
bristol,other,driving,E02003020,E02003001,1,4366,713
bristol,other,driving,E02003022,E02000001,2,8647,1346
bristol,other,driving,E02003024,E02003223,3,11048,1347
bristol,other,driving,E02003019,E02004637,1,4941,625
bristol,other,driving,E02003017,E02003011,2,3754,551
bristol,other,driving,E02003026,E02003102,2,18868,2003
bristol,other,driving,E02003018,E02003074,1,6329,921
bristol,other,driving,E02003019,E02003000,4,9926,1322
bristol,other,driving,E02003026,E02004655,4,4879,688
bristol,other,driving,E02003013,E02003001,1,4813,823
bristol,other,driving,E02003022,E02004655,2,3139,442
bristol,other,passenger,E02003022,E02004655,1,3139,442
bristol,taunton,driving,E02003018,E02006109,1,2779,337
bristol,other,passenger,E02003013,E02003011,1,5692,799
bristol,other,driving,E02003013,E02006659,1,4435,637
bristol,other,driving,E02003013,E02004277,1,3943,547
bristol,other,driving,E02003013,E02002995,2,3176,536
bristol,other,driving,E02003017,E02006659,1,2482,351
bristol,other,passenger,E02003013,E02004655,1,1872,280
bristol,other,driving,E02003018,E02003000,3,7233,988
bristol,other,driving,E02003020,E02006659,1,2757,434
bristol,other,driving,E02003026,E02004609,3,3889,488
bristol,other,driving,E02003017,E02003074,1,4947,746
bristol,other,driving,E02003017,E02003223,1,2503,386
bristol,other,driving,E02003019,E02004655,1,7808,1008
bristol,other,driving,E02003018,E02004655,3,5115,674
bristol,other,driving,E02003017,E02004655,2,2579,342
bristol,other,driving,E02003015,E02002995,2,1354,327
bristol,other,driving,E02003017,E02003000,3,4454,652
bristol,other,driving,E02003016,E02002995,2,1197,241
bristol,other,passenger,E02003020,E02003096,1,8426,1265
bristol,other,driving,E02003019,E02004609,1,2446,345
bristol,other,driving,E02003017,E02000001,2,8087,1245
bristol,other,driving,E02003015,E02003000,2,2580,506
bristol,other,driving,E02003019,E02003073,2,24899,1324
bristol,other,driving,E02003023,E02004637,1,8069,1254
bristol,other,driving,E02003017,E02003096,1,7091,1000
bristol,other,driving,E02003022,E02003102,1,15369,1867
bristol,other,driving,E02003020,E02004655,5,3914,607
bristol,other,driving,E02003016,E02003223,2,4208,575
bristol,other,driving,E02003020,E02003002,1,23228,2627
bristol,other,driving,E02003015,E02003096,1,5583,921
bristol,other,driving,E02003015,E02004637,1,3716,606
bristol,other,driving,E02003018,E02003073,2,8974,1219
bristol,other,driving,E02003015,E02003073,1,4687,803
bristol,other,driving,E02003016,E02003073,1,4505,720
bristol,other,driving,E02003037,E02004608,5,259001,10326
bristol,taunton,driving,E02003015,E02006109,1,2423,347
bristol,other,driving,E02003016,E02003000,5,2006,348
bristol,other,driving,E02003020,E02003102,1,17084,2144
bristol,other,driving,E02003015,E02004277,1,4723,671
bristol,other,driving,E02003019,E02003074,2,8577,1213
bristol,other,driving,E02003014,E02003000,3,9225,1254
bristol,other,driving,E02003016,E02004277,1,5709,810
bristol,other,driving,E02003014,E02003223,1,4015,570
bristol,other,passenger,E02003016,E02004609,1,7663,997
bristol,other,driving,E02003014,E02003073,2,10967,1485
bristol,other,driving,E02003012,E02004655,1,3697,495
bristol,other,driving,E02003013,E02000001,1,10297,1166
bristol,other,driving,E02003019,E02003102,2,20604,2182
bristol,other,passenger,E02003013,E02003096,1,7397,938
bristol,other,driving,E02003014,E02003074,2,8040,1159
bristol,other,driving,E02003012,E02003001,2,6397,921
bristol,other,driving,E02003012,E02004609,3,3551,516
bristol,other,driving,E02003012,E02003102,3,25338,2122
bristol,other,driving,E02003013,E02003073,3,6509,1012
bristol,other,driving,E02003017,E02003002,2,22393,2381
bristol,other,driving,E02003012,E02003000,3,6226,930
bristol,other,driving,E02003012,E02004637,3,3042,450
bristol,other,driving,E02003020,E02000001,1,9422,1510
bristol,other,driving,E02003012,E02003096,4,9221,1154
bristol,other,passenger,E02003012,E02003096,1,9221,1154
bristol,other,driving,E02003013,E02003074,1,5949,964
bristol,other,driving,E02003031,E02004608,5,259538,10067
bristol,other,driving,E02003014,E02000001,1,24807,1623
bristol,other,driving,E02003013,E02004609,1,5941,701
bristol,other,driving,E02003012,E02000001,1,12121,1381
bristol,taunton,driving,E02003012,E02006104,1,4211,570
bristol,other,driving,E02003012,E02002995,1,5000,752
bristol,other,driving,E02003016,E02003102,1,15376,1822
bristol,other,driving,E02003019,E02003002,1,26749,2665
bristol,other,driving,E02003012,E02003002,1,40113,2379
bristol,other,driving,E02003013,E02003002,1,26892,2374
bristol,other,driving,E02003012,E02003074,1,7258,1079
bristol,other,driving,E02003012,E02003073,2,8334,1227
bristol,other,driving,E02003034,E02004608,5,258127,9782
bristol,other,driving,E02003015,E02003102,2,15428,1907
bristol,other,driving,E02003026,E02004608,3,257047,10085
bristol,other,driving,E02003030,E02004608,5,257317,9771
bristol,other,driving,E02003033,E02004608,5,260919,10202
bristol,other,driving,E02003027,E02004608,3,258583,10015
bristol,other,passenger,E02003027,E02004608,1,258583,10015
bristol,other,driving,E02003018,E02004608,3,257053,9964
bristol,other,driving,E02003028,E02004608,7,257619,10121
bristol,other,driving,E02003024,E02004608,3,256188,9929
bristol,other,driving,E02003012,E02004608,2,253365,9603
bristol,other,driving,E02003017,E02004608,1,255486,9865
bristol,other,driving,E02003020,E02004608,2,255962,9937
bristol,other,driving,E02003032,E02004655,5,6573,1054
bristol,other,driving,E02003017,E02004609,1,4730,597
bristol,other,passenger,E02003017,E02004609,1,4730,597
bristol,other,driving,E02003016,E02003096,4,5796,773
bristol,other,passenger,E02003016,E02003096,1,5796,773
bristol,weston-super-mare,driving,E02003012,E02003080,2,253365,9603
bristol,other,driving,E02003012,E02006054,2,25338,2122
bristol,other,driving,E02003037,E02003008,2,5894,801
bristol,other,driving,E02003036,E02003008,1,6411,829
bristol,other,driving,E02003036,E02006061,4,7236,894
bristol,other,driving,E02003036,E02006845,2,19676,2133
bristol,other,driving,E02003036,E02006054,4,13532,1650
bristol,other,driving,E02003034,E02006845,1,18112,1806
bristol,weston-super-mare,driving,E02003034,E02003080,1,258127,9782
bristol,other,driving,E02003033,E02006061,1,6528,818
bristol,other,driving,E02003033,E02003008,1,5703,753
bristol,other,driving,E02003033,E02006845,1,20687,2257
bristol,weston-super-mare,driving,E02003033,E02003080,1,260919,10202
bristol,other,driving,E02003032,E02006061,1,12514,1760
bristol,other,driving,E02003031,E02006845,2,19523,2090
bristol,other,driving,E02003031,E02003010,1,23281,2540
bristol,weston-super-mare,driving,E02003031,E02003080,4,259538,10067
bristol,taunton,driving,E02003031,E02006108,1,36429,2359
bristol,other,driving,E02003029,E02006054,1,13171,1125
bristol,other,driving,E02003028,E02003008,1,4413,603
bristol,other,driving,E02003028,E02006061,3,5571,697
bristol,other,driving,E02003028,E02006052,1,3089,467
bristol,other,driving,E02003027,E02003010,1,24750,2660
bristol,other,driving,E02003027,E02006054,1,13965,1619
bristol,taunton,driving,E02003027,E02006108,1,35475,2308
bristol,weston-super-mare,driving,E02003027,E02003080,2,258583,10015
bristol,other,driving,E02003026,E02006061,1,3889,488
bristol,other,driving,E02003026,E02003010,1,29642,2583
bristol,taunton,driving,E02003026,E02006108,1,43673,2759
bristol,other,driving,E02003027,E02006052,1,2101,373
bristol,other,driving,E02003026,E02006054,1,18868,2003
bristol,other,driving,E02003026,E02006845,1,25013,2486
bristol,other,driving,E02003025,E02006845,3,19021,2148
bristol,other,driving,E02003024,E02003010,1,28100,2416
bristol,other,driving,E02003024,E02006061,1,24565,1621
bristol,weston-super-mare,driving,E02003025,E02003080,1,258152,9896
bristol,other,driving,E02003024,E02006054,1,14195,1329
bristol,other,driving,E02003023,E02003010,1,25797,2651
bristol,other,driving,E02003037,E02006061,1,6433,823
bristol,other,driving,E02003037,E02006054,4,16585,1852
bristol,weston-super-mare,driving,E02003022,E02003080,3,255442,10104
bristol,other,driving,E02003034,E02006054,2,11967,1322
bristol,taunton,driving,E02003021,E02006108,1,35401,2250
bristol,other,driving,E02003021,E02006061,2,7235,960
bristol,taunton,driving,E02003023,E02006108,1,20701,2121
bristol,taunton,driving,E02003020,E02006108,1,42588,2612
bristol,weston-super-mare,driving,E02003020,E02003080,2,255962,9937
bristol,other,driving,E02003032,E02006054,2,10102,1228
bristol,other,driving,E02003020,E02006054,1,17084,2144
bristol,other,driving,E02003019,E02006061,2,2446,345
bristol,other,driving,E02003019,E02006052,1,7808,1008
bristol,other,driving,E02003033,E02006052,2,4620,719
bristol,other,driving,E02003018,E02006845,2,25517,2506
bristol,other,driving,E02003032,E02003008,1,10091,1247
bristol,other,passenger,E02003032,E02003008,1,10091,1247
bristol,other,driving,E02003018,E02006061,1,2156,267
bristol,weston-super-mare,driving,E02003018,E02003080,2,257053,9964
bristol,other,driving,E02003037,E02003010,1,27360,2432
bristol,other,driving,E02003017,E02006061,1,4730,597
bristol,other,driving,E02003017,E02003010,1,30032,2745
bristol,taunton,driving,E02003017,E02006108,1,35465,2466
bristol,other,driving,E02003017,E02006054,2,16248,1897
bristol,other,driving,E02003017,E02006845,1,22393,2381
bristol,weston-super-mare,driving,E02003017,E02003080,1,255486,9865
bristol,other,driving,E02003016,E02006061,2,7663,997
bristol,other,driving,E02003016,E02006052,2,1535,277
bristol,other,driving,E02003016,E02006845,1,25291,2209
bristol,other,driving,E02003027,E02006061,1,7078,974
bristol,other,driving,E02003016,E02003010,2,26869,2839
bristol,other,driving,E02003033,E02006054,1,14542,1773
bristol,taunton,driving,E02003016,E02006108,3,32812,2157
bristol,other,driving,E02003015,E02003008,2,1895,312
bristol,other,driving,E02003015,E02006845,1,21572,2390
bristol,other,driving,E02003031,E02006054,1,13378,1607
bristol,other,passenger,E02003031,E02006054,3,13378,1607
bristol,other,driving,E02003026,E02006052,2,4879,688
bristol,other,driving,E02003034,E02003010,1,22752,2364
bristol,other,driving,E02003013,E02006845,1,26892,2374
bristol,other,driving,E02003013,E02006054,2,23514,1906
bristol,other,driving,E02003013,E02006061,2,5941,701
bristol,other,driving,E02003020,E02006061,1,4408,578
bristol,other,driving,E02003012,E02006845,2,40113,2379
bristol,other,driving,E02003021,E02003008,1,3354,520
bristol,other,driving,E02003028,E02006845,2,20832,2273
bristol,other,driving,E02003033,E02003010,1,23796,2630
bristol,other,driving,E02003027,E02006845,4,20110,2102
bristol,other,passenger,E02003027,E02006845,1,20110,2102
bristol,other,driving,E02003013,E02006052,1,1872,280
bristol,other,driving,E02003022,E02006054,1,15369,1867
bristol,other,driving,E02003012,E02006052,1,3697,495
bristol,other,driving,E02003015,E02006061,3,7182,971
bristol,taunton,driving,E02003015,E02006108,1,34546,2407
bristol,other,driving,E02003020,E02006845,1,23228,2627
bristol,other,driving,E02003019,E02006845,4,26749,2665
bristol,other,driving,E02003014,E02006845,1,27010,2707
bristol,weston-super-mare,driving,E02003026,E02003080,3,257047,10085
bristol,weston-super-mare,driving,E02003028,E02003080,2,257619,10121
bristol,weston-super-mare,driving,E02003015,E02003080,3,253964,9945
bristol,weston-super-mare,driving,E02003021,E02003080,1,258510,9957
bristol,weston-super-mare,driving,E02003037,E02003080,1,259001,10326
bristol,other,bicycle,E02003026,E02001097,2,4325,912
bristol,other,bicycle,E02003036,E02002991,5,1130,277
bristol,other,bicycle,E02003034,E02002991,3,1557,419
bristol,other,bicycle,E02003037,E02003110,1,1915,485
bristol,other,bicycle,E02003037,E02002991,3,2290,554
bristol,other,bicycle,E02003037,E02003108,2,7161,1707
bristol,other,bicycle,E02003036,E02003117,1,1307,260
bristol,other,bicycle,E02003030,E02002251,1,3243,757
bristol,other,bicycle,E02003037,E02002251,1,3077,703
bristol,other,bicycle,E02003033,E02002991,5,1449,336
bristol,other,bicycle,E02003036,E02001097,2,7970,1805
bristol,other,bicycle,E02003034,E02003110,2,1146,458
bristol,other,bicycle,E02003033,E02003110,2,1370,305
bristol,other,bicycle,E02003034,E02003117,8,2192,632
bristol,other,bicycle,E02003036,E02006492,6,8310,1742
bristol,other,bicycle,E02003034,E02003120,3,10287,2242
bristol,other,bicycle,E02003037,E02001097,4,6983,1510
bristol,other,bicycle,E02003034,E02003108,2,9737,2492
bristol,other,bicycle,E02003037,E02006492,2,9469,2019
bristol,other,bicycle,E02003036,E02003114,1,9037,2053
bristol,other,bicycle,E02003033,E02001097,2,6862,1548
bristol,other,bicycle,E02003032,E02003108,5,14697,3355
bristol,other,bicycle,E02003031,E02003110,6,1087,384
bristol,other,bicycle,E02003034,E02001097,1,8680,2126
bristol,other,bicycle,E02003034,E02003114,2,10149,2451
bristol,other,bicycle,E02003033,E02006492,2,8629,1801
bristol,other,bicycle,E02003031,E02003117,1,1419,424
bristol,other,bicycle,E02003028,E02003117,1,1595,319
bristol,other,bicycle,E02003032,E02003114,3,17451,3273
bristol,other,bicycle,E02003032,E02006492,1,6340,1504
bristol,other,bicycle,E02003028,E02003110,1,2019,466
bristol,other,bicycle,E02003031,E02006492,1,7295,1546
bristol,other,bicycle,E02003032,E02003110,1,5974,1328
bristol,other,bicycle,E02003030,E02003110,3,4541,1130
bristol,other,bicycle,E02003032,E02002251,1,4677,954
bristol,other,bicycle,E02003028,E02002991,1,1620,335
bristol,other,bicycle,E02003028,E02002251,2,2876,480
bristol,other,bicycle,E02003032,E02003117,4,8476,1870
bristol,other,bicycle,E02003029,E02003108,4,15798,3587
bristol,other,bicycle,E02003030,E02003114,3,16526,3201
bristol,other,bicycle,E02003029,E02003110,1,7075,1559
bristol,other,bicycle,E02003026,E02003117,1,3180,870
bristol,other,bicycle,E02003028,E02006492,8,8017,1615
bristol,other,bicycle,E02003027,E02003117,1,2443,562
bristol,other,bicycle,E02003027,E02006492,3,6335,1297
bristol,other,bicycle,E02003030,E02003120,1,8988,2138
bristol,other,bicycle,E02003029,E02003114,1,18552,3504
bristol,other,bicycle,E02003031,E02003114,5,9592,2261
bristol,other,bicycle,E02003028,E02003114,1,10526,2071
bristol,other,bicycle,E02003031,E02003120,1,9967,2092
bristol,other,bicycle,E02003028,E02001097,5,6809,1375
bristol,other,bicycle,E02003025,E02006492,1,4545,910
bristol,other,bicycle,E02003025,E02002991,1,3056,660
bristol,other,bicycle,E02003026,E02002251,1,4910,1128
bristol,other,bicycle,E02003028,E02003108,1,9261,2163
bristol,other,bicycle,E02003027,E02001097,5,8715,1821
bristol,other,bicycle,E02003031,E02001097,5,9120,1961
bristol,other,bicycle,E02003026,E02006492,3,8908,1950
bristol,other,bicycle,E02003027,E02003114,1,12432,2517
bristol,other,bicycle,E02003024,E02002251,1,5111,1097
bristol,other,bicycle,E02003023,E02003108,1,15166,3611
bristol,other,bicycle,E02003025,E02003110,4,4100,1030
bristol,other,bicycle,E02003027,E02003108,1,10204,2441
bristol,other,bicycle,E02003022,E02003110,1,3440,811
bristol,other,bicycle,E02003026,E02003108,1,10152,2535
bristol,other,bicycle,E02003023,E02003117,2,6661,1571
bristol,other,bicycle,E02003024,E02003110,2,6408,1471
bristol,other,bicycle,E02003022,E02003117,1,3016,664
bristol,other,bicycle,E02003030,E02003108,4,13772,3283
bristol,other,bicycle,E02003020,E02001097,2,6330,1198
bristol,other,bicycle,E02003025,E02003120,1,7217,1456
bristol,other,bicycle,E02003019,E02003114,1,4185,760
bristol,other,bicycle,E02003023,E02003114,1,17921,3529
bristol,other,bicycle,E02003022,E02002251,2,4009,640
bristol,other,bicycle,E02003021,E02002251,1,3147,581
bristol,other,bicycle,E02003021,E02006492,2,5146,1037
bristol,other,bicycle,E02003028,E02003120,1,9663,1796
bristol,other,bicycle,E02003024,E02003117,4,7194,1575
bristol,other,bicycle,E02003025,E02003117,1,4461,1079
bristol,other,bicycle,E02003022,E02006492,4,7101,1384
bristol,other,bicycle,E02003024,E02003108,2,15454,3594
bristol,other,bicycle,E02003022,E02001097,2,7949,1561
bristol,other,bicycle,E02003025,E02003108,1,12222,2958
bristol,other,bicycle,E02003024,E02003114,4,18209,3512
bristol,other,bicycle,E02003021,E02002991,1,2057,337
bristol,other,bicycle,E02003025,E02001097,1,10952,2355
bristol,other,bicycle,E02003021,E02001097,2,9294,1950
bristol,other,bicycle,E02003020,E02002251,1,5323,1195
bristol,other,bicycle,E02003016,E02002991,1,3064,529
bristol,other,bicycle,E02003017,E02003110,1,4806,1092
bristol,other,bicycle,E02003016,E02006492,1,3995,734
bristol,other,bicycle,E02003021,E02003114,1,13011,2647
bristol,other,bicycle,E02003018,E02006492,1,9226,1977
bristol,other,bicycle,E02003018,E02003117,1,4992,1242
bristol,other,bicycle,E02003020,E02003108,1,11203,2719
bristol,other,bicycle,E02003020,E02006492,1,7948,1756
bristol,other,bicycle,E02003016,E02003110,1,4125,895
bristol,other,bicycle,E02003013,E02001097,4,6737,1381
bristol,other,bicycle,E02003015,E02003110,1,4009,868
bristol,other,bicycle,E02003024,E02003120,1,8549,1798
bristol,other,bicycle,E02003015,E02001097,1,7980,1624
bristol,other,bicycle,E02003014,E02001097,1,2471,559
bristol,other,bicycle,E02003013,E02002991,1,4383,893
bristol,other,bicycle,E02003017,E02006492,2,6682,1377
bristol,other,bicycle,E02003016,E02003117,1,4443,914
bristol,other,bicycle,E02003017,E02001097,3,6841,1360
bristol,other,bicycle,E02003013,E02006492,1,5135,1045
bristol,other,bicycle,E02003018,E02003108,1,11928,2772
bristol,other,bicycle,E02003016,E02003108,2,12774,2877
bristol,other,bicycle,E02003012,E02002991,2,6565,1500
bristol,other,bicycle,E02003024,E02001097,1,14726,3185
bristol,other,bicycle,E02003013,E02003110,1,5569,1296
bristol,other,bicycle,E02003016,E02001097,1,10014,2002
bristol,other,bicycle,E02003012,E02001097,4,5386,1141
bristol,other,bicycle,E02003012,E02003108,1,13274,3242
bristol,other,bicycle,E02003012,E02003114,2,8987,1800
bristol,other,bicycle,E02003015,E02003114,1,11697,2321
bristol,other,bicycle,E02003012,E02006492,1,6987,1511
bristol,other,driving,E02003037,E02003092,4,3159,610
bristol,other,driving,E02003037,E02003068,28,2933,434
bristol,other,driving,E02003036,E02003075,2,2239,328
bristol,other,passenger,E02003036,E02003075,2,2239,328
bristol,other,driving,E02003034,E02003090,4,2282,435
bristol,other,passenger,E02003034,E02003090,4,2282,435
bristol,other,driving,E02003034,E02003068,14,5056,786
bristol,other,driving,E02003033,E02003065,1,4946,852
bristol,other,passenger,E02003033,E02003065,1,4946,852
bristol,other,driving,E02003034,E02003077,7,3326,457
bristol,other,passenger,E02003034,E02003077,3,3326,457
bristol,other,driving,E02003027,E02003075,13,1867,350
bristol,other,passenger,E02003027,E02003075,1,1867,350
bristol,other,driving,E02003036,E02003091,3,1394,238
bristol,other,driving,E02003037,E02003091,10,1396,293
bristol,other,driving,E02003037,E02003090,9,3552,651
bristol,other,driving,E02003036,E02003070,14,2162,472
bristol,other,passenger,E02003036,E02003070,1,2162,472
bristol,other,driving,E02003034,E02003075,2,2822,560
bristol,other,driving,E02003037,E02003075,9,2151,374
bristol,other,passenger,E02003037,E02003075,2,2151,374
bristol,other,driving,E02003032,E02003065,2,5221,837
bristol,other,passenger,E02003032,E02003065,1,5221,837
bristol,other,driving,E02003037,E02003065,6,5953,991
bristol,other,driving,E02003037,E02003070,14,3440,655
bristol,other,passenger,E02003037,E02003070,2,3440,655
bristol,other,driving,E02003034,E02003070,10,2638,434
bristol,other,passenger,E02003034,E02003070,1,2638,434
bristol,other,driving,E02003036,E02003077,7,4890,784
bristol,other,driving,E02003034,E02003091,14,2925,557
bristol,other,passenger,E02003034,E02003091,3,2925,557
bristol,other,driving,E02003026,E02003075,5,2396,376
bristol,other,driving,E02003033,E02003092,3,2687,500
bristol,other,passenger,E02003033,E02003092,1,2687,500
bristol,other,driving,E02003037,E02003077,6,6781,996
bristol,other,passenger,E02003037,E02003077,1,6781,996
bristol,other,driving,E02003036,E02003090,4,3024,540
bristol,other,passenger,E02003036,E02003090,1,3024,540
bristol,other,driving,E02003036,E02003068,7,4058,537
bristol,other,driving,E02003036,E02003065,4,4654,821
bristol,other,driving,E02003033,E02003075,9,1532,253
bristol,other,driving,E02003030,E02003068,12,8208,1204
bristol,other,driving,E02003033,E02003068,16,2980,457
bristol,other,driving,E02003034,E02003065,3,3537,582
bristol,other,driving,E02003036,E02003092,4,1676,377
bristol,other,passenger,E02003036,E02003092,2,1676,377
bristol,other,driving,E02003033,E02003077,10,6118,876
bristol,other,driving,E02003029,E02003092,6,5866,835
bristol,other,passenger,E02003029,E02003092,1,5866,835
bristol,other,driving,E02003033,E02003070,13,2433,516
bristol,other,passenger,E02003033,E02003070,3,2433,516
bristol,other,driving,E02003029,E02003070,10,6140,964
bristol,other,passenger,E02003029,E02003070,1,6140,964
bristol,other,driving,E02003031,E02003092,9,1523,334
bristol,other,driving,E02003032,E02003091,8,7900,1177
bristol,other,passenger,E02003032,E02003091,2,7900,1177
bristol,other,driving,E02003031,E02003091,11,1414,326
bristol,other,driving,E02003032,E02003092,15,5245,758
bristol,other,passenger,E02003032,E02003092,1,5245,758
bristol,other,driving,E02003028,E02003077,13,6173,942
bristol,other,passenger,E02003028,E02003077,1,6173,942
bristol,other,driving,E02003028,E02003070,14,2035,340
bristol,other,driving,E02003028,E02003065,7,4432,711
bristol,other,driving,E02003031,E02003068,21,3804,563
bristol,other,passenger,E02003031,E02003068,1,3804,563
bristol,other,driving,E02003031,E02003065,3,3992,645
bristol,other,passenger,E02003031,E02003065,1,3992,645
bristol,other,driving,E02003033,E02003090,7,2900,526
bristol,other,driving,E02003027,E02003065,6,2457,454
bristol,other,driving,E02003027,E02003092,8,2664,468
bristol,other,driving,E02003032,E02003068,6,10083,1487
bristol,other,driving,E02003032,E02003077,9,2011,311
bristol,other,driving,E02003031,E02003077,5,4737,741
bristol,other,driving,E02003032,E02003090,7,6432,1045
bristol,other,driving,E02003031,E02003075,7,1771,298
bristol,other,passenger,E02003031,E02003075,2,1771,298
bristol,other,driving,E02003032,E02003070,6,5520,887
bristol,other,driving,E02003030,E02003075,2,5881,948
bristol,other,driving,E02003025,E02003090,7,3047,548
bristol,other,driving,E02003030,E02003090,10,4557,762
bristol,other,driving,E02003026,E02003090,6,4005,655
bristol,other,taxi,E02003030,E02003092,1,3370,475
bristol,other,driving,E02003030,E02003092,15,3370,475
bristol,other,passenger,E02003030,E02003092,1,3370,475
bristol,other,driving,E02003030,E02003070,10,3645,605
bristol,other,driving,E02003030,E02003065,1,3346,554
bristol,other,driving,E02003029,E02003077,1,2632,388
bristol,other,driving,E02003029,E02003075,1,8377,1308
bristol,other,driving,E02003029,E02003065,1,5841,914
bristol,other,driving,E02003027,E02003090,22,977,197
bristol,other,driving,E02003030,E02003091,6,6025,894
bristol,other,driving,E02003028,E02003092,4,2832,517
bristol,other,driving,E02003028,E02003068,9,2394,341
bristol,other,passenger,E02003028,E02003068,1,2394,341
bristol,other,driving,E02003029,E02003068,7,10704,1564
bristol,other,driving,E02003024,E02003075,1,8622,1251
bristol,other,driving,E02003024,E02003065,2,6086,856
bristol,other,driving,E02003027,E02003091,22,2392,522
bristol,other,passenger,E02003027,E02003091,1,2392,522
bristol,other,driving,E02003029,E02003091,5,8521,1254
bristol,other,passenger,E02003029,E02003091,2,8521,1254
bristol,other,driving,E02003029,E02003090,10,7053,1122
bristol,other,passenger,E02003029,E02003090,1,7053,1122
bristol,other,driving,E02003027,E02003077,3,3766,643
bristol,other,driving,E02003031,E02003070,10,1804,419
bristol,other,driving,E02003023,E02003075,1,6749,1062
bristol,other,driving,E02003023,E02003070,5,4512,718
bristol,other,driving,E02003027,E02003068,24,3900,617
bristol,other,passenger,E02003027,E02003068,1,3900,617
bristol,other,driving,E02003022,E02003090,10,2574,454
bristol,other,driving,E02003026,E02003077,13,8208,1239
bristol,other,driving,E02003028,E02003090,9,1971,358
bristol,other,driving,E02003025,E02003077,6,3335,524
bristol,other,driving,E02003028,E02003091,12,1519,252
bristol,other,passenger,E02003028,E02003091,1,1519,252
bristol,other,driving,E02003022,E02003065,2,5014,752
bristol,other,driving,E02003024,E02003077,7,2091,395
bristol,other,driving,E02003026,E02003091,6,3076,491
bristol,other,passenger,E02003026,E02003091,1,3076,491
bristol,other,driving,E02003026,E02003065,1,6467,1009
bristol,other,driving,E02003026,E02003070,9,4070,638
bristol,other,driving,E02003025,E02003092,2,3705,597
bristol,other,passenger,E02003025,E02003092,1,3705,597
bristol,other,driving,E02003026,E02003092,2,4979,794
bristol,other,driving,E02003025,E02003075,3,4393,704
bristol,other,driving,E02003024,E02003092,14,5324,842
bristol,other,passenger,E02003024,E02003092,2,5324,842
bristol,other,driving,E02003025,E02003070,8,2325,393
bristol,other,passenger,E02003025,E02003070,2,2325,393
bristol,other,driving,E02003025,E02003091,15,4461,873
bristol,other,passenger,E02003025,E02003091,1,4461,873
bristol,other,driving,E02003020,E02003075,5,2757,434
bristol,other,driving,E02003023,E02003092,8,4600,666
bristol,other,passenger,E02003023,E02003092,1,4600,666
bristol,other,driving,E02003022,E02003091,8,2940,505
bristol,other,driving,E02003022,E02003068,10,3236,452
bristol,other,passenger,E02003022,E02003068,1,3236,452
bristol,other,driving,E02003019,E02003070,46,7780,1037
bristol,other,passenger,E02003019,E02003070,6,7780,1037
bristol,other,driving,E02003025,E02003068,11,6427,970
bristol,other,passenger,E02003025,E02003068,3,6427,970
bristol,other,driving,E02003019,E02003068,78,4223,529
bristol,other,passenger,E02003019,E02003068,5,4223,529
bristol,other,driving,E02003022,E02003070,4,2104,367
bristol,other,passenger,E02003022,E02003070,1,2104,367
bristol,other,driving,E02003023,E02003077,6,3432,532
bristol,other,driving,E02003023,E02003065,2,4213,668
bristol,other,driving,E02003019,E02003091,20,7295,943
bristol,other,passenger,E02003019,E02003091,3,7295,943
bristol,other,driving,E02003023,E02003090,9,5234,873
bristol,other,passenger,E02003023,E02003090,1,5234,873
bristol,other,driving,E02003022,E02003075,5,1422,253
bristol,other,driving,E02003024,E02003068,6,10949,1507
bristol,other,passenger,E02003024,E02003068,1,10949,1507
bristol,other,driving,E02003021,E02003065,1,2383,397
bristol,other,driving,E02003023,E02003091,11,7255,1085
bristol,other,driving,E02003021,E02003070,13,1132,257
bristol,other,driving,E02003023,E02003068,6,9076,1318
bristol,other,driving,E02003024,E02003090,7,6512,1129
bristol,other,driving,E02003020,E02003068,19,1563,256
bristol,other,driving,E02003022,E02003092,4,3842,675
bristol,other,driving,E02003021,E02003077,9,3693,586
bristol,other,passenger,E02003021,E02003077,3,3693,586
bristol,other,driving,E02003021,E02003068,19,4805,687
bristol,other,driving,E02003021,E02003091,12,3996,683
bristol,other,passenger,E02003021,E02003091,1,3996,683
bristol,other,driving,E02003024,E02003091,6,7980,1261
bristol,other,driving,E02003024,E02003070,9,6385,907
bristol,other,driving,E02003017,E02003077,3,6196,882
bristol,other,driving,E02003021,E02003090,13,2022,416
bristol,other,driving,E02003020,E02003090,5,4366,713
bristol,other,driving,E02003021,E02003075,4,2477,431
bristol,other,driving,E02003021,E02003092,11,3158,557
bristol,other,passenger,E02003021,E02003092,1,3158,557
bristol,other,driving,E02003020,E02003091,9,4086,614
bristol,other,driving,E02003020,E02003065,2,5789,916
bristol,other,passenger,E02003020,E02003065,1,5789,916
bristol,other,driving,E02003019,E02003090,13,7716,1054
bristol,other,driving,E02003018,E02003068,30,2411,314
bristol,other,passenger,E02003018,E02003068,6,2411,314
bristol,other,driving,E02003018,E02003092,5,6329,921
bristol,other,driving,E02003016,E02003077,3,4505,720
bristol,other,taxi,E02003016,E02003090,1,3029,597
bristol,other,driving,E02003016,E02003090,14,3029,597
bristol,other,passenger,E02003016,E02003090,1,3029,597
bristol,other,driving,E02003019,E02003075,4,6106,775
bristol,other,driving,E02003018,E02003090,3,5467,763
bristol,other,passenger,E02003018,E02003090,1,5467,763
bristol,other,driving,E02003015,E02003090,6,2991,615
bristol,other,passenger,E02003015,E02003090,2,2991,615
bristol,other,driving,E02003015,E02003077,3,4687,803
bristol,other,driving,E02003022,E02003077,8,6755,983
bristol,other,passenger,E02003022,E02003077,1,6755,983
bristol,other,driving,E02003020,E02003070,8,3588,607
bristol,other,passenger,E02003020,E02003070,1,3588,607
bristol,other,driving,E02003018,E02003091,5,5046,651
bristol,other,driving,E02003018,E02003070,22,5374,727
bristol,other,passenger,E02003018,E02003070,2,5374,727
bristol,other,driving,E02003018,E02003075,5,3857,484
bristol,other,driving,E02003019,E02003092,9,8577,1213
bristol,other,passenger,E02003019,E02003092,2,8577,1213
bristol,other,driving,E02003018,E02003077,10,8974,1219
bristol,other,driving,E02003020,E02003077,5,7530,1147
bristol,other,driving,E02003019,E02003065,22,9926,1322
bristol,other,passenger,E02003019,E02003065,1,9926,1322
bristol,other,driving,E02003018,E02003065,2,7233,988
bristol,other,passenger,E02003018,E02003065,2,7233,988
bristol,other,driving,E02003020,E02003092,4,5228,871
bristol,other,driving,E02003017,E02003075,7,2482,351
bristol,other,driving,E02003019,E02003077,15,24899,1324
bristol,other,driving,E02003017,E02003091,10,3754,551
bristol,other,driving,E02003017,E02003068,9,2300,324
bristol,other,driving,E02003014,E02003092,15,8040,1159
bristol,other,driving,E02003017,E02003070,9,2921,446
bristol,other,driving,E02003013,E02003090,4,4813,823
bristol,other,driving,E02003016,E02003070,6,2139,438
bristol,other,passenger,E02003016,E02003070,2,2139,438
bristol,other,driving,E02003012,E02003077,12,8334,1227
bristol,other,passenger,E02003012,E02003077,1,8334,1227
bristol,other,driving,E02003017,E02003065,5,4454,652
bristol,other,driving,E02003017,E02003092,5,4947,746
bristol,other,driving,E02003015,E02003070,10,2101,456
bristol,other,driving,E02003016,E02003065,1,2006,348
bristol,other,driving,E02003016,E02003092,17,4075,671
bristol,other,passenger,E02003016,E02003092,1,4075,671
bristol,other,driving,E02003017,E02003090,9,3811,605
bristol,other,passenger,E02003017,E02003090,1,3811,605
bristol,other,driving,E02003015,E02003065,3,2580,506
bristol,other,driving,E02003015,E02003091,4,4607,794
bristol,other,passenger,E02003015,E02003091,1,4607,794
bristol,other,driving,E02003015,E02003075,1,3089,542
bristol,other,driving,E02003016,E02003091,16,5032,826
bristol,other,passenger,E02003016,E02003091,1,5032,826
bristol,other,driving,E02003016,E02003075,1,3514,575
bristol,other,driving,E02003015,E02003068,11,4723,671
bristol,other,driving,E02003014,E02003068,36,3903,509
bristol,other,passenger,E02003014,E02003068,1,3903,509
bristol,other,driving,E02003014,E02003075,4,5569,721
bristol,other,driving,E02003014,E02003090,9,7179,1000
bristol,other,driving,E02003013,E02003070,23,3923,664
bristol,other,passenger,E02003013,E02003070,1,3923,664
bristol,other,driving,E02003013,E02003091,27,5692,799
bristol,other,passenger,E02003013,E02003091,1,5692,799
bristol,other,driving,E02003016,E02003068,14,5709,810
bristol,other,passenger,E02003016,E02003068,1,5709,810
bristol,other,driving,E02003013,E02003068,35,3943,547
bristol,other,passenger,E02003013,E02003068,4,3943,547
bristol,other,driving,E02003014,E02003070,27,7243,983
bristol,other,passenger,E02003014,E02003070,3,7243,983
bristol,other,driving,E02003012,E02003068,19,4127,570
bristol,other,passenger,E02003012,E02003068,2,4127,570
bristol,other,driving,E02003015,E02003092,8,4127,756
bristol,other,driving,E02003012,E02003065,5,6226,930
bristol,other,driving,E02003012,E02003070,20,5618,815
bristol,other,passenger,E02003012,E02003070,2,5618,815
bristol,other,driving,E02003013,E02003077,10,6509,1012
bristol,other,driving,E02003012,E02003092,24,7258,1079
bristol,other,passenger,E02003012,E02003092,2,7258,1079
bristol,other,driving,E02003014,E02003091,7,6758,889
bristol,other,passenger,E02003014,E02003091,1,6758,889
bristol,other,driving,E02003012,E02003075,8,4787,642
bristol,other,passenger,E02003012,E02003075,1,4787,642
bristol,other,driving,E02003012,E02003091,21,6066,837
bristol,other,driving,E02003014,E02003077,1,10967,1485
bristol,other,driving,E02003013,E02003065,1,4402,714
bristol,other,driving,E02003014,E02003065,6,9225,1254
bristol,other,driving,E02003013,E02003075,1,4435,637
bristol,other,driving,E02003013,E02003092,10,5949,964
bristol,other,driving,E02003012,E02003090,7,6397,921
bristol,other,passenger,E02003012,E02003090,1,6397,921
bristol,other,foot,E02003037,E02002251,9,1000,825
bristol,other,foot,E02003029,E02003115,38,5959,4868
bristol,other,foot,E02003037,E02003114,4,5855,4907
bristol,other,foot,E02003036,E02003100,3,7029,6140
bristol,other,foot,E02003034,E02003100,5,6187,5444
bristol,other,foot,E02003034,E02003114,7,6949,5912
bristol,other,foot,E02003033,E02003072,5,1402,1118
bristol,other,foot,E02003033,E02003100,2,8270,7093
bristol,other,foot,E02003032,E02003007,7,5229,4291
bristol,other,foot,E02003032,E02003111,1,239580,196150
bristol,other,foot,E02003031,E02002251,2,1402,1232
bristol,other,foot,E02003030,E02003072,2,3904,3287
bristol,other,foot,E02003030,E02003115,2,3629,3030
bristol,other,foot,E02003029,E02003090,6,8609,6980
bristol,other,foot,E02003028,E02003072,1,1579,1263
bristol,other,foot,E02003028,E02003007,1,2412,1961
bristol,other,foot,E02003028,E02003090,1,5105,4254
bristol,other,foot,E02003028,E02003114,1,4458,3664
bristol,other,foot,E02003027,E02002251,1,2381,1986
bristol,other,foot,E02003027,E02003007,1,1132,958
bristol,other,foot,E02003026,E02003115,1,3797,3235
bristol,other,foot,E02003024,E02003007,1,5582,4630
bristol,other,foot,E02003024,E02003100,1,4107,3576
bristol,other,foot,E02003023,E02003072,1,4680,4049
bristol,other,foot,E02003023,E02003100,2,5298,4704
bristol,other,foot,E02003023,E02003111,3,238113,195046
bristol,other,foot,E02003022,E02003072,1,2249,1796
bristol,other,foot,E02003021,E02003100,1,7747,6613
bristol,other,foot,E02003021,E02003072,1,2017,1583
bristol,other,foot,E02003021,E02003115,1,1132,916
bristol,other,foot,E02003021,E02003090,2,6395,5179
bristol,other,foot,E02003020,E02003115,1,3369,2888
bristol,other,foot,E02003019,E02003007,1,7729,6551
bristol,other,foot,E02003019,E02003114,1,5301,4398
bristol,other,foot,E02003018,E02003114,1,3361,2846
bristol,other,foot,E02003017,E02003100,1,9848,8437
bristol,other,foot,E02003016,E02003111,1,237794,194613
bristol,other,foot,E02003016,E02003115,1,2139,1716
bristol,other,foot,E02003013,E02003072,1,4323,3519
bristol,other,foot,E02003013,E02003100,2,10332,8770
bristol,other,foot,E02003036,E02002251,5,1274,1076
bristol,other,foot,E02003034,E02003072,17,1522,1288
bristol,other,foot,E02003024,E02003115,6,5497,4543
bristol,other,foot,E02003033,E02003114,2,5627,4737
bristol,other,foot,E02003030,E02003007,3,3715,3117
bristol,other,foot,E02003023,E02003007,3,3994,3476
bristol,other,foot,E02003022,E02002251,1,2892,2359
bristol,other,foot,E02003022,E02003115,1,1585,1227
bristol,other,foot,E02003031,E02003114,1,5490,4732
bristol,other,foot,E02003036,E02003072,6,1082,886
bristol,other,foot,E02003037,E02003115,1,3210,2697
bristol,other,foot,E02003029,E02003007,2,6045,4954
bristol,other,foot,E02003032,E02003114,4,9686,7983
bristol,other,foot,E02003036,E02003090,2,3376,2793
bristol,other,foot,E02003034,E02002251,1,2207,1936
bristol,other,foot,E02003023,E02003115,2,4305,3773
bristol,other,foot,E02003032,E02003115,23,5143,4204
bristol,other,foot,E02003037,E02003072,3,2232,1831
bristol,other,foot,E02003025,E02003100,1,7389,6369
bristol,other,foot,E02003031,E02003100,2,7586,6548
bristol,other,foot,E02003027,E02003090,1,5351,4345
bristol,other,foot,E02003033,E02003090,1,3765,3184
bristol,other,foot,E02003014,E02003114,2,3435,2906
bristol,other,foot,E02003027,E02003114,1,5000,4240
bristol,other,foot,E02003027,E02003100,2,7661,6576
bristol,other,foot,E02003023,E02003114,3,7534,6352
bristol,other,foot,E02003016,E02003090,1,7402,5979
bristol,other,foot,E02003024,E02003114,12,9298,7736
bristol,other,foot,E02003016,E02003100,4,8025,6931
bristol,other,foot,E02003013,E02003114,1,2231,1847
bristol,other,foot,E02003029,E02003114,6,10184,8424
bristol,other,foot,E02003032,E02003090,2,7558,6118
bristol,other,foot,E02003024,E02003090,3,8494,6929
bristol,other,foot,E02003014,E02003007,1,7105,6121
bristol,other,foot,E02003012,E02003100,2,12204,10378
bristol,other,foot,E02003012,E02003072,1,5507,4726
bristol,other,foot,E02003014,E02003100,2,14012,12112
bristol,other,foot,E02003034,E02003111,1,241456,197810
bristol,other,foot,E02003029,E02003111,9,238791,195472
bristol,other,foot,E02003024,E02003111,10,237965,194835
bristol,other,foot,E02003020,E02003111,1,239821,196523
bristol,other,bicycle,E02003036,E02003115,1,1923,458
bristol,other,bicycle,E02003034,E02003115,1,3794,1043
bristol,other,bicycle,E02003031,E02003115,1,2259,661
bristol,other,bicycle,E02003032,E02003115,3,8625,1972
bristol,other,bicycle,E02003030,E02003115,2,7161,1741
bristol,other,bicycle,E02003029,E02003115,3,9726,2204
bristol,other,bicycle,E02003027,E02003115,3,3284,799
bristol,other,bicycle,E02003025,E02003115,1,5302,1317
bristol,other,bicycle,E02003024,E02003115,3,9028,2082
bristol,other,bicycle,E02003018,E02003115,1,4999,1300
bristol,other,bicycle,E02003023,E02003115,2,7501,1808
bristol,other,bicycle,E02003015,E02003115,1,5302,1134
bristol,other,foot,E02003034,E02003110,1,6949,5912
bristol,other,foot,E02003034,E02003120,1,4498,3840
bristol,other,foot,E02003032,E02003121,2,8413,6949
bristol,other,foot,E02003030,E02003120,1,5778,4867
bristol,other,foot,E02003032,E02003120,1,7292,6041
bristol,other,foot,E02003029,E02003116,1,6960,5754
bristol,other,foot,E02003028,E02003121,1,2439,1917
bristol,other,foot,E02003027,E02003120,1,2634,2235
bristol,other,foot,E02003024,E02003116,1,6229,5302
bristol,other,foot,E02003021,E02003070,2,3107,2581
bristol,other,foot,E02003019,E02003110,1,5301,4398
bristol,other,foot,E02003036,E02003121,1,4366,3631
bristol,other,foot,E02003016,E02003120,1,3163,2594
bristol,other,foot,E02003031,E02003120,1,3124,2719
bristol,other,foot,E02003015,E02003110,1,3678,3003
bristol,other,foot,E02003014,E02003070,1,7088,6179
bristol,other,foot,E02003034,E02003070,1,962,964
bristol,other,foot,E02003013,E02003070,3,5413,4516
bristol,other,foot,E02003027,E02003070,1,2063,1748
bristol,other,foot,E02003033,E02003116,1,4315,3637
bristol,other,foot,E02003032,E02003116,2,6144,5090
bristol,other,foot,E02003029,E02003120,2,8108,6705
bristol,other,foot,E02003024,E02003110,2,9298,7736
bristol,other,foot,E02003033,E02003004,1,8270,7093
bristol,other,foot,E02003024,E02003120,2,7646,6380
bristol,other,foot,E02003023,E02003070,1,4985,4327
bristol,other,foot,E02003024,E02003070,1,5899,4976
bristol,other,foot,E02003029,E02003110,1,10184,8424
bristol,other,foot,E02003023,E02003120,1,5987,5167
bristol,other,foot,E02003016,E02003070,1,4114,3381
bristol,other,foot,E02003022,E02003004,1,9063,7646
bristol,other,foot,E02003014,E02003110,1,3435,2906
bristol,other,foot,E02003019,E02003070,1,7712,6499
bristol,other,foot,E02003013,E02003120,1,2094,1701
bristol,other,foot,E02003012,E02003004,1,12204,10378
bristol,other,foot,E02003013,E02003004,1,10332,8770
bristol,other,driving,E02003034,E02002985,5,2638,434
bristol,other,driving,E02003028,E02003107,41,3089,467
bristol,other,driving,E02003036,E02003066,3,1676,377
bristol,other,driving,E02003036,E02003115,2,4560,615
bristol,other,driving,E02003037,E02003108,5,5671,912
bristol,other,driving,E02003037,E02004665,6,7869,1175
bristol,other,passenger,E02003037,E02004665,2,7869,1175
bristol,other,driving,E02003037,E02003117,5,4991,840
bristol,other,driving,E02003034,E02003115,7,5558,864
bristol,other,driving,E02003034,E02003110,6,5082,769
bristol,other,taxi,E02003034,E02003108,1,4068,655
bristol,other,driving,E02003034,E02003108,27,4068,655
bristol,other,passenger,E02003034,E02003108,3,4068,655
bristol,other,driving,E02003037,E02003101,1,6018,847
bristol,other,driving,E02003036,E02003110,5,4285,574
bristol,other,passenger,E02003036,E02003110,1,4285,574
bristol,other,driving,E02003036,E02003108,7,4181,840
bristol,other,passenger,E02003036,E02003108,1,4181,840
bristol,other,driving,E02003034,E02003107,49,4120,695
bristol,other,passenger,E02003034,E02003107,2,4120,695
bristol,other,driving,E02003036,E02003107,36,4124,801
bristol,other,passenger,E02003036,E02003107,2,4124,801
bristol,other,driving,E02003036,E02003105,3,6411,829
bristol,other,driving,E02003037,E02003066,7,3159,610
bristol,other,driving,E02003036,E02004662,3,3661,571
bristol,other,driving,E02003036,E02004665,5,5979,964
bristol,other,driving,E02003037,E02003100,59,27360,2432
bristol,other,passenger,E02003037,E02003100,5,27360,2432
bristol,other,driving,E02003012,E02003097,6,39990,2278
bristol,other,driving,E02003037,E02003107,48,5239,841
bristol,other,passenger,E02003037,E02003107,1,5239,841
bristol,other,driving,E02003037,E02003105,2,5894,801
bristol,other,driving,E02003034,E02003106,77,8234,1143
bristol,other,passenger,E02003034,E02003106,4,8234,1143
bristol,other,driving,E02003034,E02003117,18,3256,543
bristol,other,driving,E02003036,E02003097,2,36583,2402
bristol,other,driving,E02003034,E02004665,4,4414,636
bristol,other,driving,E02003036,E02003106,83,7236,894
bristol,other,passenger,E02003036,E02003106,3,7236,894
bristol,other,driving,E02003037,E02003115,8,4043,588
bristol,other,driving,E02003037,E02003114,2,6970,896
bristol,other,driving,E02003036,E02003101,1,6535,874
bristol,other,driving,E02003036,E02003117,4,3174,688
bristol,other,driving,E02003036,E02002985,4,2162,472
bristol,other,driving,E02003037,E02003110,11,3768,546
bristol,other,driving,E02003037,E02003097,7,38473,2614
bristol,other,driving,E02003036,E02003114,5,7773,966
bristol,other,driving,E02003034,E02003114,3,8771,1215
bristol,other,passenger,E02003034,E02003114,1,8771,1215
bristol,other,driving,E02003012,E02003094,236,25338,2122
bristol,other,passenger,E02003012,E02003094,30,25338,2122
bristol,other,driving,E02003037,E02003106,111,6433,823
bristol,other,passenger,E02003037,E02003106,3,6433,823
bristol,other,driving,E02003037,E02003094,32,16585,1852
bristol,other,passenger,E02003037,E02003094,1,16585,1852
bristol,other,driving,E02003036,E02003098,20,19676,2133
bristol,other,driving,E02003037,E02003098,34,22730,2335
bristol,other,passenger,E02003037,E02003098,1,22730,2335
bristol,other,driving,E02003036,E02003094,17,13532,1650
bristol,other,driving,E02003034,E02003100,46,22752,2364
bristol,other,passenger,E02003034,E02003100,5,22752,2364
bristol,other,driving,E02003034,E02003097,1,35018,2075
bristol,other,driving,E02003033,E02003115,6,3852,540
bristol,other,driving,E02003033,E02003117,8,3446,732
bristol,other,driving,E02003033,E02002985,2,2433,516
bristol,other,driving,E02003031,E02003066,1,1523,334
bristol,other,driving,E02003033,E02003066,2,2687,500
bristol,other,taxi,E02003032,E02003117,1,5578,888
bristol,other,driving,E02003032,E02003117,28,5578,888
bristol,other,passenger,E02003032,E02003117,3,5578,888
bristol,other,driving,E02003033,E02003110,12,3577,498
bristol,other,driving,E02003033,E02003114,7,7066,891
bristol,other,driving,E02003033,E02004665,5,7207,1056
bristol,other,passenger,E02003033,E02004665,1,7207,1056
bristol,other,driving,E02003032,E02003108,51,6390,1001
bristol,other,passenger,E02003032,E02003108,8,6390,1001
bristol,other,taxi,E02003032,E02003107,1,6573,1054
bristol,other,driving,E02003032,E02003107,37,6573,1054
bristol,other,passenger,E02003032,E02003107,2,6573,1054
bristol,other,driving,E02003034,E02003105,4,5931,926
bristol,other,driving,E02003032,E02003110,22,7784,1163
bristol,other,passenger,E02003032,E02003110,2,7784,1163
bristol,other,driving,E02003036,E02003100,31,23434,2583
bristol,other,passenger,E02003036,E02003100,1,23434,2583
bristol,other,driving,E02003032,E02002985,6,5520,887
bristol,other,passenger,E02003032,E02002985,1,5520,887
bristol,other,driving,E02003034,E02003098,17,18112,1806
bristol,other,passenger,E02003034,E02003098,2,18112,1806
bristol,other,driving,E02003033,E02003101,4,5827,799
bristol,other,driving,E02003033,E02003105,4,5703,753
bristol,other,driving,E02003031,E02003115,7,4078,635
bristol,other,driving,E02003033,E02003107,28,4620,719
bristol,other,passenger,E02003033,E02003107,4,4620,719
bristol,other,driving,E02003032,E02003105,7,10091,1247
bristol,other,driving,E02003032,E02003094,25,10102,1228
bristol,other,passenger,E02003032,E02003094,1,10102,1228
bristol,other,passenger,E02003032,E02004662,1,7940,1214
bristol,other,driving,E02003033,E02003106,121,6528,818
bristol,other,passenger,E02003033,E02003106,2,6528,818
bristol,other,driving,E02003033,E02004662,3,2953,496
bristol,other,driving,E02003032,E02003115,25,9076,1422
bristol,other,passenger,E02003032,E02003115,1,9076,1422
bristol,other,driving,E02003034,E02003094,11,11967,1322
bristol,other,passenger,E02003034,E02003094,2,11967,1322
bristol,other,driving,E02003032,E02003066,3,5245,758
bristol,other,passenger,E02003034,E02003101,1,7097,1126
bristol,other,driving,E02003031,E02003117,9,3550,581
bristol,other,driving,E02003031,E02003101,2,6047,864
bristol,other,passenger,E02003031,E02003101,1,6047,864
bristol,other,driving,E02003032,E02003098,45,14953,1543
bristol,other,passenger,E02003032,E02003098,2,14953,1543
bristol,other,driving,E02003032,E02003101,2,11923,1484
bristol,other,driving,E02003031,E02003114,4,7519,992
bristol,other,driving,E02003030,E02003066,3,3370,475
bristol,other,driving,E02003029,E02004662,1,8560,1291
bristol,other,driving,E02003029,E02003107,29,7193,1131
bristol,other,passenger,E02003029,E02003107,2,7193,1131
bristol,other,driving,E02003030,E02003106,140,10639,1478
bristol,other,passenger,E02003030,E02003106,14,10639,1478
bristol,other,driving,E02003031,E02003100,63,23281,2540
bristol,other,passenger,E02003031,E02003100,3,23281,2540
bristol,other,taxi,E02003029,E02003115,1,9697,1499
bristol,other,driving,E02003029,E02003115,32,9697,1499
bristol,other,passenger,E02003029,E02003115,2,9697,1499
bristol,other,driving,E02003031,E02004662,2,2781,451
bristol,other,driving,E02003029,E02003117,28,6199,966
bristol,other,passenger,E02003029,E02003117,2,6199,966
bristol,other,driving,E02003029,E02003114,26,23446,1506
bristol,other,passenger,E02003029,E02003114,2,23446,1506
bristol,other,driving,E02003028,E02003066,1,2832,517
bristol,other,driving,E02003030,E02003097,4,20637,2030
bristol,other,driving,E02003029,E02003100,33,23874,2271
bristol,other,passenger,E02003029,E02003100,1,23874,2271
bristol,other,driving,E02003029,E02003105,3,10337,1253
bristol,other,driving,E02003029,E02003094,24,13171,1125
bristol,other,driving,E02003030,E02004662,1,6065,932
bristol,other,taxi,E02003031,E02003106,1,6982,920
bristol,other,driving,E02003031,E02003106,130,6982,920
bristol,other,passenger,E02003031,E02003106,9,6982,920
bristol,other,driving,E02003030,E02003108,28,4515,718
bristol,other,passenger,E02003030,E02003108,4,4515,718
bristol,other,driving,E02003036,E02003093,6,259691,10110
bristol,other,driving,E02003030,E02003100,53,24567,2460
bristol,other,passenger,E02003030,E02003100,2,24567,2460
bristol,other,driving,E02003029,E02002985,7,6140,964
bristol,other,driving,E02003029,E02003066,2,5866,835
bristol,other,driving,E02003030,E02003094,20,11780,1440
bristol,other,passenger,E02003030,E02003094,1,11780,1440
bristol,other,driving,E02003032,E02004665,4,3345,562
bristol,other,driving,E02003029,E02003106,109,24718,1672
bristol,other,passenger,E02003029,E02003106,18,24718,1672
bristol,other,driving,E02003030,E02003110,18,5909,881
bristol,other,driving,E02003029,E02003098,34,15185,1553
bristol,other,passenger,E02003029,E02003098,1,15185,1553
bristol,other,driving,E02003030,E02003098,26,16631,1756
bristol,other,passenger,E02003030,E02003098,2,16631,1756
bristol,other,driving,E02003031,E02003098,28,19523,2090
bristol,other,driving,E02003029,E02003097,2,17749,1604
bristol,other,driving,E02003030,E02003105,9,6509,1002
bristol,other,driving,E02003031,E02003097,7,36429,2359
bristol,other,driving,E02003031,E02003105,8,5824,825
bristol,other,driving,E02003031,E02003094,27,13378,1607
bristol,other,passenger,E02003031,E02003094,4,13378,1607
bristol,other,driving,E02003031,E02004665,10,5669,880
bristol,other,passenger,E02003031,E02004665,1,5669,880
bristol,other,driving,E02003031,E02003107,35,4147,649
bristol,other,driving,E02003032,E02003097,4,18143,1760
bristol,other,driving,E02003030,E02003115,20,7201,1140
bristol,other,passenger,E02003030,E02003115,1,7201,1140
bristol,other,driving,E02003030,E02003114,13,24423,1296
bristol,other,passenger,E02003030,E02003114,1,24423,1296
bristol,other,driving,E02003030,E02003117,14,3703,606
bristol,other,passenger,E02003030,E02003117,1,3703,606
bristol,other,driving,E02003030,E02003107,36,4698,771
bristol,other,driving,E02003030,E02004665,1,3588,578
bristol,other,driving,E02003032,E02003100,47,23641,2261
bristol,other,passenger,E02003032,E02003100,4,23641,2261
bristol,other,taxi,E02003032,E02003106,1,12514,1760
bristol,other,driving,E02003032,E02003106,126,12514,1760
bristol,other,passenger,E02003032,E02003106,17,12514,1760
bristol,other,taxi,E02003033,E02003100,1,23796,2630
bristol,other,driving,E02003033,E02003100,51,23796,2630
bristol,other,passenger,E02003033,E02003100,1,23796,2630
bristol,other,driving,E02003030,E02002985,6,3645,605
bristol,other,driving,E02003033,E02003097,3,37811,2494
bristol,other,driving,E02003033,E02003098,15,20687,2257
bristol,other,driving,E02003032,E02003114,29,26298,1579
bristol,other,taxi,E02003033,E02003094,1,14542,1773
bristol,other,driving,E02003033,E02003094,20,14542,1773
bristol,other,driving,E02003031,E02003110,18,3856,553
bristol,other,driving,E02003033,E02003108,13,5052,790
bristol,other,driving,E02003037,E02003093,14,259001,10326
bristol,other,driving,E02003033,E02003093,7,260919,10202
bristol,other,driving,E02003028,E02002985,2,2035,340
bristol,other,driving,E02003029,E02003108,40,7011,1078
bristol,other,passenger,E02003029,E02003108,8,7011,1078
bristol,other,driving,E02003029,E02004665,1,3320,544
bristol,other,driving,E02003026,E02003110,3,2300,346
bristol,other,driving,E02003028,E02003094,26,14688,1790
bristol,other,passenger,E02003028,E02003094,1,14688,1790
bristol,other,driving,E02003027,E02003105,6,3913,603
bristol,other,driving,E02003028,E02003114,7,6109,770
bristol,other,driving,E02003027,E02003101,6,5744,840
bristol,other,driving,E02003028,E02004662,1,1422,243
bristol,other,driving,E02003028,E02003105,3,4413,603
bristol,other,driving,E02003026,E02003106,104,3889,488
bristol,other,passenger,E02003026,E02003106,1,3889,488
bristol,other,driving,E02003025,E02003117,8,2383,394
bristol,other,passenger,E02003025,E02003117,2,2383,394
bristol,other,driving,E02003028,E02003097,6,37739,2542
bristol,other,driving,E02003026,E02003107,23,4879,688
bristol,other,driving,E02003026,E02003066,10,4979,794
bristol,other,driving,E02003027,E02003097,6,35475,2308
bristol,other,driving,E02003028,E02003108,9,3520,538
bristol,other,driving,E02003026,E02003108,14,5692,833
bristol,other,driving,E02003026,E02003105,5,3940,561
bristol,other,passenger,E02003026,E02003105,1,3940,561
bristol,other,driving,E02003026,E02002985,3,4070,638
bristol,other,driving,E02003031,E02003108,18,4362,693
bristol,other,passenger,E02003031,E02003108,1,4362,693
bristol,other,driving,E02003027,E02004665,12,4662,761
bristol,other,passenger,E02003027,E02004665,2,4662,761
bristol,other,driving,E02003028,E02003110,8,2446,330
bristol,other,driving,E02003026,E02003114,4,4426,561
bristol,other,driving,E02003028,E02003117,7,2840,466
bristol,other,driving,E02003028,E02003106,132,5571,697
bristol,other,passenger,E02003028,E02003106,2,5571,697
bristol,other,driving,E02003027,E02003110,22,3064,447
bristol,other,passenger,E02003027,E02003110,1,3064,447
bristol,other,taxi,E02003029,E02003110,1,8404,1240
bristol,other,driving,E02003029,E02003110,15,8404,1240
bristol,other,passenger,E02003029,E02003110,1,8404,1240
bristol,other,driving,E02003027,E02004662,3,2104,366
bristol,other,driving,E02003027,E02003117,17,1151,260
bristol,other,driving,E02003027,E02003066,4,2664,468
bristol,other,passenger,E02003027,E02003066,1,2664,468
bristol,other,driving,E02003028,E02003115,7,2668,412
bristol,other,driving,E02003028,E02003101,2,4636,642
bristol,other,driving,E02003026,E02003101,2,4064,606
bristol,other,taxi,E02003027,E02003106,1,7078,974
bristol,other,driving,E02003027,E02003106,174,7078,974
bristol,other,passenger,E02003027,E02003106,13,7078,974
bristol,other,driving,E02003025,E02003066,2,3705,597
bristol,other,driving,E02003027,E02003108,35,2158,411
bristol,other,driving,E02003028,E02004665,3,7069,1060
bristol,other,driving,E02003025,E02003114,4,9878,1344
bristol,other,driving,E02003026,E02003117,2,4875,764
bristol,other,driving,E02003026,E02003097,1,43673,2759
bristol,other,driving,E02003026,E02003094,35,18868,2003
bristol,other,passenger,E02003026,E02003094,2,18868,2003
bristol,other,driving,E02003026,E02003100,43,29642,2583
bristol,other,driving,E02003024,E02003066,8,5324,842
bristol,other,driving,E02003026,E02004665,3,9104,1357
bristol,other,driving,E02003025,E02004665,1,4231,642
bristol,other,driving,E02003030,E02003093,6,257317,9771
bristol,other,passenger,E02003030,E02003093,3,257317,9771
bristol,other,driving,E02003027,E02003098,51,20110,2102
bristol,other,passenger,E02003027,E02003098,3,20110,2102
bristol,other,driving,E02003027,E02003100,77,24750,2660
bristol,other,passenger,E02003027,E02003100,4,24750,2660
bristol,other,driving,E02003025,E02003107,48,2580,456
bristol,other,passenger,E02003025,E02003107,5,2580,456
bristol,other,driving,E02003031,E02003093,7,259538,10067
bristol,other,passenger,E02003031,E02003093,1,259538,10067
bristol,other,driving,E02003032,E02003093,7,259192,10053
bristol,other,passenger,E02003032,E02003093,1,259192,10053
bristol,other,driving,E02003027,E02003114,10,7615,1046
bristol,other,driving,E02003026,E02004662,3,3160,464
bristol,other,driving,E02003028,E02003100,68,28408,2574
bristol,other,passenger,E02003028,E02003100,2,28408,2574
bristol,other,driving,E02003027,E02003094,54,13965,1619
bristol,other,passenger,E02003027,E02003094,3,13965,1619
bristol,other,driving,E02003025,E02003110,7,4589,669
bristol,other,driving,E02003028,E02003098,26,20832,2273
bristol,other,passenger,E02003028,E02003098,1,20832,2273
bristol,other,driving,E02003027,E02003115,9,3588,608
bristol,other,driving,E02003022,E02003115,8,2414,410
bristol,other,driving,E02003023,E02003114,19,22574,1425
bristol,other,passenger,E02003023,E02003114,1,22574,1425
bristol,other,driving,E02003022,E02003117,5,3134,496
bristol,other,driving,E02003023,E02003105,5,7343,921
bristol,other,driving,E02003024,E02003117,16,6444,908
bristol,other,passenger,E02003024,E02003117,3,6444,908
bristol,other,driving,E02003023,E02003115,20,8069,1254
bristol,other,passenger,E02003023,E02003115,2,8069,1254
bristol,other,driving,E02003023,E02003108,28,5749,758
bristol,other,passenger,E02003023,E02003108,5,5749,758
bristol,other,driving,E02003024,E02003094,47,14195,1329
bristol,other,passenger,E02003024,E02003094,4,14195,1329
bristol,other,driving,E02003024,E02004662,2,8805,1234
bristol,other,driving,E02003026,E02003115,4,1563,275
bristol,other,driving,E02003023,E02004662,2,6932,1045
bristol,other,driving,E02003024,E02003105,6,9216,1110
bristol,other,driving,E02003022,E02004665,6,7651,1100
bristol,other,driving,E02003024,E02003108,41,7622,946
bristol,other,passenger,E02003024,E02003108,7,7622,946
bristol,other,driving,E02003025,E02003101,7,6223,923
bristol,other,passenger,E02003025,E02003101,2,6223,923
bristol,other,driving,E02003029,E02003093,3,256341,9980
bristol,other,driving,E02003023,E02003110,14,6776,995
bristol,other,driving,E02003022,E02003066,1,3842,675
bristol,other,driving,E02003023,E02003101,6,9175,1158
bristol,other,passenger,E02003023,E02003101,1,9175,1158
bristol,other,driving,E02003023,E02003107,34,5565,885
bristol,other,passenger,E02003023,E02003107,3,5565,885
bristol,other,driving,E02003024,E02003110,22,8649,1183
bristol,other,passenger,E02003024,E02003110,1,8649,1183
bristol,other,driving,E02003025,E02003097,5,35044,2189
bristol,other,passenger,E02003025,E02003097,1,35044,2189
bristol,other,driving,E02003022,E02002985,1,2104,367
bristol,other,driving,E02003025,E02003094,55,14949,1646
bristol,other,passenger,E02003025,E02003094,9,14949,1646
bristol,other,driving,E02003025,E02003098,35,19021,2148
bristol,other,passenger,E02003025,E02003098,8,19021,2148
bristol,other,driving,E02003025,E02003100,45,25700,2644
bristol,other,passenger,E02003025,E02003100,4,25700,2644
bristol,other,driving,E02003022,E02003107,32,3139,442
bristol,other,passenger,E02003022,E02003107,2,3139,442
bristol,other,driving,E02003024,E02003107,38,7438,1073
bristol,other,passenger,E02003024,E02003107,3,7438,1073
bristol,other,driving,E02003023,E02002985,7,4512,718
bristol,other,passenger,E02003023,E02002985,1,4512,718
bristol,other,taxi,E02003024,E02003106,1,24565,1621
bristol,other,driving,E02003024,E02003106,176,24565,1621
bristol,other,passenger,E02003024,E02003106,25,24565,1621
bristol,other,taxi,E02003023,E02003106,1,12630,1580
bristol,other,driving,E02003023,E02003106,136,12630,1580
bristol,other,passenger,E02003023,E02003106,20,12630,1580
bristol,other,driving,E02003022,E02003106,91,6136,795
bristol,other,passenger,E02003022,E02003106,1,6136,795
bristol,other,driving,E02003025,E02003115,5,5882,928
bristol,other,passenger,E02003025,E02003115,1,5882,928
bristol,other,driving,E02003023,E02003098,26,18388,2086
bristol,other,passenger,E02003023,E02003098,1,18388,2086
bristol,other,driving,E02003027,E02003093,9,258583,10015
bristol,other,driving,E02003026,E02003098,21,25013,2486
bristol,other,taxi,E02003023,E02003100,1,25797,2651
bristol,other,driving,E02003023,E02003100,34,25797,2651
bristol,other,driving,E02003022,E02003105,2,3373,471
bristol,other,driving,E02003024,E02003101,8,11048,1347
bristol,other,passenger,E02003024,E02003101,1,11048,1347
bristol,other,driving,E02003024,E02004665,7,2470,424
bristol,other,driving,E02003023,E02003117,17,4571,720
bristol,other,passenger,E02003023,E02003117,1,4571,720
bristol,other,driving,E02003025,E02003105,4,4391,686
bristol,other,passenger,E02003025,E02003105,2,4391,686
bristol,other,taxi,E02003025,E02003106,1,9319,1266
bristol,other,driving,E02003025,E02003106,78,9319,1266
bristol,other,passenger,E02003025,E02003106,8,9319,1266
bristol,other,driving,E02003024,E02002985,5,6385,907
bristol,other,driving,E02003023,E02003066,4,4600,666
bristol,other,taxi,E02003023,E02003094,1,15046,1653
bristol,other,driving,E02003023,E02003094,30,15046,1653
bristol,other,passenger,E02003023,E02003094,5,15046,1653
bristol,other,driving,E02003022,E02003110,13,1406,199
bristol,other,driving,E02003024,E02003115,35,9942,1442
bristol,other,driving,E02003023,E02003097,1,20701,2121
bristol,other,driving,E02003022,E02003114,5,6950,881
bristol,other,driving,E02003022,E02003094,25,15369,1867
bristol,other,passenger,E02003022,E02003094,1,15369,1867
bristol,other,driving,E02003024,E02003114,24,23293,1455
bristol,other,passenger,E02003024,E02003114,4,23293,1455
bristol,other,driving,E02003024,E02003100,49,28100,2416
bristol,other,passenger,E02003024,E02003100,3,28100,2416
bristol,other,driving,E02003022,E02003101,2,3909,585
bristol,other,driving,E02003022,E02003100,42,30036,2793
bristol,other,driving,E02003024,E02003097,6,18773,1808
bristol,other,driving,E02003024,E02003098,50,17639,1786
bristol,other,passenger,E02003024,E02003098,3,17639,1786
bristol,other,driving,E02003022,E02003097,4,36025,2566
bristol,other,driving,E02003022,E02003098,19,21513,2351
bristol,other,driving,E02003021,E02002985,1,1132,257
bristol,other,driving,E02003028,E02003093,8,257619,10121
bristol,other,taxi,E02003020,E02003101,1,2979,458
bristol,other,driving,E02003020,E02003101,4,2979,458
bristol,other,passenger,E02003020,E02003101,1,2979,458
bristol,other,driving,E02003019,E02003107,38,7808,1008
bristol,other,passenger,E02003019,E02003107,3,7808,1008
bristol,other,driving,E02003019,E02003101,7,6093,721
bristol,other,passenger,E02003019,E02003101,1,6093,721
bristol,other,driving,E02003019,E02003110,9,5472,670
bristol,other,driving,E02003021,E02003114,2,7794,1039
bristol,other,driving,E02003021,E02003115,10,3798,623
bristol,other,driving,E02003019,E02003115,7,4941,625
bristol,other,driving,E02003018,E02003114,7,2693,339
bristol,other,taxi,E02003021,E02003106,1,7235,960
bristol,other,driving,E02003021,E02003106,111,7235,960
bristol,other,passenger,E02003021,E02003106,3,7235,960
bristol,other,driving,E02003020,E02003107,32,3914,607
bristol,other,driving,E02003018,E02003105,3,3946,440
bristol,other,driving,E02003018,E02003115,2,2692,333
bristol,other,driving,E02003019,E02003097,3,45619,2441
bristol,other,driving,E02003020,E02003097,1,42588,2612
bristol,other,driving,E02003018,E02003107,23,5115,674
bristol,other,passenger,E02003018,E02003107,2,5115,674
bristol,other,driving,E02003020,E02003108,7,4726,752
bristol,other,driving,E02003019,E02003105,2,6639,774
bristol,other,driving,E02003021,E02003098,42,19379,2210
bristol,other,passenger,E02003021,E02003098,3,19379,2210
bristol,other,driving,E02003020,E02004665,3,8426,1265
bristol,other,driving,E02003018,E02003101,3,4071,485
bristol,other,driving,E02003018,E02003108,7,6333,794
bristol,other,driving,E02003018,E02002985,1,5374,727
bristol,other,driving,E02003018,E02003066,5,6329,921
bristol,other,passenger,E02003018,E02003066,1,6329,921
bristol,other,driving,E02003018,E02003106,53,2156,267
bristol,other,passenger,E02003018,E02003106,1,2156,267
bristol,other,driving,E02003021,E02003101,2,5186,757
bristol,other,driving,E02003019,E02003108,13,9026,1128
bristol,other,passenger,E02003019,E02003108,3,9026,1128
bristol,other,driving,E02003019,E02004665,1,23002,1470
bristol,other,driving,E02003020,E02003117,5,3909,660
bristol,other,taxi,E02003019,E02003106,1,2446,345
bristol,other,driving,E02003019,E02003106,58,2446,345
bristol,other,passenger,E02003019,E02003106,3,2446,345
bristol,other,driving,E02003021,E02003097,4,35401,2250
bristol,other,passenger,E02003021,E02003097,1,35401,2250
bristol,other,taxi,E02003020,E02003094,2,17084,2144
bristol,other,driving,E02003020,E02003094,51,17084,2144
bristol,other,passenger,E02003020,E02003094,3,17084,2144
bristol,other,driving,E02003018,E02004665,1,9870,1337
bristol,other,driving,E02003019,E02004662,3,6870,864
bristol,other,driving,E02003018,E02003117,4,5353,732
bristol,other,passenger,E02003018,E02003117,1,5353,732
bristol,other,driving,E02003021,E02003105,7,3354,520
bristol,other,passenger,E02003021,E02003105,2,3354,520
bristol,other,driving,E02003020,E02003106,97,4408,578
bristol,other,passenger,E02003020,E02003106,2,4408,578
bristol,other,driving,E02003021,E02003107,48,1542,290
bristol,other,passenger,E02003021,E02003107,6,1542,290
bristol,other,driving,E02003020,E02003105,2,2855,413
bristol,other,driving,E02003019,E02003066,4,8577,1213
bristol,other,driving,E02003022,E02003108,14,3952,587
bristol,other,driving,E02003019,E02003117,3,8046,1066
bristol,other,driving,E02003021,E02003094,41,14458,1708
bristol,other,passenger,E02003021,E02003094,5,14458,1708
bristol,other,driving,E02003020,E02004662,2,2414,414
bristol,other,passenger,E02003020,E02004662,1,2414,414
bristol,other,driving,E02003020,E02003066,8,5228,871
bristol,other,passenger,E02003020,E02003066,1,5228,871
bristol,other,driving,E02003020,E02003100,45,31044,2775
bristol,other,passenger,E02003020,E02003100,1,31044,2775
bristol,other,driving,E02003021,E02004665,4,4588,703
bristol,other,driving,E02003020,E02002985,5,3588,607
bristol,other,driving,E02003021,E02004662,3,2661,414
bristol,other,driving,E02003027,E02003107,50,2101,373
bristol,other,passenger,E02003027,E02003107,4,2101,373
bristol,other,driving,E02003020,E02003110,4,1335,265
bristol,other,taxi,E02003021,E02003108,1,1197,216
bristol,other,driving,E02003021,E02003108,14,1197,216
bristol,other,driving,E02003025,E02003108,23,2177,365
bristol,other,passenger,E02003025,E02003108,1,2177,365
bristol,other,driving,E02003021,E02003110,11,2505,364
bristol,other,driving,E02003026,E02003093,8,257047,10085
bristol,other,driving,E02003019,E02002985,3,7780,1037
bristol,other,driving,E02003020,E02003098,26,23228,2627
bristol,other,driving,E02003017,E02003114,3,5289,675
bristol,other,driving,E02003015,E02003066,1,4127,756
bristol,other,driving,E02003017,E02003117,8,2574,395
bristol,other,driving,E02003015,E02003117,10,1354,327
bristol,other,passenger,E02003015,E02003117,1,1354,327
bristol,other,taxi,E02003017,E02003106,1,4730,597
bristol,other,driving,E02003017,E02003106,97,4730,597
bristol,other,passenger,E02003017,E02003106,1,4730,597
bristol,other,driving,E02003015,E02003101,7,3726,549
bristol,other,passenger,E02003015,E02003101,1,3726,549
bristol,other,driving,E02003015,E02002985,3,2101,456
bristol,other,passenger,E02003014,E02003114,1,2420,348
bristol,other,driving,E02003015,E02004662,4,2579,398
bristol,other,driving,E02003014,E02003110,2,4771,603
bristol,other,driving,E02003018,E02003110,5,2779,337
bristol,other,driving,E02003023,E02003093,6,255469,9899
bristol,other,driving,E02003017,E02003066,8,4947,746
bristol,other,driving,E02003017,E02003105,4,2256,313
bristol,other,driving,E02003019,E02003098,20,26749,2665
bristol,other,passenger,E02003019,E02003098,1,26749,2665
bristol,other,driving,E02003017,E02003107,44,2579,342
bristol,other,passenger,E02003017,E02003107,1,2579,342
bristol,other,driving,E02003016,E02002985,2,2139,438
bristol,other,driving,E02003024,E02003093,8,256188,9929
bristol,other,driving,E02003018,E02003100,35,30147,2603
bristol,other,passenger,E02003018,E02003100,2,30147,2603
bristol,other,driving,E02003017,E02003115,4,1293,259
bristol,other,driving,E02003016,E02003117,9,1197,241
bristol,other,driving,E02003018,E02003094,74,19373,2023
bristol,other,passenger,E02003018,E02003094,14,19373,2023
bristol,other,driving,E02003018,E02003098,19,25517,2506
bristol,other,driving,E02003019,E02003100,62,31378,2762
bristol,other,passenger,E02003019,E02003100,1,31378,2762
bristol,other,driving,E02003020,E02003114,2,4945,650
bristol,other,driving,E02003015,E02003105,6,1895,312
bristol,other,passenger,E02003015,E02003105,1,1895,312
bristol,other,driving,E02003022,E02003093,3,255442,10104
bristol,other,driving,E02003018,E02003097,2,43679,2639
bristol,other,passenger,E02003018,E02003097,1,43679,2639
bristol,other,driving,E02003021,E02003100,51,26057,2705
bristol,other,passenger,E02003021,E02003100,3,26057,2705
bristol,other,driving,E02003025,E02003093,10,258152,9896
bristol,other,driving,E02003014,E02003115,4,4404,571
bristol,other,taxi,E02003016,E02003107,1,1535,277
bristol,other,driving,E02003016,E02003107,68,1535,277
bristol,other,passenger,E02003016,E02003107,9,1535,277
bristol,other,driving,E02003016,E02003115,8,4702,745
bristol,other,driving,E02003019,E02003094,163,20604,2182
bristol,other,passenger,E02003019,E02003094,20,20604,2182
bristol,other,driving,E02003017,E02004665,3,7091,1000
bristol,other,driving,E02003016,E02003101,4,4208,575
bristol,other,passenger,E02003016,E02003101,1,4208,575
bristol,other,driving,E02003016,E02004665,4,5796,773
bristol,other,driving,E02003021,E02003093,8,258510,9957
bristol,other,driving,E02003015,E02004665,1,5583,921
bristol,other,driving,E02003015,E02003108,13,1705,331
bristol,other,passenger,E02003015,E02003108,1,1705,331
bristol,other,driving,E02003015,E02003114,6,7628,1027
bristol,other,passenger,E02003015,E02003114,3,7628,1027
bristol,other,driving,E02003016,E02003098,52,25291,2209
bristol,other,passenger,E02003016,E02003098,8,25291,2209
bristol,other,driving,E02003016,E02003105,2,2376,339
bristol,other,driving,E02003015,E02003097,2,34546,2407
bristol,other,driving,E02003016,E02004662,2,3565,537
bristol,other,driving,E02003015,E02003106,73,7182,971
bristol,other,passenger,E02003015,E02003106,9,7182,971
bristol,other,driving,E02003017,E02004662,3,1448,210
bristol,other,passenger,E02003017,E02004662,1,1448,210
bristol,other,driving,E02003014,E02003066,3,8040,1159
bristol,other,driving,E02003015,E02003110,5,2423,347
bristol,other,passenger,E02003015,E02003110,2,2423,347
bristol,other,driving,E02003016,E02003094,60,15376,1822
bristol,other,passenger,E02003016,E02003094,14,15376,1822
bristol,other,driving,E02003014,E02004662,1,6333,810
bristol,other,driving,E02003017,E02003100,43,30032,2745
bristol,other,driving,E02003020,E02003093,8,255962,9937
bristol,other,driving,E02003014,E02003117,10,7345,998
bristol,other,passenger,E02003014,E02003117,2,7345,998
bristol,other,taxi,E02003015,E02003094,1,15428,1907
bristol,other,driving,E02003015,E02003094,56,15428,1907
bristol,other,passenger,E02003015,E02003094,5,15428,1907
bristol,other,driving,E02003016,E02003114,3,8876,1118
bristol,other,passenger,E02003016,E02003114,1,8876,1118
bristol,other,driving,E02003014,E02004665,1,11863,1603
bristol,other,driving,E02003014,E02002985,4,7243,983
bristol,other,driving,E02003016,E02003110,17,3409,486
bristol,other,driving,E02003017,E02003097,2,35465,2466
bristol,other,passenger,E02003017,E02003097,1,35465,2466
bristol,other,driving,E02003017,E02003094,42,16248,1897
bristol,other,passenger,E02003017,E02003094,6,16248,1897
bristol,other,driving,E02003013,E02003108,27,2386,355
bristol,other,passenger,E02003013,E02003108,1,2386,355
bristol,other,driving,E02003013,E02003115,8,2858,427
bristol,other,passenger,E02003013,E02003115,3,2858,427
bristol,other,driving,E02003013,E02003107,102,1872,280
bristol,other,passenger,E02003013,E02003107,10,1872,280
bristol,other,driving,E02003014,E02003101,3,4015,570
bristol,other,passenger,E02003014,E02003101,1,4015,570
bristol,other,driving,E02003012,E02003107,85,3697,495
bristol,other,passenger,E02003012,E02003107,12,3697,495
bristol,other,driving,E02003015,E02003115,4,3716,606
bristol,other,passenger,E02003015,E02003115,1,3716,606
bristol,other,driving,E02003012,E02002985,4,5618,815
bristol,other,driving,E02003013,E02002985,7,3923,664
bristol,other,driving,E02003017,E02003108,25,3392,487
bristol,other,passenger,E02003017,E02003108,1,3392,487
bristol,other,driving,E02003017,E02003101,4,2503,386
bristol,other,passenger,E02003017,E02003101,2,2503,386
bristol,other,driving,E02003017,E02002985,3,2921,446
bristol,other,driving,E02003012,E02003110,9,2727,372
bristol,other,driving,E02003012,E02003114,12,5623,661
bristol,other,driving,E02003016,E02003097,1,32812,2157
bristol,other,taxi,E02003016,E02003100,1,26869,2839
bristol,other,driving,E02003016,E02003100,64,26869,2839
bristol,other,passenger,E02003016,E02003100,4,26869,2839
bristol,other,driving,E02003012,E02003105,7,2598,302
bristol,other,passenger,E02003012,E02003105,1,2598,302
bristol,other,driving,E02003013,E02003114,9,6500,779
bristol,other,passenger,E02003013,E02003114,2,6500,779
bristol,other,driving,E02003012,E02003108,20,4211,570
bristol,other,driving,E02003012,E02004665,5,9221,1154
bristol,other,driving,E02003014,E02003108,14,8325,1060
bristol,other,passenger,E02003014,E02003108,1,8325,1060
bristol,other,driving,E02003014,E02003097,2,46656,2588
bristol,other,driving,E02003013,E02003066,7,5949,964
bristol,other,driving,E02003012,E02004662,7,4174,582
bristol,other,driving,E02003013,E02003110,17,2420,321
bristol,other,passenger,E02003013,E02003110,2,2420,321
bristol,other,driving,E02003013,E02003101,12,2558,316
bristol,other,passenger,E02003013,E02003101,4,2558,316
bristol,other,driving,E02003014,E02003107,33,7108,940
bristol,other,passenger,E02003014,E02003107,2,7108,940
bristol,other,driving,E02003013,E02003106,134,5941,701
bristol,other,passenger,E02003013,E02003106,9,5941,701
bristol,other,driving,E02003013,E02004665,4,7397,938
bristol,other,driving,E02003013,E02003117,11,3176,536
bristol,other,passenger,E02003013,E02003117,3,3176,536
bristol,other,driving,E02003014,E02003094,152,20865,2224
bristol,other,passenger,E02003014,E02003094,31,20865,2224
bristol,other,driving,E02003012,E02003093,19,253365,9603
bristol,other,passenger,E02003012,E02003093,3,253365,9603
bristol,other,driving,E02003016,E02003106,115,7663,997
bristol,other,passenger,E02003016,E02003106,10,7663,997
bristol,other,driving,E02003012,E02003117,6,5000,752
bristol,other,driving,E02003012,E02003106,119,3551,516
bristol,other,passenger,E02003012,E02003106,7,3551,516
bristol,other,driving,E02003015,E02003100,52,27052,2923
bristol,other,passenger,E02003015,E02003100,5,27052,2923
bristol,other,driving,E02003013,E02003097,5,34413,2322
bristol,other,driving,E02003012,E02003066,5,7258,1079
bristol,other,taxi,E02003012,E02003115,1,3042,450
bristol,other,driving,E02003012,E02003115,10,3042,450
bristol,other,taxi,E02003014,E02003100,1,31640,2804
bristol,other,driving,E02003014,E02003100,34,31640,2804
bristol,other,passenger,E02003014,E02003100,10,31640,2804
bristol,other,driving,E02003015,E02003098,32,21572,2390
bristol,other,passenger,E02003015,E02003098,3,21572,2390
bristol,other,taxi,E02003013,E02003094,1,23514,1906
bristol,other,driving,E02003013,E02003094,206,23514,1906
bristol,other,passenger,E02003013,E02003094,33,23514,1906
bristol,other,driving,E02003014,E02003098,23,27010,2707
bristol,other,passenger,E02003014,E02003098,2,27010,2707
bristol,other,driving,E02003012,E02003100,104,32345,3031
bristol,other,passenger,E02003012,E02003100,12,32345,3031
bristol,other,driving,E02003012,E02003098,40,40113,2379
bristol,other,passenger,E02003012,E02003098,5,40113,2379
bristol,other,driving,E02003013,E02003100,93,31970,2993
bristol,other,passenger,E02003013,E02003100,12,31970,2993
bristol,other,driving,E02003019,E02003093,16,258994,9766
bristol,other,passenger,E02003019,E02003093,1,258994,9766
bristol,other,driving,E02003017,E02003098,24,22393,2381
bristol,other,passenger,E02003017,E02003098,1,22393,2381
bristol,other,driving,E02003034,E02003093,29,258127,9782
bristol,other,passenger,E02003034,E02003093,2,258127,9782
bristol,other,driving,E02003013,E02003098,57,26892,2374
bristol,other,passenger,E02003013,E02003098,3,26892,2374
bristol,other,driving,E02003018,E02003093,7,257053,9964
bristol,other,driving,E02003016,E02003093,8,253429,9859
bristol,other,driving,E02003017,E02003093,6,255486,9865
bristol,other,driving,E02003015,E02003093,12,253964,9945
bristol,other,driving,E02003014,E02003093,5,260031,9913
bristol,other,driving,E02003013,E02003093,18,255541,9795
bristol,other,passenger,E02003013,E02003093,2,255541,9795
bristol,other,driving,E02003012,E02003076,3,25338,2122
bristol,other,passenger,E02003012,E02003076,2,25338,2122
bristol,other,driving,E02003018,E02006492,1,5374,727
bristol,other,driving,E02003032,E02006492,2,5520,887
bristol,other,driving,E02003026,E02003071,3,9104,1357
bristol,other,driving,E02003028,E02003088,6,3520,538
bristol,other,passenger,E02003028,E02003088,1,3520,538
bristol,other,driving,E02003037,E02006492,4,3440,655
bristol,other,driving,E02003037,E02003111,7,2933,434
bristol,other,driving,E02003037,E02003116,2,3552,651
bristol,weston-super-mare,driving,E02003037,E02003084,5,8672,1358
bristol,weston-super-mare,driving,E02003037,E02003089,12,5953,991
bristol,other,driving,E02003037,E02002251,3,4043,588
bristol,other,passenger,E02003037,E02002251,1,4043,588
bristol,other,driving,E02003037,E02004639,2,4991,840
bristol,other,driving,E02003037,E02003088,3,5671,912
bristol,other,driving,E02003036,E02004642,2,1676,377
bristol,other,passenger,E02003036,E02004642,1,1676,377
bristol,other,driving,E02003037,E02003095,7,38473,2614
bristol,other,driving,E02003037,E02003118,2,27360,2432
bristol,other,passenger,E02003037,E02003118,1,27360,2432
bristol,other,driving,E02003037,E02003120,2,6018,847
bristol,other,driving,E02003037,E02003067,12,259001,10326
bristol,other,driving,E02003036,E02003116,1,3024,540
bristol,other,driving,E02003036,E02003119,2,1394,238
bristol,other,driving,E02003036,E02002996,4,2239,328
bristol,other,driving,E02003036,E02006492,1,2162,472
bristol,other,driving,E02003036,E02006684,2,7773,966
bristol,other,driving,E02003036,E02004656,1,4285,574
bristol,other,driving,E02003036,E02003071,3,5979,964
bristol,other,driving,E02003036,E02003072,2,3661,571
bristol,other,driving,E02003036,E02003113,2,19676,2133
bristol,other,driving,E02003036,E02003067,8,259691,10110
bristol,other,passenger,E02003036,E02003067,1,259691,10110
bristol,weston-super-mare,driving,E02003034,E02003089,1,3537,582
bristol,other,driving,E02003034,E02002251,1,5558,864
bristol,other,driving,E02003034,E02003111,13,5056,786
bristol,other,passenger,E02003034,E02003119,1,2925,557
bristol,other,driving,E02003033,E02003120,3,5827,799
bristol,other,passenger,E02003033,E02003120,1,5827,799
bristol,other,driving,E02003034,E02003071,2,4414,636
bristol,other,driving,E02003034,E02003121,2,5931,926
bristol,other,driving,E02003034,E02003113,5,18112,1806
bristol,other,passenger,E02003034,E02003113,2,18112,1806
bristol,other,driving,E02003033,E02004642,4,2687,500
bristol,other,driving,E02003034,E02003095,5,35018,2075
bristol,other,driving,E02003033,E02003116,1,2900,526
bristol,weston-super-mare,driving,E02003033,E02003084,2,8010,1239
bristol,weston-super-mare,driving,E02003033,E02003089,9,4946,852
bristol,other,driving,E02003033,E02004656,1,3577,498
bristol,other,driving,E02003033,E02006684,2,7066,891
bristol,other,driving,E02003033,E02003121,1,5703,753
bristol,other,driving,E02003033,E02003118,1,23796,2630
bristol,other,driving,E02003033,E02003088,6,5052,790
bristol,other,driving,E02003033,E02003076,4,14542,1773
bristol,other,driving,E02003033,E02004639,3,3446,732
bristol,other,taxi,E02003033,E02003111,2,2980,457
bristol,other,driving,E02003033,E02003111,6,2980,457
bristol,other,driving,E02003033,E02003113,6,20687,2257
bristol,other,driving,E02003032,E02003116,6,6432,1045
bristol,other,driving,E02003032,E02003111,21,10083,1487
bristol,other,passenger,E02003032,E02003111,2,10083,1487
bristol,other,driving,E02003032,E02003119,8,7900,1177
bristol,other,driving,E02003033,E02003095,2,37811,2494
bristol,other,driving,E02003032,E02003071,1,3345,562
bristol,other,passenger,E02003032,E02003071,1,3345,562
bristol,weston-super-mare,driving,E02003032,E02003089,3,5221,837
bristol,other,driving,E02003032,E02004639,3,5578,888
bristol,other,driving,E02003032,E02003121,16,10091,1247
bristol,other,passenger,E02003032,E02003121,2,10091,1247
bristol,other,driving,E02003032,E02003113,9,14953,1543
bristol,other,driving,E02003032,E02003118,19,23641,2261
bristol,other,passenger,E02003032,E02003118,5,23641,2261
bristol,other,driving,E02003031,E02004642,2,1523,334
bristol,other,passenger,E02003031,E02004642,2,1523,334
bristol,other,driving,E02003032,E02003067,2,259192,10053
bristol,weston-super-mare,driving,E02003032,E02003084,4,1974,354
bristol,other,driving,E02003031,E02003111,4,3804,563
bristol,other,driving,E02003031,E02003071,5,5669,880
bristol,other,driving,E02003031,E02004639,6,3550,581
bristol,other,driving,E02003037,E02003072,3,3751,597
bristol,other,driving,E02003031,E02002251,2,4078,635
bristol,other,passenger,E02003031,E02002251,1,4078,635
bristol,other,driving,E02003031,E02004656,2,3856,553
bristol,other,driving,E02003031,E02006684,2,7519,992
bristol,other,driving,E02003031,E02003095,8,36429,2359
bristol,other,driving,E02003037,E02004642,4,3159,610
bristol,other,driving,E02003031,E02003067,6,259538,10067
bristol,other,driving,E02003030,E02003116,3,4557,762
bristol,other,driving,E02003030,E02003111,7,8208,1204
bristol,other,passenger,E02003030,E02003111,1,8208,1204
bristol,weston-super-mare,driving,E02003030,E02003089,2,3346,554
bristol,other,driving,E02003034,E02003088,3,4068,655
bristol,other,driving,E02003030,E02006492,2,3645,605
bristol,other,driving,E02003033,E02002996,9,1532,253
bristol,other,passenger,E02003033,E02002996,1,1532,253
bristol,other,driving,E02003036,E02004639,2,3174,688
bristol,other,driving,E02003030,E02004642,2,3370,475
bristol,other,driving,E02003030,E02003119,6,6025,894
bristol,weston-super-mare,driving,E02003036,E02003089,6,4654,821
bristol,other,driving,E02003030,E02003072,1,6065,932
bristol,other,driving,E02003030,E02004639,1,3703,606
bristol,other,driving,E02003030,E02003120,9,8341,1238
bristol,other,driving,E02003030,E02004656,1,5909,881
bristol,other,driving,E02003029,E02003119,8,8521,1254
bristol,other,passenger,E02003029,E02003119,1,8521,1254
bristol,other,driving,E02003036,E02003111,2,4058,537
bristol,other,driving,E02003034,E02004639,2,3256,543
bristol,other,driving,E02003029,E02002996,2,8377,1308
bristol,weston-super-mare,driving,E02003029,E02003084,2,1725,266
bristol,other,driving,E02003037,E02003071,11,7869,1175
bristol,other,driving,E02003029,E02003071,1,3320,544
bristol,other,driving,E02003029,E02002251,1,9697,1499
bristol,other,driving,E02003037,E02002996,6,2151,374
bristol,other,driving,E02003034,E02003072,6,4029,703
bristol,other,driving,E02003034,E02003116,2,2282,435
bristol,other,driving,E02003029,E02003088,2,7011,1078
bristol,other,passenger,E02003029,E02003088,1,7011,1078
bristol,other,driving,E02003033,E02003072,4,2953,496
bristol,other,driving,E02003029,E02004656,1,8404,1240
bristol,other,driving,E02003037,E02003121,1,5894,801
bristol,other,driving,E02003029,E02003118,11,23874,2271
bristol,other,passenger,E02003029,E02003118,4,23874,2271
bristol,weston-super-mare,driving,E02003034,E02003084,4,5217,819
bristol,other,driving,E02003036,E02003120,8,6535,874
bristol,other,driving,E02003029,E02003095,4,17749,1604
bristol,other,driving,E02003034,E02004656,2,5082,769
bristol,other,driving,E02003028,E02004642,5,2832,517
bristol,other,passenger,E02003028,E02004642,1,2832,517
bristol,other,driving,E02003036,E02003121,2,6411,829
bristol,other,driving,E02003037,E02006684,1,6970,896
bristol,other,driving,E02003028,E02004656,1,2446,330
bristol,other,driving,E02003028,E02003111,7,2394,341
bristol,other,driving,E02003028,E02003072,10,1422,243
bristol,other,passenger,E02003028,E02003072,1,1422,243
bristol,other,passenger,E02003028,E02003121,1,4413,603
bristol,other,driving,E02003028,E02003113,3,20832,2273
bristol,other,driving,E02003027,E02003072,6,2104,366
bristol,other,passenger,E02003027,E02003072,2,2104,366
bristol,other,driving,E02003028,E02002251,4,2668,412
bristol,other,passenger,E02003028,E02002251,1,2668,412
bristol,other,driving,E02003028,E02003120,5,4636,642
bristol,other,passenger,E02003028,E02003120,1,4636,642
bristol,weston-super-mare,driving,E02003028,E02003084,3,8065,1305
bristol,other,driving,E02003033,E02002251,2,3852,540
bristol,other,driving,E02003028,E02003095,10,37739,2542
bristol,other,driving,E02003031,E02003119,5,1414,326
bristol,other,driving,E02003028,E02003076,14,14688,1790
bristol,other,driving,E02003028,E02004639,2,2840,466
bristol,other,driving,E02003027,E02004642,7,2664,468
bristol,other,driving,E02003028,E02003118,2,28408,2574
bristol,other,driving,E02003031,E02002996,5,1771,298
bristol,other,passenger,E02003031,E02002996,3,1771,298
bristol,other,driving,E02003027,E02002996,15,1867,350
bristol,other,driving,E02003027,E02003116,6,977,197
bristol,weston-super-mare,driving,E02003031,E02003089,2,3992,645
bristol,weston-super-mare,driving,E02003027,E02003084,9,5658,1006
bristol,other,driving,E02003027,E02006684,4,7615,1046
bristol,other,driving,E02003033,E02006492,5,2433,516
bristol,other,driving,E02003032,E02004642,6,5245,758
bristol,other,passenger,E02003032,E02004642,1,5245,758
bristol,other,driving,E02003028,E02003067,10,257619,10121
bristol,other,passenger,E02003028,E02003067,1,257619,10121
bristol,other,driving,E02003036,E02003088,10,4181,840
bristol,other,driving,E02003034,E02002996,10,2822,560
bristol,other,driving,E02003027,E02004656,2,3064,447
bristol,other,driving,E02003027,E02003121,2,3913,603
bristol,other,driving,E02003027,E02003119,5,2392,522
bristol,other,driving,E02003034,E02003120,7,7097,1126
bristol,other,driving,E02003027,E02003095,15,35475,2308
bristol,other,driving,E02003037,E02003076,12,16585,1852
bristol,other,driving,E02003033,E02003071,5,7207,1056
bristol,other,driving,E02003026,E02003119,2,3076,491
bristol,weston-super-mare,driving,E02003026,E02003089,9,6467,1009
bristol,other,driving,E02003031,E02003088,5,4362,693
bristol,other,passenger,E02003031,E02003088,1,4362,693
bristol,other,driving,E02003031,E02003120,10,6047,864
bristol,other,driving,E02003027,E02003076,3,13965,1619
bristol,other,driving,E02003026,E02003072,4,3160,464
bristol,other,passenger,E02003026,E02003072,1,3160,464
bristol,other,driving,E02003036,E02003076,1,13532,1650
bristol,other,driving,E02003036,E02003118,3,23434,2583
bristol,other,driving,E02003026,E02006684,1,4426,561
bristol,other,passenger,E02003026,E02003120,1,4064,606
bristol,other,driving,E02003026,E02003088,1,5692,833
bristol,other,driving,E02003031,E02006492,8,1804,419
bristol,other,passenger,E02003031,E02006492,1,1804,419
bristol,other,driving,E02003026,E02003113,2,25013,2486
bristol,other,driving,E02003025,E02002996,2,4393,704
bristol,other,driving,E02003025,E02006492,2,2325,393
bristol,other,driving,E02003026,E02003076,5,18868,2003
bristol,other,driving,E02003032,E02003072,2,7940,1214
bristol,other,driving,E02003025,E02003111,4,6427,970
bristol,other,driving,E02003031,E02003121,3,5824,825
bristol,other,driving,E02003025,E02002251,1,5882,928
bristol,other,passenger,E02003025,E02002251,1,5882,928
bristol,other,driving,E02003026,E02003118,1,29642,2583
bristol,weston-super-mare,driving,E02003031,E02003084,9,6628,1104
bristol,other,driving,E02003031,E02003072,2,2781,451
bristol,other,driving,E02003025,E02006684,4,9878,1344
bristol,other,driving,E02003032,E02003095,8,18143,1760
bristol,other,driving,E02003025,E02004639,1,2383,394
bristol,other,driving,E02003025,E02004656,1,4589,669
bristol,other,driving,E02003030,E02002996,1,5881,948
bristol,other,driving,E02003036,E02003095,3,36583,2402
bristol,other,driving,E02003025,E02003088,2,2177,365
bristol,other,passenger,E02003025,E02003088,2,2177,365
bristol,other,driving,E02003029,E02004642,2,5866,835
bristol,other,driving,E02003025,E02003121,8,4391,686
bristol,other,driving,E02003029,E02006492,1,6140,964
bristol,other,passenger,E02003025,E02003095,1,35044,2189
bristol,other,driving,E02003025,E02003113,2,19021,2148
bristol,other,driving,E02003024,E02003119,2,7980,1261
bristol,other,passenger,E02003024,E02003119,1,7980,1261
bristol,other,driving,E02003030,E02003088,2,4515,718
bristol,other,driving,E02003032,E02002996,4,7756,1231
bristol,other,driving,E02003024,E02004639,3,6444,908
bristol,other,driving,E02003028,E02003116,1,1971,358
bristol,other,driving,E02003024,E02003116,5,6512,1129
bristol,other,driving,E02003030,E02003121,2,6509,1002
bristol,other,driving,E02003024,E02003072,2,8805,1234
bristol,other,passenger,E02003024,E02003072,1,8805,1234
bristol,other,driving,E02003031,E02003118,6,23281,2540
bristol,weston-super-mare,driving,E02003024,E02003089,2,6086,856
bristol,other,driving,E02003032,E02003120,10,11923,1484
bristol,other,passenger,E02003032,E02003120,1,11923,1484
bristol,other,driving,E02003024,E02004656,3,8649,1183
bristol,other,driving,E02003034,E02003118,5,22752,2364
bristol,other,driving,E02003024,E02003111,29,10949,1507
bristol,other,passenger,E02003024,E02003111,1,10949,1507
bristol,other,driving,E02003024,E02003071,2,2470,424
bristol,other,passenger,E02003032,E02006684,1,26298,1579
bristol,other,driving,E02003024,E02002996,1,8622,1251
bristol,other,passenger,E02003024,E02002996,1,8622,1251
bristol,other,driving,E02003024,E02006492,4,6385,907
bristol,other,driving,E02003024,E02004642,2,5324,842
bristol,other,driving,E02003037,E02003113,5,22730,2335
bristol,other,driving,E02003024,E02003120,7,11048,1347
bristol,other,driving,E02003032,E02003076,4,10102,1228
bristol,other,passenger,E02003032,E02003076,1,10102,1228
bristol,other,driving,E02003024,E02003118,7,28100,2416
bristol,other,passenger,E02003024,E02003118,2,28100,2416
bristol,other,driving,E02003024,E02003095,15,18773,1808
bristol,other,driving,E02003024,E02003113,9,17639,1786
bristol,other,driving,E02003024,E02003067,7,256188,9929
bristol,other,driving,E02003029,E02003116,11,7053,1122
bristol,other,passenger,E02003029,E02003116,1,7053,1122
bristol,other,driving,E02003023,E02003111,20,9076,1318
bristol,weston-super-mare,driving,E02003023,E02003089,3,4213,668
bristol,other,driving,E02003027,E02004639,6,1151,260
bristol,other,passenger,E02003027,E02004639,1,1151,260
bristol,weston-super-mare,driving,E02003023,E02003084,1,2470,414
bristol,weston-super-mare,driving,E02003028,E02003089,7,4432,711
bristol,other,driving,E02003034,E02006684,1,8771,1215
bristol,other,driving,E02003028,E02003119,6,1519,252
bristol,other,driving,E02003023,E02003072,1,6932,1045
bristol,other,driving,E02003028,E02003071,4,7069,1060
bristol,other,driving,E02003023,E02003113,6,18388,2086
bristol,other,driving,E02003023,E02003088,1,5749,758
bristol,other,driving,E02003034,E02003076,4,11967,1322
bristol,other,passenger,E02003034,E02003076,2,11967,1322
bristol,other,driving,E02003028,E02006492,7,2035,340
bristol,other,driving,E02003030,E02003076,3,11780,1440
bristol,other,passenger,E02003030,E02003076,3,11780,1440
bristol,other,driving,E02003023,E02003118,7,25797,2651
bristol,other,driving,E02003029,E02003072,1,8560,1291
bristol,other,passenger,E02003029,E02003072,1,8560,1291
bristol,other,driving,E02003026,E02002251,4,1563,275
bristol,other,passenger,E02003026,E02002251,2,1563,275
bristol,other,driving,E02003022,E02003116,3,2574,454
bristol,other,driving,E02003022,E02002996,5,1422,253
bristol,other,passenger,E02003022,E02002996,1,1422,253
bristol,other,driving,E02003027,E02003088,8,2158,411
bristol,other,driving,E02003022,E02003111,4,3236,452
bristol,other,driving,E02003026,E02006492,3,4070,638
bristol,other,driving,E02003027,E02002251,3,3588,608
bristol,other,driving,E02003023,E02003076,5,15046,1653
bristol,other,driving,E02003029,E02003121,11,10337,1253
bristol,other,passenger,E02003029,E02003121,1,10337,1253
bristol,other,driving,E02003022,E02002251,5,2414,410
bristol,other,driving,E02003031,E02003076,6,13378,1607
bristol,other,driving,E02003022,E02004639,1,3134,496
bristol,other,driving,E02003022,E02006684,1,6950,881
bristol,other,driving,E02003022,E02003121,5,3373,471
bristol,other,passenger,E02003022,E02003121,1,3373,471
bristol,other,driving,E02003026,E02004639,3,4875,764
bristol,other,driving,E02003021,E02006492,6,1132,257
bristol,other,passenger,E02003021,E02006492,1,1132,257
bristol,other,driving,E02003029,E02006684,4,23446,1506
bristol,other,driving,E02003026,E02003116,1,4005,655
bristol,other,driving,E02003027,E02003071,2,4662,761
bristol,other,driving,E02003021,E02003111,3,4805,687
bristol,other,driving,E02003021,E02003071,1,4588,703
bristol,other,driving,E02003021,E02003116,5,2022,416
bristol,other,driving,E02003026,E02002996,3,2396,376
bristol,other,driving,E02003026,E02003121,1,3940,561
bristol,other,driving,E02003021,E02003095,4,35401,2250
bristol,other,passenger,E02003021,E02003095,1,35401,2250
bristol,other,driving,E02003021,E02003067,10,258510,9957
bristol,other,driving,E02003021,E02003113,5,19379,2210
bristol,other,driving,E02003020,E02003119,1,4086,614
bristol,weston-super-mare,driving,E02003020,E02003089,7,5789,916
bristol,other,driving,E02003030,E02003095,7,20637,2030
bristol,other,driving,E02003020,E02002996,3,2757,434
bristol,other,driving,E02003020,E02003071,4,8426,1265
bristol,other,driving,E02003020,E02004639,1,3909,660
bristol,other,driving,E02003030,E02003118,4,24567,2460
bristol,other,passenger,E02003030,E02003118,1,24567,2460
bristol,other,driving,E02003020,E02003088,5,4726,752
bristol,other,driving,E02003020,E02003111,5,1563,256
bristol,other,driving,E02003020,E02003118,4,31044,2775
bristol,other,passenger,E02003020,E02003118,1,31044,2775
bristol,other,driving,E02003022,E02003088,2,3952,587
bristol,other,driving,E02003029,E02003113,4,15185,1553
bristol,other,passenger,E02003029,E02003113,1,15185,1553
bristol,other,driving,E02003020,E02003095,4,42588,2612
bristol,other,driving,E02003019,E02003119,3,7295,943
bristol,other,driving,E02003025,E02003071,4,4231,642
bristol,other,driving,E02003019,E02003111,2,4223,529
bristol,other,driving,E02003016,E02003095,3,32812,2157
bristol,other,driving,E02003030,E02006684,1,24423,1296
bristol,other,driving,E02003031,E02003113,8,19523,2090
bristol,other,passenger,E02003031,E02003113,1,19523,2090
bristol,weston-super-mare,driving,E02003019,E02003084,6,23770,1476
bristol,other,driving,E02003012,E02003121,4,2598,302
bristol,other,driving,E02003019,E02002251,1,4941,625
bristol,other,driving,E02003019,E02003088,5,9026,1128
bristol,other,driving,E02003026,E02004656,1,2300,346
bristol,other,driving,E02003012,E02003113,2,40113,2379
bristol,other,driving,E02003012,E02003118,2,32345,3031
bristol,other,driving,E02003029,E02003111,17,10704,1564
bristol,other,passenger,E02003029,E02003111,2,10704,1564
bristol,other,driving,E02003030,E02003113,6,16631,1756
bristol,other,driving,E02003019,E02003072,5,6870,864
bristol,other,driving,E02003019,E02004639,2,8046,1066
bristol,other,driving,E02003026,E02004642,7,4979,794
bristol,other,driving,E02003022,E02004656,2,1406,199
bristol,weston-super-mare,driving,E02003029,E02003089,2,5841,914
bristol,other,driving,E02003019,E02003067,15,258994,9766
bristol,other,passenger,E02003019,E02003067,3,258994,9766
bristol,other,driving,E02003023,E02003116,5,5234,873
bristol,other,driving,E02003027,E02003111,14,3900,617
bristol,other,driving,E02003029,E02003120,11,12169,1489
bristol,other,passenger,E02003029,E02003120,1,12169,1489
bristol,other,driving,E02003025,E02003072,2,4745,720
bristol,other,driving,E02003027,E02003120,3,5744,840
bristol,weston-super-mare,driving,E02003022,E02003089,2,5014,752
bristol,other,driving,E02003018,E02006684,1,2693,339
bristol,other,driving,E02003022,E02004642,5,3842,675
bristol,other,passenger,E02003022,E02004642,1,3842,675
bristol,other,driving,E02003021,E02002251,1,3798,623
bristol,other,driving,E02003022,E02003119,4,2940,505
bristol,other,driving,E02003023,E02003120,3,9175,1158
bristol,other,driving,E02003021,E02003072,2,2661,414
bristol,other,passenger,E02003021,E02003072,1,2661,414
bristol,other,driving,E02003023,E02006684,5,22574,1425
bristol,other,driving,E02003025,E02003120,2,6223,923
bristol,other,driving,E02003022,E02003120,6,3909,585
bristol,other,driving,E02003026,E02003095,4,43673,2759
bristol,other,passenger,E02003026,E02003095,1,43673,2759
bristol,other,driving,E02003018,E02003072,6,4201,535
bristol,other,passenger,E02003018,E02003072,1,4201,535
bristol,weston-super-mare,driving,E02003018,E02003089,1,7233,988
bristol,other,driving,E02003021,E02003119,8,3996,683
bristol,weston-super-mare,driving,E02003026,E02003084,6,10100,1602
bristol,other,driving,E02003018,E02003088,1,6333,794
bristol,other,driving,E02003021,E02004642,2,3158,557
bristol,other,driving,E02003024,E02003121,12,9216,1110
bristol,other,passenger,E02003024,E02003121,1,9216,1110
bristol,other,driving,E02003021,E02003088,3,1197,216
bristol,other,driving,E02003023,E02002996,3,6749,1062
bristol,other,passenger,E02003023,E02002996,1,6749,1062
bristol,other,driving,E02003014,E02003116,1,7179,1000
bristol,other,driving,E02003021,E02003120,3,5186,757
bristol,other,passenger,E02003021,E02003120,1,5186,757
bristol,other,driving,E02003018,E02003118,3,30147,2603
bristol,other,passenger,E02003018,E02003118,1,30147,2603
bristol,other,driving,E02003020,E02003116,1,4366,713
bristol,other,driving,E02003023,E02003121,5,7343,921
bristol,other,passenger,E02003023,E02003121,1,7343,921
bristol,other,driving,E02003024,E02006684,1,23293,1455
bristol,other,driving,E02003017,E02003088,4,3392,487
bristol,other,driving,E02003018,E02003113,2,25517,2506
bristol,other,driving,E02003027,E02003118,10,24750,2660
bristol,other,driving,E02003017,E02003111,1,2300,324
bristol,other,driving,E02003018,E02003067,7,257053,9964
bristol,other,driving,E02003022,E02006492,6,2104,367
bristol,other,driving,E02003017,E02006492,2,2921,446
bristol,weston-super-mare,driving,E02003017,E02003089,2,4454,652
bristol,other,driving,E02003016,E02002996,4,3514,575
bristol,other,driving,E02003021,E02002996,5,2477,431
bristol,other,driving,E02003020,E02003072,4,2414,414
bristol,other,passenger,E02003020,E02003072,1,2414,414
bristol,other,driving,E02003017,E02004639,6,2574,395
bristol,other,driving,E02003014,E02003088,1,8325,1060
bristol,other,passenger,E02003014,E02003088,1,8325,1060
bristol,other,driving,E02003017,E02002251,7,1293,259
bristol,other,driving,E02003020,E02004642,3,5228,871
bristol,other,driving,E02003025,E02003076,2,14949,1646
bristol,other,driving,E02003017,E02004642,5,4947,746
bristol,other,driving,E02003017,E02003120,2,2503,386
bristol,other,driving,E02003023,E02002251,2,8069,1254
bristol,other,passenger,E02003023,E02002251,1,8069,1254
bristol,other,driving,E02003021,E02003121,4,3354,520
bristol,other,passenger,E02003021,E02003121,1,3354,520
bristol,other,driving,E02003013,E02006684,2,6500,779
bristol,other,driving,E02003017,E02003118,2,30032,2745
bristol,other,driving,E02003030,E02003067,6,257317,9771
bristol,other,driving,E02003017,E02003113,2,22393,2381
bristol,other,driving,E02003017,E02003095,2,35465,2466
bristol,other,driving,E02003021,E02004656,1,2505,364
bristol,other,driving,E02003016,E02003119,3,5032,826
bristol,other,driving,E02003025,E02003118,4,25700,2644
bristol,weston-super-mare,driving,E02003016,E02003084,1,8696,1000
bristol,other,driving,E02003016,E02004642,2,4075,671
bristol,other,driving,E02003016,E02003071,1,5796,773
bristol,other,driving,E02003021,E02006684,2,7794,1039
bristol,other,driving,E02003020,E02006492,9,3588,607
bristol,other,driving,E02003024,E02003076,4,14195,1329
bristol,other,passenger,E02003024,E02003076,3,14195,1329
bristol,other,taxi,E02003016,E02003111,1,5709,810
bristol,other,driving,E02003016,E02003111,1,5709,810
bristol,weston-super-mare,driving,E02003020,E02003084,4,9422,1510
bristol,other,driving,E02003022,E02003071,1,7651,1100
bristol,other,driving,E02003015,E02004639,2,1354,327
bristol,other,driving,E02003016,E02004639,2,1197,241
bristol,other,driving,E02003020,E02006684,2,4945,650
bristol,other,driving,E02003012,E02003072,4,4174,582
bristol,other,driving,E02003012,E02004642,3,7258,1079
bristol,other,driving,E02003023,E02003095,1,20701,2121
bristol,other,driving,E02003022,E02003095,3,36025,2566
bristol,other,driving,E02003019,E02003121,2,6639,774
bristol,other,passenger,E02003019,E02003121,1,6639,774
bristol,other,driving,E02003027,E02003113,7,20110,2102
bristol,other,driving,E02003016,E02003118,5,26869,2839
bristol,other,driving,E02003018,E02002996,2,3857,484
bristol,other,driving,E02003016,E02002251,2,4702,745
bristol,other,passenger,E02003016,E02002251,1,4702,745
bristol,other,driving,E02003019,E02003120,5,6093,721
bristol,other,driving,E02003016,E02003113,4,25291,2209
bristol,other,passenger,E02003016,E02003113,1,25291,2209
bristol,weston-super-mare,driving,E02003013,E02003084,3,10297,1166
bristol,other,driving,E02003018,E02004642,3,6329,921
bristol,other,driving,E02003012,E02004656,3,2727,372
bristol,other,passenger,E02003012,E02004656,1,2727,372
bristol,weston-super-mare,driving,E02003015,E02003089,1,2580,506
bristol,other,driving,E02003022,E02003076,5,15369,1867
bristol,other,driving,E02003018,E02003111,2,2411,314
bristol,other,driving,E02003034,E02003067,6,258127,9782
bristol,other,driving,E02003018,E02002251,1,2692,333
bristol,weston-super-mare,driving,E02003015,E02003084,1,6579,1166
bristol,other,driving,E02003019,E02002996,1,6106,775
bristol,other,driving,E02003015,E02003071,3,5583,921
bristol,other,driving,E02003015,E02006684,2,7628,1027
bristol,other,driving,E02003017,E02002996,1,2482,351
bristol,other,driving,E02003021,E02003118,2,26057,2705
bristol,other,driving,E02003017,E02003072,3,1448,210
bristol,other,driving,E02003019,E02003071,7,23002,1470
bristol,other,driving,E02003015,E02003120,2,3726,549
bristol,other,driving,E02003015,E02003118,4,27052,2923
bristol,weston-super-mare,driving,E02003019,E02003089,2,9926,1322
bristol,other,driving,E02003015,E02003072,1,2579,398
bristol,other,driving,E02003015,E02003076,4,15428,1907
bristol,other,driving,E02003029,E02003067,2,256341,9980
bristol,other,driving,E02003015,E02003095,1,34546,2407
bristol,other,driving,E02003012,E02003111,3,4127,570
bristol,other,driving,E02003018,E02003121,1,3946,440
bristol,other,driving,E02003017,E02003071,1,7091,1000
bristol,other,driving,E02003013,E02004642,1,5949,964
bristol,other,driving,E02003022,E02003113,1,21513,2351
bristol,other,passenger,E02003022,E02003113,3,21513,2351
bristol,other,passenger,E02003014,E02003111,1,3903,509
bristol,other,driving,E02003014,E02003072,5,6333,810
bristol,weston-super-mare,driving,E02003018,E02003084,2,10866,1582
bristol,other,driving,E02003019,E02003118,5,31378,2762
bristol,other,driving,E02003022,E02003118,2,30036,2793
bristol,other,passenger,E02003022,E02003118,1,30036,2793
bristol,weston-super-mare,driving,E02003017,E02003084,1,8087,1245
bristol,other,driving,E02003014,E02003121,3,5939,706
bristol,other,passenger,E02003014,E02003121,1,5939,706
bristol,other,driving,E02003017,E02006684,2,5289,675
bristol,other,driving,E02003021,E02003076,2,14458,1708
bristol,other,driving,E02003018,E02003076,7,19373,2023
bristol,other,driving,E02003016,E02003121,3,2376,339
bristol,other,driving,E02003016,E02006492,4,2139,438
bristol,other,driving,E02003014,E02003120,4,4015,570
bristol,other,driving,E02003012,E02003119,4,6066,837
bristol,other,passenger,E02003012,E02003119,1,6066,837
bristol,other,driving,E02003016,E02003072,4,3565,537
bristol,other,passenger,E02003016,E02003072,1,3565,537
bristol,other,driving,E02003014,E02003095,3,46656,2588
bristol,other,passenger,E02003014,E02003095,1,46656,2588
bristol,other,driving,E02003014,E02003067,4,260031,9913
bristol,other,driving,E02003015,E02003119,1,4607,794
bristol,other,driving,E02003018,E02003120,1,4071,485
bristol,other,driving,E02003013,E02003119,1,5692,799
bristol,other,driving,E02003015,E02003067,8,253964,9945
bristol,other,passenger,E02003015,E02003067,1,253964,9945
bristol,other,driving,E02003016,E02003120,4,4208,575
bristol,other,driving,E02003013,E02002996,3,4435,637
bristol,other,driving,E02003020,E02003076,6,17084,2144
bristol,other,driving,E02003013,E02003111,2,3943,547
bristol,other,driving,E02003019,E02003095,3,45619,2441
bristol,other,driving,E02003019,E02003113,4,26749,2665
bristol,other,driving,E02003015,E02006492,4,2101,456
bristol,other,driving,E02003015,E02003111,3,4723,671
bristol,other,driving,E02003013,E02003072,3,3031,445
bristol,other,driving,E02003015,E02002996,3,3089,542
bristol,other,passenger,E02003015,E02002996,1,3089,542
bristol,other,driving,E02003013,E02003071,5,7397,938
bristol,other,driving,E02003013,E02004639,1,3176,536
bristol,other,driving,E02003015,E02002251,1,3716,606
bristol,other,passenger,E02003015,E02002251,1,3716,606
bristol,other,driving,E02003013,E02002251,2,2858,427
bristol,other,driving,E02003013,E02004656,1,2420,321
bristol,other,driving,E02003018,E02003095,3,43679,2639
bristol,other,driving,E02003013,E02003088,3,2386,355
bristol,other,passenger,E02003013,E02003088,1,2386,355
bristol,other,driving,E02003015,E02003121,3,1895,312
bristol,other,driving,E02003013,E02003118,5,31970,2993
bristol,other,passenger,E02003013,E02003118,2,31970,2993
bristol,other,driving,E02003015,E02004656,3,2423,347
bristol,other,driving,E02003013,E02003120,7,2558,316
bristol,other,driving,E02003016,E02006684,10,8876,1118
bristol,other,driving,E02003019,E02003076,6,20604,2182
bristol,other,driving,E02003020,E02003113,1,23228,2627
bristol,other,driving,E02003014,E02006684,2,2420,348
bristol,other,driving,E02003012,E02006492,4,5618,815
bristol,other,driving,E02003016,E02004656,6,3409,486
bristol,other,driving,E02003013,E02003067,6,255541,9795
bristol,other,passenger,E02003013,E02003067,1,255541,9795
bristol,other,driving,E02003015,E02003088,2,1705,331
bristol,other,passenger,E02003015,E02003088,1,1705,331
bristol,other,driving,E02003012,E02002251,3,3042,450
bristol,other,driving,E02003012,E02006684,3,5623,661
bristol,other,driving,E02003012,E02003071,1,9221,1154
bristol,other,driving,E02003012,E02003067,3,253365,9603
bristol,other,driving,E02003016,E02003076,2,15376,1822
bristol,other,driving,E02003017,E02003076,3,16248,1897
bristol,other,passenger,E02003017,E02003076,2,16248,1897
bristol,other,driving,E02003013,E02006492,3,3923,664
bristol,other,passenger,E02003013,E02006492,1,3923,664
bristol,other,driving,E02003014,E02003071,1,11863,1603
bristol,other,passenger,E02003014,E02003071,1,11863,1603
bristol,other,driving,E02003012,E02004639,2,5000,752
bristol,other,passenger,E02003012,E02004639,1,5000,752
bristol,other,driving,E02003013,E02003095,6,34413,2322
bristol,other,passenger,E02003013,E02003095,1,34413,2322
bristol,other,driving,E02003012,E02003095,3,39990,2278
bristol,other,driving,E02003033,E02003067,6,260919,10202
bristol,other,driving,E02003012,E02003088,1,4211,570
bristol,other,driving,E02003025,E02003067,4,258152,9896
bristol,other,passenger,E02003025,E02003067,1,258152,9896
bristol,weston-super-mare,driving,E02003012,E02003089,3,6226,930
bristol,weston-super-mare,passenger,E02003012,E02003089,1,6226,930
bristol,other,driving,E02003014,E02003076,3,20865,2224
bristol,other,passenger,E02003014,E02003076,1,20865,2224
bristol,other,driving,E02003013,E02003076,7,23514,1906
bristol,other,driving,E02003013,E02003113,5,26892,2374
bristol,weston-super-mare,driving,E02003012,E02003084,2,12121,1381
bristol,weston-super-mare,driving,E02003016,E02003089,1,2006,348
bristol,other,driving,E02003012,E02002996,4,4787,642
bristol,other,driving,E02003014,E02003118,1,31640,2804
bristol,other,driving,E02003022,E02003067,2,255442,10104
bristol,other,driving,E02003014,E02003113,7,27010,2707
bristol,other,driving,E02003027,E02003067,8,258583,10015
bristol,other,driving,E02003026,E02003067,9,257047,10085
bristol,other,passenger,E02003026,E02003067,1,257047,10085
bristol,other,driving,E02003020,E02003067,10,255962,9937
bristol,other,driving,E02003017,E02003067,12,255486,9865
bristol,other,driving,E02003016,E02003067,6,253429,9859
bristol,other,train,E02003037,W02000398,3,77751,7376
bristol,other,train,E02003037,E02002996,7,32922,4513
bristol,other,train,E02003047,E02002996,19,24587,3571
bristol,other,train,E02003037,E02003226,1,80269,6022
bristol,other,train,E02003047,E02003226,4,71934,5080
bristol,other,train,E02003040,E02003226,1,64397,5269
bristol,other,train,E02003036,E02002996,4,30465,5774
bristol,other,train,E02003037,E02002991,11,33601,5208
bristol,other,train,E02003036,E02003226,1,77832,8003
bristol,other,train,E02003046,E02002996,3,23802,4103
bristol,other,train,E02003045,E02002996,2,26060,4283
bristol,other,train,E02003034,E02002991,14,28747,4255
bristol,other,train,E02003045,E02003226,3,73407,5792
bristol,other,train,E02003034,E02003226,1,59915,3367
bristol,other,train,E02003043,W02000398,4,70395,7188
bristol,other,train,E02003040,E02002996,5,29877,6604
bristol,other,train,E02003033,E02003226,1,67387,5515
bristol,other,train,E02003046,E02002991,9,24481,4798
bristol,other,train,E02003046,E02003226,4,71149,5612
bristol,other,train,E02003045,E02002991,16,26739,4978
bristol,other,train,E02003045,W02000398,3,70889,7146
bristol,other,train,E02003036,E02002991,8,31144,6469
bristol,other,train,E02003043,E02002991,16,26245,5020
bristol,other,train,E02003041,E02002996,3,30580,5865
bristol,other,train,E02003036,W02000398,4,77123,9297
bristol,other,train,E02003047,W02000398,1,69416,6434
bristol,other,train,E02003041,E02002991,8,31259,6560
bristol,other,train,E02003047,E02002991,33,25266,4266
bristol,other,train,E02003033,E02002991,12,32830,6965
bristol,other,train,E02003034,E02002996,9,28068,3560
bristol,other,train,E02003033,W02000398,3,64696,7740
bristol,other,train,E02003033,E02002996,5,32151,6270
bristol,other,train,E02003041,E02003226,1,77947,8094
bristol,other,train,E02003043,E02002996,13,25566,4325
bristol,other,train,E02003040,E02002991,14,30556,7299
bristol,other,train,E02003047,E02000001,5,202995,9744
bristol,other,train,E02003040,W02000398,2,64645,7943
bristol,other,train,E02003041,W02000398,1,77238,9388
bristol,other,train,E02003037,E02000001,2,211330,10686
bristol,other,train,E02003045,E02000001,2,204468,10456
bristol,other,train,E02003036,E02000001,3,208925,14167
bristol,other,train,E02003046,E02000001,1,202210,10276
bristol,other,train,E02003040,E02000001,1,195458,9753
bristol,other,train,E02003041,E02000001,2,209040,14258
bristol,other,train,E02003033,E02000001,3,198332,9999
bristol,other,train,E02003037,E02003223,4,8091,1735
bristol,other,train,E02003040,E02003223,5,3927,2157
bristol,other,train,E02003036,E02003100,1,5433,1909
bristol,other,train,E02003036,E02003223,1,5654,2096
bristol,other,train,E02003037,E02002993,7,33601,5208
bristol,other,train,E02003036,E02003106,5,7952,1958
bristol,other,train,E02003045,E02003223,2,1470,1167
bristol,other,train,E02003037,E02003100,2,7870,1548
bristol,other,train,E02003041,E02003100,1,3862,1566
bristol,other,train,E02003033,E02003223,5,6315,1481
bristol,other,train,E02003037,E02003106,3,9099,2530
bristol,other,train,E02003037,E02006654,1,32922,4513
bristol,other,train,E02003041,E02003106,1,4980,1832
bristol,other,train,E02003046,E02003223,1,6239,2549
bristol,other,train,E02003043,E02003100,1,3221,2694
bristol,other,train,E02003043,E02002993,8,26245,5020
bristol,other,train,E02003034,E02006654,2,28068,3560
bristol,other,train,E02003041,E02002993,5,31259,6560
bristol,other,train,E02003040,E02003106,9,5216,2533
bristol,other,train,E02003046,E02003106,7,5128,1207
bristol,other,train,E02003047,E02003223,3,1402,1232
bristol,other,train,E02003045,E02003106,3,3600,1328
bristol,other,train,E02003036,E02002993,7,31144,6469
bristol,other,train,E02003046,E02003100,2,6018,2362
bristol,other,train,E02003034,E02003100,1,10331,3030
bristol,other,train,E02003046,E02002993,1,24481,4798
bristol,other,train,E02003043,E02003223,3,2381,1986
bristol,other,train,E02003045,E02002993,6,26739,4978
bristol,other,train,E02003047,E02002993,11,25266,4266
bristol,other,train,E02003047,E02003106,10,2496,2048
bristol,other,train,E02003043,E02003106,22,3729,1453
bristol,other,train,E02003034,E02003106,2,6598,1898
bristol,other,train,E02003033,E02002993,6,40987,7250
bristol,other,train,E02003046,E02006654,1,23802,4103
bristol,other,train,E02003040,E02002993,5,30556,7299
bristol,other,train,E02003034,E02003223,3,4630,1863
bristol,other,train,E02003046,E02003107,1,202210,10276
bristol,other,train,E02003040,E02003107,3,195458,9753
bristol,other,train,E02003034,E02002993,12,28747,4255
bristol,other,train,E02003033,E02003106,8,7697,1509
bristol,other,train,E02003047,E02003107,4,202995,9744
bristol,other,train,E02003034,E02003107,2,190925,7711
bristol,other,train,E02003033,E02003107,1,198308,9848
bristol,other,train,E02003043,E02003107,2,203974,10498
bristol,other,bus,E02003027,E02003098,15,1121,917
bristol,other,bus,E02003028,E02003098,11,2753,1552
bristol,other,bus,E02003029,E02003098,1,5078,1923
bristol,other,bus,E02003031,E02003100,25,1291,477
bristol,other,bus,E02003024,E02003100,4,12130,3300
bristol,other,bus,E02003030,E02003100,4,6571,2900
bristol,other,bus,E02003025,E02003098,3,3625,1424
bristol,other,bus,E02003025,E02003100,7,3017,1117
bristol,other,bus,E02003026,E02003100,3,2295,984
bristol,other,bus,E02003022,E02003100,7,8243,1826
bristol,other,bus,E02003023,E02003098,1,3606,1879
bristol,other,bus,E02003027,E02003100,32,5290,1986
bristol,other,bus,E02003023,E02003100,2,5590,1426
bristol,other,bus,E02003029,E02003100,6,11019,3897
bristol,other,bus,E02003026,E02003098,1,9377,3227
bristol,other,bus,E02003031,E02003098,7,7083,2182
bristol,other,bus,E02003028,E02003100,15,8694,3526
bristol,other,bus,E02003027,E02003106,55,1121,917
bristol,other,bus,E02003031,E02003107,5,1291,477
bristol,other,bus,E02003028,E02003106,11,2753,1552
bristol,other,bus,E02003027,E02003094,28,2278,1166
bristol,other,bus,E02003029,E02003106,15,5078,1923
bristol,other,bus,E02003030,E02003094,7,2438,1832
bristol,other,bus,E02003031,E02003094,15,2710,816
bristol,other,bus,E02003023,E02003107,4,5590,1426
bristol,other,bus,E02003024,E02003106,29,7224,2858
bristol,other,bus,E02003022,E02003106,5,3337,1260
bristol,other,bus,E02003029,E02003094,10,7714,2120
bristol,other,bus,E02003025,E02003094,13,3528,823
bristol,other,bus,E02003024,E02003107,2,12130,3300
bristol,other,bus,E02003025,E02003106,10,3625,1424
bristol,other,bus,E02003026,E02003094,7,4977,1806
bristol,other,bus,E02003024,E02003094,9,9321,2061
bristol,other,bus,E02003025,E02003107,4,3017,1117
bristol,other,bus,E02003027,E02003107,11,5290,1986
bristol,other,bus,E02003022,E02003107,1,8243,1826
bristol,other,bus,E02003026,E02003107,1,2295,984
bristol,other,bus,E02003028,E02003107,4,8694,3526
bristol,other,bus,E02003023,E02003106,11,3606,1879
bristol,other,bus,E02003028,E02003094,8,5388,1749
bristol,other,bus,E02003031,E02003106,35,7083,2182
bristol,other,bus,E02003030,E02003107,5,6571,2900
bristol,other,bus,E02003026,E02003106,3,9377,3227
bristol,other,bus,E02003023,E02003094,5,4522,1278
bristol,other,bus,E02003029,E02003107,5,11019,3897
bristol,other,bus,E02003022,E02003094,5,7272,1887
bristol,other,bus,E02003030,E02003110,12,1121,1005
bristol,other,bus,E02003025,E02003110,1,2397,906
bristol,other,bus,E02003027,E02003114,1,2491,815
bristol,other,bus,E02003024,E02003110,5,7512,2670
bristol,other,bus,E02003024,E02003115,4,12130,3300
bristol,other,bus,E02003025,E02003115,3,3017,1117
bristol,other,bus,E02003024,E02003114,2,9381,2854
bristol,other,bus,E02003030,E02003114,1,3822,2454
bristol,other,bus,E02003023,E02003114,7,2841,980
bristol,other,bus,E02003029,E02003115,6,11019,3897
bristol,other,bus,E02003023,E02003115,3,5590,1426
bristol,other,bus,E02003029,E02003110,2,5833,1011
bristol,other,bus,E02003027,E02003115,1,5290,1986
bristol,other,bus,E02003030,E02003115,1,6571,2900
bristol,other,bus,E02003028,E02003115,1,8694,3526
bristol,other,bus,E02003026,E02003110,1,3437,1599
bristol,other,bus,E02003029,E02003114,3,7914,1472
bristol,other,bus,E02003026,E02000001,2,16128,4793
bristol,other,bus,E02003027,E02003117,2,1121,917
bristol,other,bus,E02003028,E02003117,2,2753,1552
bristol,other,bus,E02003030,E02003072,2,1121,1005
bristol,other,bus,E02003027,E02003077,1,8224,1694
bristol,other,bus,E02003028,E02003077,1,5402,1409
bristol,other,bus,E02003030,E02003070,4,5074,2030
bristol,other,bus,E02003025,E02003072,2,2397,906
bristol,other,bus,E02003024,E02003070,1,10058,2119
bristol,other,bus,E02003028,E02003072,3,2738,2327
bristol,other,bus,E02003031,E02003118,1,1291,477
bristol,other,bus,E02003025,E02003117,1,3625,1424
bristol,other,bus,E02003029,E02003117,2,5078,1923
bristol,other,bus,E02003030,E02003077,2,7899,2118
bristol,other,bus,E02003024,E02003072,4,7512,2670
bristol,other,bus,E02003024,E02003117,1,7224,2858
bristol,other,bus,E02003029,E02003072,2,5833,1011
bristol,other,bus,E02003029,E02003118,2,11019,3897
bristol,other,bus,E02003025,E02003077,1,10140,2177
bristol,other,bus,E02003023,E02003072,2,2379,1361
bristol,other,bus,E02003031,E02003117,1,7083,2182
bristol,other,bus,E02003031,E02003077,2,12571,3775
bristol,other,bus,E02003031,E02003072,2,4165,1660
bristol,other,bus,E02003028,E02002991,2,5402,1409
bristol,other,bus,E02003029,E02002991,1,2930,971
bristol,other,bus,E02003027,E02003108,1,2491,815
bristol,other,bus,E02003027,E02002991,3,5286,1840
bristol,other,bus,E02003024,E02003108,2,9381,2854
bristol,other,bus,E02003030,E02003108,3,3822,2454
bristol,other,bus,E02003023,E02003108,2,2841,980
bristol,other,bus,E02003028,E02003108,1,7208,2012
bristol,other,bus,E02003024,E02003068,2,6554,2216
bristol,other,bus,E02003030,E02003068,1,3697,2132
bristol,other,bus,E02003031,E02003068,3,4717,1381
bristol,other,bus,E02003028,E02003068,1,10988,2894
bristol,other,bus,E02003027,E02003068,1,3284,1070
bristol,other,train,E02003051,E02002991,10,31144,6469
bristol,other,train,E02003052,E02002991,6,33601,5208
bristol,other,train,E02003052,E02002996,5,32922,4513
bristol,other,train,E02003051,E02003226,6,77832,8003
bristol,other,train,E02003051,E02002996,7,30465,5774
bristol,other,train,E02003052,W02000398,2,77751,7376
bristol,other,train,E02003050,E02002996,5,28068,3560
bristol,other,train,E02003057,E02002996,1,30580,5865
bristol,other,train,E02006887,E02002996,16,26060,4283
bristol,other,train,E02003053,E02003226,7,64397,5269
bristol,other,train,E02006888,E02003226,2,71149,5612
bristol,other,train,E02006888,E02002991,4,24481,4798
bristol,other,train,E02006889,E02003226,1,71934,5080
bristol,other,train,E02006889,W02000398,1,69416,6434
bristol,other,train,E02003058,E02002991,5,26245,5020
bristol,other,train,E02003050,W02000398,2,58095,5303
bristol,other,train,E02003048,E02003226,3,67363,5364
bristol,other,train,E02003051,W02000398,3,77123,9297
bristol,other,train,E02003053,E02002996,2,29877,6604
bristol,other,train,E02003050,E02003226,1,59915,4927
bristol,other,train,E02006888,E02002996,5,23802,4103
bristol,other,train,E02003048,W02000398,4,64313,8278
bristol,other,train,E02006888,W02000398,2,68631,6966
bristol,other,train,E02003048,E02002996,9,40308,6555
bristol,other,train,E02003048,E02002991,24,40987,7250
bristol,other,train,E02003057,E02002991,1,31259,6560
bristol,other,train,E02003058,E02003226,2,72913,5834
bristol,other,train,E02003057,W02000398,1,77238,9388
bristol,other,train,E02006887,E02003226,3,73407,5792
bristol,other,train,E02006889,E02002996,1,24587,3571
bristol,other,train,E02003053,W02000398,5,64645,7943
bristol,other,train,E02003053,E02002991,11,30556,7299
bristol,other,train,E02006887,W02000398,4,70889,7146
bristol,other,train,E02003050,E02002991,25,28747,4255
bristol,other,train,E02006887,E02002991,29,26739,4978
bristol,other,train,E02006889,E02002991,13,25266,4266
bristol,other,train,E02003057,E02000001,1,209040,14258
bristol,other,train,E02003048,E02000001,1,198308,9848
bristol,other,train,E02006889,E02000001,2,202995,9744
bristol,other,train,E02003051,E02000001,2,208925,14167
bristol,other,train,E02006887,E02000001,1,204468,10456
bristol,other,train,E02003053,E02000001,1,195458,9753
bristol,other,train,E02003051,E02003106,18,7952,1958
bristol,other,train,E02003051,E02003223,1,5654,2096
bristol,other,train,E02003053,E02003223,3,3927,2157
bristol,other,train,E02006889,E02003223,1,1402,1232
bristol,other,train,E02003053,E02003100,2,4034,2255
bristol,other,train,E02006887,E02003106,42,3600,1297
bristol,other,train,E02003052,E02003223,3,8091,1735
bristol,other,train,E02003051,E02006654,6,30465,5774
bristol,other,train,E02003052,E02003106,19,9099,2530
bristol,other,train,E02003052,E02002993,6,33601,5208
bristol,other,train,E02003057,E02003106,11,4980,1832
bristol,other,train,E02006887,E02003100,1,1885,1540
bristol,other,train,E02006887,E02006654,1,26060,4283
bristol,other,train,E02006888,E02003106,6,5128,1207
bristol,other,train,E02006888,E02002993,1,24481,4798
bristol,other,train,E02006887,E02003223,5,1470,1167
bristol,other,train,E02003050,E02006654,2,28068,3560
bristol,other,train,E02003048,E02003106,16,7697,1509
bristol,other,train,E02003051,E02002993,10,31144,6469
bristol,other,train,E02006888,E02003223,1,6239,2549
bristol,other,train,E02006889,E02003106,3,2496,2048
bristol,other,train,E02003048,E02003100,5,6422,1579
bristol,other,train,E02003050,E02003100,1,10331,3030
bristol,other,train,E02003053,E02003106,7,5216,2533
bristol,other,train,E02006887,E02002993,10,26739,4978
bristol,other,train,E02003048,E02003223,11,6315,1481
bristol,other,train,E02006889,E02002993,3,25266,4266
bristol,other,train,E02003050,E02002993,7,28747,4255
bristol,other,train,E02003053,E02002993,2,30556,7299
bristol,other,train,E02003048,E02002993,9,40987,7250
bristol,other,train,E02003050,E02003223,2,4630,1863
bristol,other,train,E02003048,E02003107,2,198308,9848
bristol,other,train,E02003052,E02003107,1,211330,10686
bristol,other,train,E02003051,E02003107,3,208925,14167
bristol,other,train,E02003050,E02003106,23,6598,1898
bristol,other,train,E02003053,E02003107,1,195458,9753
bristol,other,train,E02003058,E02003107,1,203974,10498
bristol,other,train,E02006887,E02003107,2,204468,10456
bristol,other,train,E02006888,E02003107,1,202210,10276
bristol,other,bus,E02003038,E02003098,1,1121,917
bristol,other,bus,E02003032,E02003100,5,8243,1826
bristol,other,bus,E02003033,E02003100,24,5590,1426
bristol,other,bus,E02003037,E02003100,21,2295,984
bristol,other,bus,E02003039,E02003098,1,2753,1552
bristol,other,bus,E02003043,E02003100,16,1291,477
bristol,other,bus,E02003034,E02003100,18,12130,3300
bristol,other,bus,E02003033,E02003098,1,4323,1722
bristol,other,bus,E02003034,E02003098,12,7224,2858
bristol,other,bus,E02003040,E02003098,7,5078,1923
bristol,other,bus,E02003036,E02003100,28,3017,1117
bristol,other,bus,E02003032,E02003098,4,3337,1260
bristol,other,bus,E02003036,E02003098,6,3625,1424
bristol,other,bus,E02003041,E02003100,9,6571,2900
bristol,other,bus,E02003040,E02003100,7,11019,3897
bristol,other,bus,E02003038,E02003100,2,5290,1986
bristol,other,bus,E02003043,E02003098,12,7083,2182
bristol,other,bus,E02003037,E02003098,1,9377,3227
bristol,other,bus,E02003038,E02003106,7,1121,917
bristol,other,bus,E02003039,E02003106,9,2753,1552
bristol,other,bus,E02003034,E02003106,38,7224,2858
bristol,other,bus,E02003036,E02003094,13,3528,823
bristol,other,bus,E02003039,E02003094,2,5388,1749
bristol,other,bus,E02003032,E02003106,8,3337,1260
bristol,other,bus,E02003043,E02003094,10,2710,816
bristol,other,bus,E02003043,E02003107,12,1291,477
bristol,other,bus,E02003032,E02003094,7,7110,1988
bristol,other,bus,E02003041,E02003094,4,2438,1832
bristol,other,bus,E02003040,E02003106,7,5078,1923
bristol,other,bus,E02003036,E02003106,34,3625,1424
bristol,other,bus,E02003040,E02003094,9,7714,2120
bristol,other,bus,E02003038,E02003094,5,2278,1166
bristol,other,bus,E02003036,E02003107,7,3017,1117
bristol,other,bus,E02003033,E02003107,4,5590,1426
bristol,other,bus,E02003032,E02003107,3,8243,1826
bristol,other,bus,E02003038,E02003107,1,5290,1986
bristol,other,bus,E02003034,E02003094,8,9321,2061
bristol,other,bus,E02003037,E02003107,4,2295,984
bristol,other,bus,E02003043,E02003106,46,7083,2182
bristol,other,bus,E02003039,E02003107,1,8694,3526
bristol,other,bus,E02003037,E02003106,25,9377,3227
bristol,other,bus,E02003034,E02003107,11,12130,3300
bristol,other,bus,E02003037,E02003094,11,4977,1806
bristol,other,bus,E02003033,E02003106,33,4323,1722
bristol,other,bus,E02003040,E02003107,5,11019,3897
bristol,other,bus,E02003033,E02003094,7,4522,1278
bristol,other,bus,E02003041,E02003107,1,6571,2900
bristol,other,bus,E02003038,E02003114,1,2491,815
bristol,other,bus,E02003036,E02003110,4,2397,906
bristol,other,bus,E02003043,E02003115,2,1291,477
bristol,other,bus,E02003034,E02003110,2,5024,1914
bristol,other,bus,E02003037,E02003114,1,2453,837
bristol,other,bus,E02003036,E02003115,1,3017,1117
bristol,other,bus,E02003033,E02003110,1,3096,1204
bristol,other,bus,E02003032,E02003110,3,3625,1072
bristol,other,bus,E02003038,E02003115,3,5290,1986
bristol,other,bus,E02003039,E02003110,1,7883,3135
bristol,other,bus,E02003032,E02003115,3,8243,1826
bristol,other,bus,E02003043,E02003114,1,1364,569
bristol,other,bus,E02003033,E02003115,2,5590,1426
bristol,other,bus,E02003032,E02003114,3,5494,1380
bristol,other,bus,E02003037,E02003115,1,2295,984
bristol,other,bus,E02003040,E02003110,4,10208,3506
bristol,other,bus,E02003040,E02003115,3,11019,3897
bristol,other,bus,E02003039,E02003115,4,8694,3526
bristol,other,bus,E02003040,E02003114,2,7914,1472
bristol,other,bus,E02003041,E02003114,1,3822,2454
bristol,other,bus,E02003043,E02003110,1,4165,1660
bristol,other,bus,E02003034,E02003115,4,19161,3444
bristol,other,bus,E02003037,E02000001,1,16128,4793
bristol,other,bus,E02003039,E02003070,2,5376,1478
bristol,other,bus,E02003038,E02003117,2,1121,917
bristol,other,bus,E02003039,E02003117,4,2753,1552
bristol,other,bus,E02003040,E02003077,9,2930,971
bristol,other,bus,E02003043,E02003118,3,1291,477
bristol,other,bus,E02003032,E02003072,4,3625,1072
bristol,other,bus,E02003036,E02003072,1,2397,906
bristol,other,bus,E02003034,E02003117,3,7861,1987
bristol,other,bus,E02003034,E02003070,2,10058,2119
bristol,other,bus,E02003040,E02003117,7,5078,1923
bristol,other,bus,E02003036,E02003070,1,5031,1533
bristol,other,bus,E02003032,E02003070,1,6315,1560
bristol,other,bus,E02003036,E02003117,1,3625,1424
bristol,other,bus,E02003039,E02003072,11,7883,3135
bristol,other,bus,E02003032,E02003117,2,3337,1260
bristol,other,bus,E02003034,E02003072,2,5024,1914
bristol,other,bus,E02003038,E02003118,4,5290,1986
bristol,other,bus,E02003040,E02003072,1,10208,3506
bristol,other,bus,E02003037,E02003072,3,3437,1599
bristol,other,bus,E02003033,E02003117,1,4323,1722
bristol,other,bus,E02003043,E02003070,5,4212,1526
bristol,other,bus,E02003040,E02003070,1,7701,1849
bristol,other,bus,E02003039,E02003118,2,8694,3526
bristol,other,bus,E02003037,E02003070,1,5464,1957
bristol,other,bus,E02003043,E02003072,1,4165,1660
bristol,other,bus,E02003033,E02003077,1,14861,3036
bristol,other,bus,E02003043,E02003117,1,7083,2182
bristol,other,bus,E02003032,E02003077,1,3709,963
bristol,other,bus,E02003036,E02003077,2,7202,2323
bristol,other,bus,E02003043,E02003077,1,12571,3775
bristol,other,bus,E02003034,E02003118,1,19161,3444
bristol,other,bus,E02003040,E02003118,5,11019,3897
bristol,other,bus,E02003037,E02003077,1,16128,4793
bristol,other,bus,E02003040,E02002991,1,2930,971
bristol,other,bus,E02003032,E02002991,1,3709,963
bristol,other,bus,E02003039,E02003004,2,3196,1039
bristol,other,bus,E02003038,E02003004,2,5768,1050
bristol,other,bus,E02003034,E02003004,1,3003,861
bristol,other,bus,E02003039,E02002991,4,5402,1409
bristol,other,bus,E02003038,E02003108,2,2062,1779
bristol,other,bus,E02003043,E02003108,2,1578,836
bristol,other,bus,E02003032,E02003108,1,5494,1380
bristol,other,bus,E02003033,E02003004,2,8383,1831
bristol,other,bus,E02003040,E02003108,1,7914,1472
bristol,other,bus,E02003034,E02003108,2,13572,3203
bristol,other,bus,E02003041,E02002991,1,7899,2118
bristol,other,bus,E02003036,E02003004,1,7684,1533
bristol,other,bus,E02003041,E02003108,1,3822,2454
bristol,other,bus,E02003036,E02002991,1,7202,2323
bristol,other,bus,E02003039,E02003108,1,7208,2012
bristol,other,bus,E02003038,E02003068,1,3284,1070
bristol,other,bus,E02003034,E02003068,3,14972,3287
bristol,other,bus,E02003036,E02003068,2,2994,965
bristol,other,bus,E02003040,E02003068,2,13313,3265
bristol,other,bus,E02003037,E02003068,1,3988,1320
bristol,other,bus,E02003034,E02003092,2,13572,3203
bristol,other,bus,E02003043,E02003068,4,4717,1381
bristol,other,bicycle,E02003063,E02003070,1,7161,1707
bristol,other,bicycle,E02003062,E02003107,1,5991,1335
bristol,other,bicycle,E02003061,E02003070,1,9737,2492
bristol,other,bicycle,E02003058,E02003094,1,12353,2684
bristol,other,bicycle,E02003060,E02003107,2,6310,1395
bristol,other,bicycle,E02003047,E02003098,1,10222,2153
bristol,other,bicycle,E02003063,E02003094,1,11840,2616
bristol,other,bicycle,E02003061,E02003100,1,9479,2163
bristol,other,bicycle,E02003061,E02003107,1,5845,1404
bristol,other,bicycle,E02003060,E02003094,1,11719,2655
bristol,other,bicycle,E02003063,E02003098,1,12483,2631
bristol,other,bicycle,E02003063,E02003106,1,9469,2019
bristol,other,bicycle,E02003060,E02003106,1,8629,1801
bristol,other,bicycle,E02003062,E02003106,1,8310,1742
bristol,other,bicycle,E02003059,E02003106,1,6340,1504
bristol,other,bicycle,E02003058,E02003107,1,4975,1139
bristol,other,bicycle,E02003058,E02003070,2,9180,2303
bristol,other,bicycle,E02003059,E02003107,1,7215,1708
bristol,other,bicycle,E02003060,E02003100,2,9791,2136
bristol,other,bicycle,E02003056,E02003070,1,15798,3587
bristol,other,bicycle,E02003057,E02003100,1,9853,2227
bristol,other,bicycle,E02003056,E02003068,1,18552,3504
bristol,other,bicycle,E02003056,E02003106,1,6017,1286
bristol,other,bicycle,E02003058,E02003106,3,7295,1546
bristol,other,bicycle,E02003054,E02003107,4,4015,890
bristol,other,bicycle,E02003053,E02003068,1,8042,1609
bristol,other,bicycle,E02003054,E02003106,4,6335,1297
bristol,other,bicycle,E02003055,E02003106,1,8017,1615
bristol,other,bicycle,E02003055,E02003070,2,9261,2163
bristol,other,bicycle,E02003050,E02003106,7,3793,1023
bristol,other,bicycle,E02003056,E02003107,1,7318,1664
bristol,other,bicycle,E02003054,E02003100,1,7497,1632
bristol,other,bicycle,E02003055,E02003100,1,7892,1526
bristol,other,bicycle,E02003059,E02003094,1,15738,3375
bristol,other,bicycle,E02003053,E02003106,2,8908,1950
bristol,other,bicycle,E02003054,E02003098,2,9007,1843
bristol,other,bicycle,E02003053,E02003107,3,6720,1623
bristol,other,bicycle,E02003054,E02003094,1,11393,2435
bristol,other,bicycle,E02003051,E02003107,1,6533,1450
bristol,other,bicycle,E02003051,E02003106,7,4899,1054
bristol,other,bicycle,E02003050,E02003107,3,4668,1227
bristol,other,bicycle,E02003052,E02003106,7,4545,910
bristol,other,bicycle,E02003050,E02003068,1,17921,3529
bristol,other,bicycle,E02003056,E02003094,1,16787,3571
bristol,other,bicycle,E02003053,E02003070,3,10152,2535
bristol,other,bicycle,E02003048,E02003107,1,3054,661
bristol,other,bicycle,E02003051,E02003098,4,8549,1798
bristol,other,bicycle,E02003048,E02003106,5,5146,1037
bristol,other,bicycle,E02003046,E02003068,3,4185,760
bristol,other,bicycle,E02003051,E02003100,3,10456,2219
bristol,other,bicycle,E02003049,E02003106,3,7101,1384
bristol,other,bicycle,E02003050,E02003100,6,8591,1996
bristol,other,bicycle,E02003049,E02003098,1,8848,1711
bristol,other,bicycle,E02003052,E02003100,4,7198,1543
bristol,other,bicycle,E02003045,E02003068,1,6506,1295
bristol,other,bicycle,E02003047,E02003094,1,8907,1965
bristol,other,bicycle,E02003048,E02003098,1,7290,1524
bristol,other,bicycle,E02003047,E02003107,7,5759,1429
bristol,other,bicycle,E02003048,E02003100,5,6535,1402
bristol,other,bicycle,E02003047,E02003068,6,10047,1895
bristol,other,bicycle,E02003052,E02003068,1,14670,3052
bristol,other,bicycle,E02003047,E02003070,6,11203,2719
bristol,other,bicycle,E02003049,E02003100,2,7077,1440
bristol,other,bicycle,E02003047,E02003106,17,7948,1756
bristol,other,bicycle,E02003043,E02003107,3,1903,356
bristol,other,bicycle,E02003045,E02003107,4,7038,1650
bristol,other,bicycle,E02003049,E02003070,1,10764,2436
bristol,other,bicycle,E02003044,E02003070,1,10960,2550
bristol,other,bicycle,E02003047,E02003100,8,8598,2022
bristol,other,bicycle,E02003046,E02003106,13,12410,2676
bristol,other,bicycle,E02003041,E02003106,20,5645,1138
bristol,other,bicycle,E02003043,E02003098,2,6667,1280
bristol,other,bicycle,E02003041,E02003107,2,3348,644
bristol,other,bicycle,E02003044,E02003098,1,8956,1774
bristol,other,bicycle,E02003039,E02003107,1,2947,718
bristol,other,bicycle,E02003043,E02003100,6,5385,1097
bristol,other,bicycle,E02003044,E02003100,2,7185,1504
bristol,other,bicycle,E02003044,E02003106,5,6682,1377
bristol,other,bicycle,E02003045,E02003100,4,8917,2006
bristol,other,bicycle,E02003046,E02003098,1,15527,3251
bristol,other,bicycle,E02003040,E02003100,7,8735,1956
bristol,other,bicycle,E02003044,E02003107,1,4493,1050
bristol,other,bicycle,E02003043,E02003106,27,3995,734
bristol,other,bicycle,E02003045,E02003098,5,11500,2375
bristol,other,bicycle,E02003039,E02003100,5,5638,1172
bristol,other,bicycle,E02003038,E02003107,1,4799,1183
bristol,other,bicycle,E02003039,E02003106,12,5135,1045
bristol,other,bicycle,E02003040,E02003070,1,13567,3119
bristol,other,bicycle,E02003041,E02003070,2,12555,2815
bristol,other,bicycle,E02003046,E02003107,2,10222,2349
bristol,other,bicycle,E02003040,E02003107,5,8996,2238
bristol,other,bicycle,E02003043,E02003070,1,12774,2877
bristol,other,bicycle,E02003041,E02003098,2,7663,1495
bristol,other,bicycle,E02003039,E02003098,2,7409,1443
bristol,other,bicycle,E02003038,E02003100,4,5849,1277
bristol,other,bicycle,E02003040,E02003098,2,12810,2709
bristol,other,bicycle,E02003038,E02003106,7,6987,1511
bristol,other,bicycle,E02003041,E02003100,7,5892,1224
bristol,other,bicycle,E02003043,E02003094,4,9946,1921
bristol,other,bicycle,E02003038,E02003098,1,9923,2030
bristol,other,bicycle,E02003040,E02003106,21,11185,2565
bristol,other,bicycle,E02003048,E02003070,3,11197,2601
bristol,other,bicycle,E02003045,E02003106,16,9226,1977
bristol,other,driving,E02003056,E02002991,5,17749,1604
bristol,other,driving,E02003062,E02002987,1,13532,1650
bristol,other,driving,E02003063,E02003007,7,27360,2432
bristol,other,driving,E02003063,E02002987,14,16585,1852
bristol,other,driving,E02003038,E02002987,9,25338,2122
bristol,other,driving,E02003062,E02003007,3,23434,2583
bristol,other,driving,E02003063,E02002991,14,38473,2614
bristol,other,driving,E02003062,E02002992,6,19676,2133
bristol,other,driving,E02003060,E02002987,26,14542,1773
bristol,other,passenger,E02003060,E02002987,1,14542,1773
bristol,other,driving,E02003061,E02002987,4,11967,1322
bristol,other,driving,E02003061,E02002992,2,18112,1806
bristol,other,driving,E02003059,E02002992,2,14953,1543
bristol,other,driving,E02003059,E02002987,2,10102,1228
bristol,other,driving,E02003061,E02002991,7,35018,2075
bristol,other,driving,E02003063,E02002992,5,22730,2335
bristol,other,passenger,E02003063,E02002992,1,22730,2335
bristol,other,passenger,E02003061,E02003007,1,22752,2364
bristol,other,driving,E02003059,E02002991,5,18143,1760
bristol,other,driving,E02003059,E02003007,3,23641,2261
bristol,other,passenger,E02003059,E02003007,1,23641,2261
bristol,other,driving,E02003060,E02002991,19,37811,2494
bristol,other,passenger,E02003060,E02002991,1,37811,2494
bristol,other,driving,E02003060,E02003007,11,23796,2630
bristol,other,driving,E02003058,E02002987,11,13378,1607
bristol,other,passenger,E02003058,E02002987,1,13378,1607
bristol,other,driving,E02003060,E02002992,22,20687,2257
bristol,other,passenger,E02003060,E02002992,3,20687,2257
bristol,other,driving,E02003056,E02002992,6,15185,1553
bristol,other,driving,E02003058,E02003007,6,23281,2540
bristol,other,driving,E02003058,E02002992,21,19523,2090
bristol,other,driving,E02003055,E02003007,2,28408,2574
bristol,other,driving,E02003056,E02002987,4,13171,1125
bristol,other,passenger,E02003056,E02002987,2,13171,1125
bristol,other,driving,E02003054,E02002991,15,35475,2308
bristol,other,passenger,E02003054,E02002991,1,35475,2308
bristol,other,driving,E02003055,E02002991,3,37739,2542
bristol,other,passenger,E02003055,E02002991,1,37739,2542
bristol,other,driving,E02003057,E02002987,5,11780,1440
bristol,other,driving,E02003056,E02003007,1,23874,2271
bristol,other,passenger,E02003056,E02003007,1,23874,2271
bristol,other,driving,E02003057,E02003007,1,24567,2460
bristol,other,driving,E02003055,E02002992,4,20832,2273
bristol,other,driving,E02003057,E02002992,4,16631,1756
bristol,other,driving,E02003054,E02002987,7,13965,1619
bristol,other,driving,E02003051,E02002987,1,14195,1329
bristol,other,passenger,E02003051,E02002987,1,14195,1329
bristol,other,driving,E02003058,E02002991,12,36429,2359
bristol,other,driving,E02003055,E02002987,12,14688,1790
bristol,other,passenger,E02003055,E02002987,3,14688,1790
bristol,other,driving,E02003054,E02002992,8,20110,2102
bristol,other,driving,E02003057,E02002991,3,20637,2030
bristol,other,driving,E02003052,E02002991,5,35044,2189
bristol,other,driving,E02003054,E02003007,2,24750,2660
bristol,other,passenger,E02003054,E02003007,1,24750,2660
bristol,other,driving,E02003053,E02002991,7,43673,2759
bristol,other,passenger,E02003053,E02002991,3,43673,2759
bristol,other,driving,E02003053,E02003007,3,29642,2583
bristol,other,taxi,E02003051,E02002992,1,17639,1786
bristol,other,driving,E02003051,E02002992,3,17639,1786
bristol,other,passenger,E02003051,E02002992,1,17639,1786
bristol,other,driving,E02003052,E02002992,10,19021,2148
bristol,other,driving,E02003051,E02003007,1,28100,2416
bristol,other,driving,E02003051,E02002991,8,18773,1808
bristol,other,driving,E02003048,E02002991,13,35401,2250
bristol,other,passenger,E02003048,E02002991,2,35401,2250
bristol,other,driving,E02003049,E02002987,15,15369,1867
bristol,other,driving,E02003053,E02002987,5,18868,2003
bristol,other,driving,E02003052,E02002987,4,14949,1646
bristol,other,driving,E02003048,E02002987,4,14458,1708
bristol,other,driving,E02003050,E02002987,7,15046,1653
bristol,other,driving,E02003050,E02002992,7,18388,2086
bristol,other,driving,E02003047,E02002991,11,42588,2612
bristol,other,driving,E02003047,E02002992,8,23228,2627
bristol,other,driving,E02003050,E02002991,10,20701,2121
bristol,other,driving,E02003045,E02002991,7,43679,2639
bristol,other,passenger,E02003045,E02002991,1,43679,2639
bristol,other,driving,E02003050,E02003007,1,25797,2651
bristol,other,driving,E02003059,E02001097,1,259192,10053
bristol,other,driving,E02003048,E02002992,7,19379,2210
bristol,other,driving,E02003049,E02002992,10,21513,2351
bristol,other,driving,E02003049,E02002991,18,36025,2566
bristol,other,passenger,E02003049,E02002991,1,36025,2566
bristol,other,driving,E02003045,E02003007,2,30147,2603
bristol,other,driving,E02003046,E02003007,4,31378,2762
bristol,other,passenger,E02003046,E02003007,1,31378,2762
bristol,other,driving,E02003053,E02002992,7,25013,2486
bristol,other,driving,E02003046,E02002992,20,26749,2665
bristol,other,driving,E02003052,E02003007,2,25700,2644
bristol,other,driving,E02003046,E02002991,23,45619,2441
bristol,other,passenger,E02003046,E02002991,2,45619,2441
bristol,other,driving,E02003049,E02003007,3,30036,2793
bristol,other,passenger,E02003049,E02003007,1,30036,2793
bristol,other,driving,E02003044,E02002987,12,16248,1897
bristol,other,driving,E02003048,E02003007,1,26057,2705
bristol,other,driving,E02003046,E02002987,10,20604,2182
bristol,other,driving,E02003044,E02002992,16,22393,2381
bristol,other,passenger,E02003044,E02002992,1,22393,2381
bristol,other,driving,E02003047,E02003007,2,31044,2775
bristol,other,driving,E02003045,E02002992,6,25517,2506
bristol,other,driving,E02003047,E02002987,4,17084,2144
bristol,other,driving,E02003062,E02001097,2,259691,10110
bristol,other,driving,E02003044,E02002991,16,35465,2466
bristol,other,passenger,E02003044,E02002991,1,35465,2466
bristol,other,driving,E02003039,E02002991,10,34413,2322
bristol,other,driving,E02003041,E02002991,4,34546,2407
bristol,other,driving,E02003043,E02002991,5,32812,2157
bristol,other,driving,E02003063,E02001097,1,259001,10326
bristol,other,driving,E02003040,E02002987,4,20865,2224
bristol,other,driving,E02003044,E02003007,4,30032,2745
bristol,other,driving,E02003054,E02001097,3,258583,10015
bristol,other,driving,E02003039,E02002987,6,23514,1906
bristol,other,driving,E02003053,E02001097,2,257047,10085
bristol,other,driving,E02003040,E02002992,5,27010,2707
bristol,other,driving,E02003041,E02002992,12,21572,2390
bristol,other,driving,E02003043,E02002992,6,25291,2209
bristol,other,driving,E02003038,E02002991,15,39990,2278
bristol,other,passenger,E02003038,E02002991,1,39990,2278
bristol,other,driving,E02003040,E02003007,3,31640,2804
bristol,other,driving,E02003058,E02001097,4,259538,10067
bristol,other,driving,E02003038,E02002992,15,40113,2379
bristol,other,driving,E02003039,E02003007,2,31970,2993
bristol,other,driving,E02003040,E02002991,16,46656,2588
bristol,other,driving,E02003060,E02001097,4,260919,10202
bristol,other,passenger,E02003060,E02001097,1,260919,10202
bristol,other,driving,E02003052,E02001097,1,258152,9896
bristol,other,driving,E02003041,E02003007,1,27052,2923
bristol,other,driving,E02003038,E02003007,2,32345,3031
bristol,other,driving,E02003050,E02001097,4,255469,9899
bristol,other,driving,E02003039,E02002992,9,26892,2374
bristol,other,driving,E02003049,E02001097,2,255442,10104
bristol,other,passenger,E02003049,E02001097,1,255442,10104
bristol,other,driving,E02003047,E02001097,7,255962,9937
bristol,other,driving,E02003039,E02001097,2,255541,9795
bristol,other,driving,E02003051,E02001097,1,256188,9929
bristol,other,driving,E02003038,E02001097,2,253365,9603
bristol,other,driving,E02003048,E02001097,2,258510,9957
bristol,other,driving,E02003041,E02001097,12,253964,9945
bristol,other,driving,E02003040,E02001097,2,260031,9913
bristol,other,driving,E02003043,E02001097,9,253429,9859
bristol,other,driving,E02003045,E02001097,2,257053,9964
bristol,other,foot,E02003047,E02003094,1,8679,7165
bristol,other,foot,E02003060,E02003106,1,8066,6716
bristol,other,foot,E02003059,E02003094,2,15390,12600
bristol,other,foot,E02003058,E02003117,1,7586,6548
bristol,other,foot,E02003057,E02003117,1,4061,3569
bristol,other,foot,E02003057,E02003094,2,13876,11426
bristol,other,foot,E02003056,E02003106,1,5617,4630
bristol,other,foot,E02003055,E02003106,2,7041,5772
bristol,other,foot,E02003056,E02003094,1,15888,13040
bristol,other,foot,E02003054,E02003117,1,7661,6576
bristol,other,foot,E02003054,E02003094,2,10774,8913
bristol,other,foot,E02003053,E02003117,1,10560,9102
bristol,other,foot,E02003052,E02003117,1,7389,6369
bristol,other,foot,E02003053,E02003094,1,9832,8113
bristol,other,foot,E02003050,E02003117,2,5298,4704
bristol,other,foot,E02003050,E02003106,9,3697,3186
bristol,other,foot,E02003049,E02003106,1,6375,5253
bristol,other,foot,E02003048,E02003094,1,10449,8548
bristol,other,foot,E02003046,E02003117,1,14545,12383
bristol,other,foot,E02003046,E02003106,4,11390,9512
bristol,other,foot,E02003046,E02003107,2,9086,7651
bristol,other,foot,E02003045,E02003094,1,9054,7469
bristol,other,foot,E02003043,E02003117,1,8025,6931
bristol,other,foot,E02003043,E02003107,1,1726,1395
bristol,other,foot,E02003041,E02003106,4,4997,4119
bristol,other,foot,E02003040,E02003094,3,8830,7268
bristol,other,foot,E02003039,E02003106,2,5154,4255
bristol,other,foot,E02003038,E02003106,2,6977,5821
bristol,other,foot,E02003051,E02003106,2,4791,3994
bristol,other,foot,E02003057,E02003106,1,5284,4446
bristol,other,foot,E02003048,E02003107,1,2877,2408
bristol,other,foot,E02003039,E02003107,1,2849,2394
bristol,other,foot,E02003053,E02003106,6,8561,7185
bristol,other,foot,E02003043,E02003106,2,3662,2994
bristol,other,foot,E02003052,E02003107,3,3299,2743
bristol,other,foot,E02003060,E02003117,1,8270,7093
bristol,other,foot,E02003050,E02003107,1,4232,3704
bristol,other,foot,E02003052,E02003106,10,4457,3647
bristol,other,foot,E02003044,E02003117,17,9848,8437
bristol,other,foot,E02003050,E02003094,2,13237,10969
bristol,other,foot,E02003041,E02003107,1,2955,2455
bristol,other,foot,E02003061,E02003094,4,12723,10585
bristol,other,foot,E02003048,E02003106,2,4831,4004
bristol,other,foot,E02003040,E02003107,1,8044,6806
bristol,other,foot,E02003045,E02003106,1,8843,7391
bristol,other,foot,E02003062,E02003117,2,7029,6140
bristol,other,foot,E02003038,E02003107,2,4672,3961
bristol,other,foot,E02003039,E02003094,1,7935,6464
bristol,other,foot,E02003043,E02003094,3,9896,8016
bristol,other,foot,E02003044,E02003107,1,3999,3397
bristol,other,foot,E02003040,E02003106,2,10349,8667
bristol,other,foot,E02003038,E02003117,37,12204,10378
bristol,other,foot,E02003046,E02003094,1,10696,8760
bristol,other,foot,E02003047,E02003106,4,7428,6262
bristol,other,foot,E02003041,E02003117,2,8662,7360
bristol,other,foot,E02003055,E02003117,1,8873,7543
bristol,other,foot,E02003039,E02003117,8,10332,8770
bristol,other,foot,E02003040,E02003117,4,14012,12112
bristol,other,foot,E02003058,E02003094,1,11265,9405
bristol,other,driving,E02003061,E02003006,1,4029,703
bristol,other,driving,E02003063,E02002986,17,22730,2335
bristol,other,passenger,E02003063,E02002986,1,22730,2335
bristol,other,driving,E02003063,E02003004,23,6781,996
bristol,other,passenger,E02003063,E02003004,2,6781,996
bristol,other,driving,E02003063,E02006660,2,2151,374
bristol,other,driving,E02003063,E02005684,2,3440,655
bristol,other,driving,E02003063,E02003104,2,5671,912
bristol,other,driving,E02003063,E02003005,19,3552,651
bristol,other,passenger,E02003063,E02003005,4,3552,651
bristol,other,driving,E02003063,E02003233,1,6970,896
bristol,other,driving,E02003063,E02002993,7,3768,546
bristol,other,passenger,E02003063,E02002993,1,3768,546
bristol,other,driving,E02003063,E02003112,2,5894,801
bristol,other,driving,E02003063,W02000350,2,16585,1852
bristol,other,driving,E02003062,E02003005,7,3024,540
bristol,other,passenger,E02003062,E02006660,1,2239,328
bristol,other,driving,E02003062,E02003069,2,1394,238
bristol,other,driving,E02003062,W02000398,1,4560,615
bristol,other,driving,E02003062,E02002986,2,19676,2133
bristol,other,driving,E02003062,E02003004,3,4890,784
bristol,other,driving,E02003061,E02003005,11,2282,435
bristol,other,passenger,E02003061,E02003005,2,2282,435
bristol,other,driving,E02003061,E02003004,4,3326,457
bristol,other,passenger,E02003061,E02003004,1,3326,457
bristol,other,driving,E02003061,E02003069,2,2925,557
bristol,other,driving,E02003061,E02002986,5,18112,1806
bristol,other,driving,E02003060,E02006652,2,260919,10202
bristol,other,driving,E02003060,E02006660,7,1532,253
bristol,other,driving,E02003060,E02003233,2,7066,891
bristol,other,driving,E02003060,E02003109,1,5827,799
bristol,other,passenger,E02003060,E02003109,1,5827,799
bristol,other,driving,E02003060,E02003112,1,5703,753
bristol,other,driving,E02003060,E02003005,13,2900,526
bristol,other,passenger,E02003060,E02003005,1,2900,526
bristol,other,driving,E02003059,E02003004,4,2011,311
bristol,other,passenger,E02003059,E02003004,1,2011,311
bristol,other,driving,E02003059,E02003005,7,6432,1045
bristol,other,driving,E02003060,W02000350,1,14542,1773
bristol,other,driving,E02003060,E02003006,4,2953,496
bristol,other,driving,E02003059,E02004625,1,10083,1487
bristol,other,driving,E02003059,E02002986,1,14953,1543
bristol,other,driving,E02003059,E02003109,1,11923,1484
bristol,other,driving,E02003059,E02003006,1,7940,1214
bristol,other,driving,E02003058,E02002993,10,3856,553
bristol,other,passenger,E02003058,E02002993,2,3856,553
bristol,other,driving,E02003058,E02003104,1,4362,693
bristol,other,driving,E02003057,E02003235,1,3346,554
bristol,other,driving,E02003057,E02006660,2,5881,948
bristol,other,passenger,E02003057,E02006660,1,5881,948
bristol,other,driving,E02003063,E02003069,3,1396,293
bristol,other,driving,E02003057,W02000398,3,7201,1140
bristol,other,driving,E02003057,E02002993,2,5909,881
bristol,other,driving,E02003063,E02006645,1,6433,823
bristol,other,driving,E02003063,E02003006,2,3751,597
bristol,other,driving,E02003040,W02000398,2,4404,571
bristol,other,driving,E02003056,E02003004,9,2632,388
bristol,other,passenger,E02003056,E02003004,2,2632,388
bristol,other,driving,E02003056,E02002993,3,8404,1240
bristol,other,driving,E02003061,E02003003,1,3256,543
bristol,other,driving,E02003055,E02003219,1,2832,517
bristol,other,driving,E02003060,E02002993,11,3577,498
bristol,other,driving,E02003058,E02004625,1,3804,563
bristol,other,driving,E02003054,E02003004,8,3766,643
bristol,other,driving,E02003058,E02006660,3,1771,298
bristol,other,driving,E02003060,E02003219,1,2687,500
bristol,other,passenger,E02003060,E02003219,1,2687,500
bristol,other,driving,E02003058,E02003235,1,3992,645
bristol,other,driving,E02003055,E02003104,2,3520,538
bristol,other,driving,E02003055,E02003006,1,1422,243
bristol,other,driving,E02003055,E02002986,1,20832,2273
bristol,other,passenger,E02003055,E02003109,1,4636,642
bristol,other,driving,E02003055,W02000350,1,14688,1790
bristol,other,driving,E02003063,E02003109,2,6018,847
bristol,other,driving,E02003054,E02003005,8,977,197
bristol,other,passenger,E02003054,E02003005,1,977,197
bristol,other,driving,E02003058,E02003109,2,6047,864
bristol,other,driving,E02003054,E02003006,2,2104,366
bristol,other,driving,E02003054,E02003233,1,7615,1046
bristol,other,driving,E02003058,E02003004,31,4737,741
bristol,other,driving,E02003060,E02006645,2,6528,818
bristol,other,driving,E02003054,E02003003,4,1151,260
bristol,other,driving,E02003055,E02002993,4,2446,330
bristol,other,driving,E02003054,E02002986,8,20110,2102
bristol,other,passenger,E02003054,E02002986,1,20110,2102
bristol,other,driving,E02003058,E02003069,2,1414,326
bristol,other,driving,E02003053,E02003069,1,3076,491
bristol,other,driving,E02003053,E02003235,2,6467,1009
bristol,other,driving,E02003058,E02003219,2,1523,334
bristol,other,driving,E02003053,E02003233,1,4426,561
bristol,other,driving,E02003053,E02006660,4,2396,376
bristol,other,driving,E02003053,E02003006,4,3160,464
bristol,other,driving,E02003058,E02003006,4,2781,451
bristol,other,driving,E02003053,E02002993,6,2300,346
bristol,other,driving,E02003053,E02006645,2,3889,488
bristol,other,passenger,E02003053,E02006645,1,3889,488
bristol,other,driving,E02003053,E02003109,1,4064,606
bristol,other,driving,E02003053,E02002986,5,25013,2486
bristol,other,driving,E02003059,E02006660,1,7756,1231
bristol,other,driving,E02003052,E02003069,4,4461,873
bristol,other,driving,E02003053,E02003005,6,4005,655
bristol,other,driving,E02003057,E02003069,2,6025,894
bristol,other,passenger,E02003057,E02003069,1,6025,894
bristol,other,driving,E02003052,E02002993,4,4589,669
bristol,other,passenger,E02003052,E02002993,2,4589,669
bristol,other,driving,E02003052,E02004625,3,6427,970
bristol,other,driving,E02003060,E02003003,1,3446,732
bristol,other,driving,E02003052,E02002986,5,19021,2148
bristol,other,driving,E02003051,E02004672,1,18773,1808
bristol,other,driving,E02003052,E02003112,2,4391,686
bristol,other,driving,E02003052,E02003233,3,9878,1344
bristol,other,passenger,E02003052,E02003233,1,9878,1344
bristol,other,driving,E02003051,E02003004,1,2091,395
bristol,other,driving,E02003052,E02006652,1,258152,9896
bristol,other,driving,E02003061,E02002993,1,5082,769
bristol,other,driving,E02003051,E02006660,4,8622,1251
bristol,other,driving,E02003051,E02003104,1,7622,946
bristol,other,driving,E02003060,E02003004,42,6118,876
bristol,other,passenger,E02003060,E02003004,6,6118,876
bristol,other,driving,E02003051,W02000398,1,9942,1442
bristol,other,driving,E02003051,E02004625,1,10949,1507
bristol,other,driving,E02003051,E02003233,1,23293,1455
bristol,other,driving,E02003051,E02003069,3,7980,1261
bristol,other,driving,E02003058,W02000350,1,13378,1607
bristol,other,driving,E02003057,E02003005,10,4557,762
bristol,other,passenger,E02003057,E02003005,2,4557,762
bristol,other,driving,E02003051,E02002986,8,17639,1786
bristol,other,driving,E02003050,E02003005,9,5234,873
bristol,other,driving,E02003056,E02003006,2,8560,1291
bristol,other,passenger,E02003056,E02003006,1,8560,1291
bristol,other,driving,E02003054,E02003235,1,2457,454
bristol,other,driving,E02003050,E02005684,1,4512,718
bristol,other,driving,E02003060,E02002986,22,20687,2257
bristol,other,driving,E02003050,E02006660,2,6749,1062
bristol,other,driving,E02003050,E02003004,4,3432,532
bristol,other,driving,E02003050,E02004625,1,9076,1318
bristol,other,driving,E02003057,E02003006,1,6065,932
bristol,other,driving,E02003050,E02003069,6,7255,1085
bristol,other,driving,E02003055,E02003005,5,1971,358
bristol,other,passenger,E02003055,E02003005,2,1971,358
bristol,other,driving,E02003056,E02003005,3,7053,1122
bristol,other,driving,E02003054,E02003069,2,2392,522
bristol,other,driving,E02003050,E02003003,2,4571,720
bristol,other,driving,E02003063,E02004672,1,38473,2614
bristol,other,driving,E02003055,E02003004,5,6173,942
bristol,other,passenger,E02003055,E02003004,1,6173,942
bristol,other,driving,E02003056,E02003069,2,8521,1254
bristol,other,driving,E02003053,E02003003,2,4875,764
bristol,other,driving,E02003054,E02002993,6,3064,447
bristol,other,driving,E02003050,E02003233,1,22574,1425
bristol,other,driving,E02003054,E02006660,1,1867,350
bristol,other,driving,E02003051,E02006652,1,256188,9929
bristol,other,driving,E02003054,E02003219,3,2664,468
bristol,other,driving,E02003052,E02005684,1,2325,393
bristol,other,driving,E02003057,E02003233,1,24423,1296
bristol,other,driving,E02003056,E02003219,1,5866,835
bristol,other,driving,E02003054,E02003112,2,3913,603
bristol,other,driving,E02003056,E02003112,2,10337,1253
bristol,other,driving,E02003053,E02003112,1,3940,561
bristol,other,driving,E02003060,E02004672,1,37811,2494
bristol,other,driving,E02003057,E02002986,2,16631,1756
bristol,other,driving,E02003050,E02006652,1,255469,9899
bristol,other,driving,E02003052,E02003005,6,3047,548
bristol,other,passenger,E02003052,E02003005,1,3047,548
bristol,other,driving,E02003052,E02003004,2,3335,524
bristol,other,driving,E02003049,E02003069,1,2940,505
bristol,other,driving,E02003054,E02006645,3,7078,974
bristol,other,passenger,E02003054,E02006645,1,7078,974
bristol,other,driving,E02003052,E02003003,2,2383,394
bristol,other,driving,E02003055,E02003069,2,1519,252
bristol,other,driving,E02003052,E02003104,1,2177,365
bristol,other,driving,E02003051,E02003235,2,6086,856
bristol,other,driving,E02003054,E02003109,1,5744,840
bristol,other,driving,E02003049,E02003233,3,6950,881
bristol,other,driving,E02003051,E02003006,2,8805,1234
bristol,other,passenger,E02003051,E02003006,1,8805,1234
bristol,other,driving,E02003053,E02003004,13,8208,1239
bristol,other,passenger,E02003053,E02003004,1,8208,1239
bristol,other,driving,E02003049,E02002993,6,1406,199
bristol,other,driving,E02003051,E02003005,7,6512,1129
bristol,other,passenger,E02003051,E02003005,3,6512,1129
bristol,other,driving,E02003052,E02006645,4,9319,1266
bristol,other,passenger,E02003052,E02006645,1,9319,1266
bristol,other,driving,E02003049,E02002986,8,21513,2351
bristol,other,passenger,E02003049,E02002986,1,21513,2351
bristol,other,driving,E02003049,E02003109,1,3909,585
bristol,other,driving,E02003049,E02004672,2,36025,2566
bristol,other,driving,E02003048,E02003219,1,3158,557
bristol,other,driving,E02003048,W02000398,1,3798,623
bristol,other,driving,E02003048,E02003069,2,3996,683
bristol,other,passenger,E02003048,E02003069,1,3996,683
bristol,other,driving,E02003048,E02002993,2,2505,364
bristol,other,passenger,E02003048,E02002993,1,2505,364
bristol,other,driving,E02003048,E02003006,5,2661,414
bristol,other,driving,E02003048,E02003112,1,3354,520
bristol,other,driving,E02003048,E02003235,1,2383,397
bristol,other,driving,E02003050,E02002993,3,6776,995
bristol,other,driving,E02003051,E02006645,3,24565,1621
bristol,other,driving,E02003047,E02003004,5,7530,1147
bristol,other,driving,E02003047,E02003219,5,5228,871
bristol,other,driving,E02003047,E02003006,4,2414,414
bristol,other,driving,E02003049,E02004625,1,3236,452
bristol,other,driving,E02003051,E02002993,1,8649,1183
bristol,other,driving,E02003054,E02004672,1,35475,2308
bristol,other,passenger,E02003047,E02006660,1,2757,434
bristol,other,driving,E02003050,E02003006,5,6932,1045
bristol,other,driving,E02003046,E02003069,2,7295,943
bristol,other,driving,E02003046,E02003004,11,24899,1324
bristol,other,passenger,E02003046,E02003004,1,24899,1324
bristol,other,driving,E02003046,E02005684,2,7780,1037
bristol,other,driving,E02003047,E02006645,8,4408,578
bristol,other,passenger,E02003047,E02006645,4,4408,578
bristol,other,driving,E02003046,E02003005,4,7716,1054
bristol,other,driving,E02003046,E02003219,1,8577,1213
bristol,other,driving,E02003046,E02004625,1,4223,529
bristol,other,driving,E02003049,E02003104,1,3952,587
bristol,other,driving,E02003048,E02003005,3,2022,416
bristol,other,passenger,E02003048,E02003005,1,2022,416
bristol,other,driving,E02003046,E02003109,1,6093,721
bristol,other,driving,E02003049,E02003005,4,2574,454
bristol,other,driving,E02003058,E02002986,10,19523,2090
bristol,other,driving,E02003048,E02002986,7,19379,2210
bristol,other,driving,E02003051,E02003219,3,5324,842
bristol,other,driving,E02003045,E02003005,7,5467,763
bristol,other,driving,E02003049,E02003219,3,3842,675
bristol,other,passenger,E02003049,E02003219,1,3842,675
bristol,other,driving,E02003045,E02003219,2,6329,921
bristol,other,passenger,E02003045,E02003219,1,6329,921
bristol,other,driving,E02003049,E02003004,14,6755,983
bristol,other,passenger,E02003049,E02003004,3,6755,983
bristol,other,driving,E02003048,E02006660,4,2477,431
bristol,other,driving,E02003045,E02004625,1,2411,314
bristol,other,driving,E02003050,E02006645,4,12630,1580
bristol,other,passenger,E02003050,E02006645,1,12630,1580
bristol,other,driving,E02003048,E02003104,1,1197,216
bristol,other,driving,E02003049,E02006660,1,1422,253
bristol,other,driving,E02003046,E02002986,11,26749,2665
bristol,other,driving,E02003047,E02004625,1,1563,256
bristol,other,driving,E02003045,E02003006,3,4201,535
bristol,other,driving,E02003045,E02003104,1,6333,794
bristol,other,driving,E02003047,E02002986,2,23228,2627
bristol,other,driving,E02003055,E02003233,1,6109,770
bristol,other,driving,E02003045,E02002993,3,2779,337
bristol,other,driving,E02003044,E02005684,1,2921,446
bristol,other,driving,E02003045,E02006652,2,257053,9964
bristol,other,driving,E02003045,E02002986,1,25517,2506
bristol,other,driving,E02003044,E02003004,3,6196,882
bristol,other,driving,E02003045,E02003233,3,2693,339
bristol,other,passenger,E02003045,E02003233,1,2693,339
bristol,other,driving,E02003044,E02003005,3,3811,605
bristol,other,passenger,E02003044,E02003005,1,3811,605
bristol,other,driving,E02003044,E02003006,2,1448,210
bristol,other,driving,E02003044,E02003003,1,2574,395
bristol,other,driving,E02003044,E02006645,1,4730,597
bristol,other,driving,E02003044,E02003233,1,5289,675
bristol,other,driving,E02003044,E02003219,3,4947,746
bristol,other,driving,E02003047,E02005684,1,3588,607
bristol,other,driving,E02003044,E02006652,2,255486,9865
bristol,other,driving,E02003049,E02003112,1,3373,471
bristol,other,driving,E02003043,E02003006,1,3565,537
bristol,other,driving,E02003043,E02005684,2,2139,438
bristol,other,driving,E02003043,E02003005,1,3029,597
bristol,other,passenger,E02003043,E02003005,1,3029,597
bristol,other,driving,E02003043,E02003233,6,8876,1118
bristol,other,driving,E02003043,E02006660,2,3514,575
bristol,other,driving,E02003043,E02004625,1,5709,810
bristol,other,driving,E02003043,E02006645,2,7663,997
bristol,other,passenger,E02003043,E02006645,5,7663,997
bristol,other,driving,E02003043,E02002986,2,25291,2209
bristol,other,driving,E02003041,E02006652,4,253964,9945
bristol,other,driving,E02003047,E02003235,2,5789,916
bristol,other,passenger,E02003047,E02003235,1,5789,916
bristol,other,driving,E02003041,E02003219,6,4127,756
bristol,other,driving,E02003041,E02003104,1,1705,331
bristol,other,driving,E02003041,E02003069,6,4607,794
bristol,other,driving,E02003047,E02002993,11,1335,265
bristol,other,driving,E02003047,E02003112,3,2855,413
bristol,other,driving,E02003041,E02002993,3,2423,347
bristol,other,driving,E02003040,E02003005,4,7179,1000
bristol,other,driving,E02003047,E02003069,10,4086,614
bristol,other,passenger,E02003049,E02006645,1,6136,795
bristol,other,driving,E02003040,E02003069,3,6758,889
bristol,other,driving,E02003046,W02000398,2,4941,625
bristol,other,driving,E02003048,E02006645,2,7235,960
bristol,other,driving,E02003040,E02006660,2,5569,721
bristol,other,passenger,E02003040,E02006660,1,5569,721
bristol,other,driving,E02003048,E02003233,4,7794,1039
bristol,other,driving,E02003039,E02003219,4,5949,964
bristol,other,driving,E02003040,E02003004,7,10967,1485
bristol,other,driving,E02003046,E02002993,9,5472,670
bristol,other,driving,E02003047,E02003005,11,4366,713
bristol,other,driving,E02003040,E02003104,2,8325,1060
bristol,other,driving,E02003039,E02006645,2,5941,701
bristol,other,driving,E02003040,E02003109,3,4015,570
bristol,other,driving,E02003045,E02006660,7,3857,484
bristol,other,driving,E02003040,E02004625,2,3903,509
bristol,other,driving,E02003041,E02002986,2,21572,2390
bristol,other,driving,E02003039,E02003235,2,4402,714
bristol,other,driving,E02003046,E02003006,2,6870,864
bristol,other,driving,E02003039,E02003005,4,4813,823
bristol,other,driving,E02003040,E02006652,4,260031,9913
bristol,other,driving,E02003045,E02006645,13,2156,267
bristol,other,driving,E02003045,E02005684,2,5374,727
bristol,other,driving,E02003043,E02003235,2,2006,348
bristol,other,driving,E02003045,E02003235,3,7233,988
bristol,other,driving,E02003039,E02002993,9,2420,321
bristol,other,driving,E02003039,E02003104,2,2386,355
bristol,other,driving,E02003039,E02002986,8,26892,2374
bristol,other,driving,E02003045,E02003003,1,5353,732
bristol,other,driving,E02003041,E02006660,4,3089,542
bristol,other,driving,E02003038,W02000350,1,25338,2122
bristol,other,driving,E02003044,E02003112,3,2256,313
bristol,other,driving,E02003045,E02003004,1,8974,1219
bristol,other,driving,E02003046,E02006660,6,6106,775
bristol,other,driving,E02003041,E02005684,3,2101,456
bristol,other,driving,E02003038,E02006660,1,4787,642
bristol,other,driving,E02003047,E02003104,1,4726,752
bristol,other,driving,E02003045,E02003069,7,5046,651
bristol,other,passenger,E02003045,E02003069,1,5046,651
bristol,other,driving,E02003039,E02003006,3,3031,445
bristol,other,passenger,E02003039,E02003006,1,3031,445
bristol,other,driving,E02003038,E02002993,5,2727,372
bristol,other,driving,E02003044,E02003104,2,3392,487
bristol,other,driving,E02003039,E02003003,1,3176,536
bristol,other,driving,E02003038,E02002986,5,40113,2379
bristol,other,driving,E02003044,E02003109,1,2503,386
bristol,other,driving,E02003041,E02003005,1,2991,615
bristol,other,driving,E02003043,E02002993,2,3409,486
bristol,other,driving,E02003044,E02006660,2,2482,351
bristol,other,driving,E02003043,E02003112,3,2376,339
bristol,other,driving,E02003038,E02003235,1,6226,930
bristol,other,driving,E02003048,E02004672,1,35401,2250
bristol,other,driving,E02003041,E02003004,1,4687,803
bristol,other,driving,E02003046,E02003003,4,8046,1066
bristol,other,driving,E02003056,E02006660,2,8377,1308
bristol,other,passenger,E02003056,E02006660,2,8377,1308
bristol,other,driving,E02003045,W02000398,1,2692,333
bristol,other,driving,E02003046,E02006645,1,2446,345
bristol,other,passenger,E02003046,E02006645,1,2446,345
bristol,other,driving,E02003043,E02003219,5,4075,671
bristol,other,driving,E02003040,E02002993,7,4771,603
bristol,other,driving,E02003041,E02003006,1,2579,398
bristol,other,passenger,E02003048,E02003004,1,3693,586
bristol,other,driving,E02003043,E02003069,7,5032,826
bristol,other,driving,E02003045,E02004672,2,43679,2639
bristol,other,driving,E02003043,E02003004,1,4505,720
bristol,other,driving,E02003040,E02003233,1,2420,348
bristol,other,driving,E02003041,E02003235,2,2580,506
bristol,other,driving,E02003038,E02003112,7,2598,302
bristol,other,driving,E02003043,W02000398,1,4702,745
bristol,other,passenger,E02003043,W02000398,1,4702,745
bristol,other,driving,E02003039,E02003004,4,6509,1012
bristol,other,driving,E02003040,E02003112,2,5939,706
bristol,other,driving,E02003040,E02003235,2,9225,1254
bristol,other,driving,E02003039,E02003109,1,2558,316
bristol,other,driving,E02003038,E02003006,2,4174,582
bristol,other,driving,E02003038,E02003219,1,7258,1079
bristol,other,driving,E02003039,E02006660,4,4435,637
bristol,other,driving,E02003038,E02003069,1,6066,837
bristol,other,driving,E02003038,E02003104,1,4211,570
bristol,other,driving,E02003040,E02003219,2,8040,1159
bristol,other,driving,E02003041,E02003233,2,7628,1027
bristol,other,passenger,E02003041,E02003233,4,7628,1027
bristol,other,driving,E02003041,E02004672,1,34546,2407
bristol,other,driving,E02003053,E02006652,2,257047,10085
bristol,other,driving,E02003038,E02003005,2,6397,921
bristol,other,driving,E02003039,E02004672,1,34413,2322
bristol,other,driving,E02003040,E02004672,1,46656,2588
bristol,other,driving,E02003041,W02000398,1,3716,606
bristol,other,driving,E02003044,E02002986,9,22393,2381
bristol,other,driving,E02003059,E02006652,1,259192,10053
bristol,other,driving,E02003040,W02000350,1,20865,2224
bristol,other,driving,E02003039,E02003069,3,5692,799
bristol,other,passenger,E02003039,E02003069,1,5692,799
bristol,other,driving,E02003041,E02006645,3,7182,971
bristol,other,driving,E02003038,E02004672,4,39990,2278
bristol,other,driving,E02003057,E02006652,2,257317,9771
bristol,other,driving,E02003054,E02006652,1,258583,10015
bristol,other,passenger,E02003054,E02006652,1,258583,10015
bristol,other,driving,E02003038,E02003004,1,8334,1227
bristol,other,passenger,E02003038,E02003004,1,8334,1227
bristol,other,driving,E02003040,E02002986,11,27010,2707
bristol,other,driving,E02003047,E02006652,1,255962,9937
bristol,other,driving,E02003039,E02006652,2,255541,9795
bristol,other,driving,E02003063,E02004609,2,6433,823
bristol,other,driving,E02003063,E02003074,1,3159,610
bristol,other,driving,E02003062,E02003074,2,1676,377
bristol,other,driving,E02003062,E02004655,1,4124,801
bristol,other,driving,E02003062,E02003096,1,5979,964
bristol,other,driving,E02003061,E02004608,1,258127,9782
bristol,other,driving,E02003060,E02003096,2,7207,1056
bristol,other,driving,E02003060,E02003002,2,20687,2257
bristol,other,driving,E02003058,E02006659,1,1771,298
bristol,other,driving,E02003058,E02003223,1,6047,864
bristol,other,driving,E02003058,E02003000,7,3992,645
bristol,other,driving,E02003056,E02002995,2,6199,966
bristol,other,driving,E02003057,E02003011,1,6025,894
bristol,other,driving,E02003056,E02004637,1,9697,1499
bristol,other,driving,E02003056,E02003000,2,5841,914
bristol,other,driving,E02003057,E02003102,1,11780,1440
bristol,other,driving,E02003055,E02003073,3,6173,942
bristol,other,driving,E02003054,E02003074,2,2664,468
bristol,other,driving,E02003054,E02006659,1,1867,350
bristol,other,driving,E02003054,E02003000,6,2457,454
bristol,other,driving,E02003063,E02006060,1,3440,655
bristol,other,driving,E02003053,E02006060,6,4070,638
bristol,other,driving,E02003060,E02003001,2,2900,526
bristol,other,driving,E02003052,E02003223,2,6223,923
bristol,other,driving,E02003053,E02002995,1,4875,764
bristol,other,driving,E02003058,E02006060,2,1804,419
bristol,other,driving,E02003052,E02003074,4,3705,597
bristol,other,driving,E02003061,E02003073,1,3326,457
bristol,other,passenger,E02003063,E02005863,1,6970,896
bristol,other,driving,E02003060,E02002995,3,3446,732
bristol,other,driving,E02003052,E02002995,1,2383,394
bristol,other,passenger,E02003052,E02002995,1,2383,394
bristol,other,driving,E02003052,E02006060,1,2325,393
bristol,other,driving,E02003063,E02003001,1,3552,651
bristol,other,driving,E02003063,E02003000,6,5953,991
bristol,taunton,driving,E02003052,E02006104,5,2177,365
bristol,other,driving,E02003057,E02000001,1,2028,459
bristol,other,driving,E02003051,E02006060,3,6385,907
bristol,other,driving,E02003051,E02003001,2,6512,1129
bristol,other,driving,E02003061,E02003001,2,2282,435
bristol,other,driving,E02003058,E02003073,1,4737,741
bristol,other,passenger,E02003058,E02003073,1,4737,741
bristol,other,driving,E02003060,E02003074,3,2687,500
bristol,other,driving,E02003062,E02003073,2,4890,784
bristol,other,driving,E02003051,E02004655,1,7438,1073
bristol,other,driving,E02003060,E02004655,1,4620,719
bristol,other,driving,E02003058,E02004637,2,4078,635
bristol,other,driving,E02003057,E02003000,9,3346,554
bristol,other,driving,E02003060,E02003000,7,4946,852
bristol,other,passenger,E02003060,E02003000,2,4946,852
bristol,other,driving,E02003061,E02003000,2,3537,582
bristol,other,driving,E02003058,E02003011,1,1414,326
bristol,other,driving,E02003063,E02003073,3,6781,996
bristol,other,passenger,E02003063,E02003073,1,6781,996
bristol,other,driving,E02003060,E02003223,1,5827,799
bristol,other,driving,E02003056,E02003096,2,3320,544
bristol,other,passenger,E02003056,E02003096,2,3320,544
bristol,other,driving,E02003049,E02003074,1,3842,675
bristol,other,driving,E02003049,E02003073,2,6755,983
bristol,other,driving,E02003061,E02004637,1,5558,864
bristol,other,driving,E02003058,E02002995,4,3550,581
bristol,other,driving,E02003056,E02003073,1,2632,388
bristol,other,driving,E02003058,E02003096,2,5669,880
bristol,other,driving,E02003063,E02000001,1,8672,1358
bristol,other,driving,E02003060,E02006060,1,2433,516
bristol,other,driving,E02003055,E02003074,2,2832,517
bristol,other,driving,E02003049,E02000001,1,8647,1346
bristol,other,driving,E02003057,E02003001,1,4557,762
bristol,other,driving,E02003057,E02003074,1,3370,475
bristol,other,passenger,E02003055,E02003000,1,4432,711
bristol,other,passenger,E02003058,E02004655,1,4147,649
bristol,other,driving,E02003048,E02003001,3,2022,416
bristol,other,driving,E02003059,E02003000,3,5221,837
bristol,other,driving,E02003062,E02004277,1,4058,537
bristol,other,driving,E02003049,E02003102,1,15369,1867
bristol,other,driving,E02003048,E02003073,1,3693,586
bristol,other,passenger,E02003048,E02003073,1,3693,586
bristol,other,driving,E02003055,E02004655,1,3089,467
bristol,taunton,driving,E02003047,E02006104,1,4726,752
bristol,other,driving,E02003057,E02004655,1,4698,771
bristol,other,driving,E02003048,E02004277,1,4805,687
bristol,other,driving,E02003062,E02003102,2,13532,1650
bristol,other,driving,E02003054,E02004655,1,2101,373
bristol,other,driving,E02003048,E02004608,2,258510,9957
bristol,other,driving,E02003055,E02000001,1,8065,1305
bristol,other,driving,E02003053,E02003001,3,4005,655
bristol,other,driving,E02003055,E02002995,5,2840,466
bristol,other,driving,E02003054,E02002995,2,1151,260
bristol,other,driving,E02003059,E02003073,1,2011,311
bristol,other,driving,E02003055,E02003096,1,7069,1060
bristol,other,driving,E02003054,E02006665,1,3913,603
bristol,other,driving,E02003058,E02000001,1,6628,1104
bristol,taunton,driving,E02003047,E02006109,3,1335,265
bristol,other,driving,E02003047,E02002995,6,3909,660
bristol,other,driving,E02003054,E02003073,2,3766,643
bristol,other,driving,E02003045,E02006060,4,5374,727
bristol,other,driving,E02003053,E02003096,1,9104,1357
bristol,other,passenger,E02003053,E02003096,1,9104,1357
bristol,other,passenger,E02003057,E02003223,1,8341,1238
bristol,other,driving,E02003057,E02004637,1,7201,1140
bristol,other,driving,E02003057,E02002995,3,3703,606
bristol,other,driving,E02003059,E02002995,1,5578,888
bristol,other,driving,E02003046,E02003096,3,23002,1470
bristol,other,driving,E02003052,E02003073,1,3335,524
bristol,other,driving,E02003060,E02003102,2,14542,1773
bristol,other,driving,E02003058,E02003102,2,13378,1607
bristol,other,driving,E02003052,E02003001,3,3047,548
bristol,other,driving,E02003056,E02003074,1,5866,835
bristol,other,passenger,E02003056,E02003074,1,5866,835
bristol,other,driving,E02003046,E02002995,5,8046,1066
bristol,other,passenger,E02003059,E02003223,1,11923,1484
bristol,other,driving,E02003052,E02004655,2,2580,456
bristol,other,driving,E02003059,E02003074,1,5245,758
bristol,other,driving,E02003053,E02006659,1,2396,376
bristol,taunton,driving,E02003057,E02006109,1,5909,881
bristol,other,driving,E02003045,E02003000,3,7233,988
bristol,other,driving,E02003045,E02004637,3,2692,333
bristol,other,driving,E02003043,E02004655,5,1535,277
bristol,other,driving,E02003045,E02003223,2,4071,485
bristol,other,passenger,E02003045,E02003223,1,4071,485
bristol,other,driving,E02003044,E02003000,2,4454,652
bristol,other,driving,E02003053,E02003223,2,4064,606
bristol,other,passenger,E02003053,E02003223,1,4064,606
bristol,other,driving,E02003060,E02003073,3,6118,876
bristol,other,driving,E02003044,E02003223,1,2503,386
bristol,other,driving,E02003043,E02003073,1,4505,720
bristol,other,driving,E02003043,E02003096,5,5796,773
bristol,other,driving,E02003051,E02003073,2,2091,395
bristol,other,driving,E02003052,E02003011,2,4461,873
bristol,other,passenger,E02003052,E02003011,1,4461,873
bristol,other,driving,E02003043,E02002995,1,1197,241
bristol,other,driving,E02003053,E02003011,1,3076,491
bristol,other,driving,E02003053,E02003073,4,8208,1239
bristol,other,passenger,E02003053,E02003073,1,8208,1239
bristol,other,driving,E02003058,E02003002,1,19523,2090
bristol,other,driving,E02003043,E02004637,5,4702,745
bristol,other,driving,E02003050,E02000001,1,2470,414
bristol,other,driving,E02003052,E02003096,3,4231,642
bristol,other,driving,E02003040,E02003096,3,11863,1603
bristol,other,passenger,E02003040,E02003096,3,11863,1603
bristol,other,driving,E02003043,E02004608,2,253429,9859
bristol,other,driving,E02003048,E02003000,5,2383,397
bristol,other,driving,E02003049,E02003001,4,2574,454
bristol,other,driving,E02003041,E02006060,6,2101,456
bristol,other,driving,E02003050,E02002995,2,4571,720
bristol,other,driving,E02003052,E02004637,2,5882,928
bristol,other,driving,E02003049,E02002995,5,3134,496
bristol,other,driving,E02003048,E02006659,1,2477,431
bristol,other,driving,E02003041,E02002995,2,1354,327
bristol,other,driving,E02003050,E02003074,5,4600,666
bristol,other,driving,E02003040,E02003000,6,9225,1254
bristol,other,passenger,E02003040,E02003000,1,9225,1254
bristol,other,driving,E02003062,E02003000,3,4654,821
bristol,other,passenger,E02003062,E02003000,1,4654,821
bristol,other,driving,E02003049,E02003000,3,5014,752
bristol,other,driving,E02003050,E02003223,1,9175,1158
bristol,other,driving,E02003051,E02003223,1,11048,1347
bristol,other,driving,E02003055,E02003002,3,20832,2273
bristol,other,driving,E02003053,E02003000,7,6467,1009
bristol,other,driving,E02003049,E02003223,2,3909,585
bristol,other,driving,E02003050,E02003073,3,3432,532
bristol,other,driving,E02003051,E02006665,3,9216,1110
bristol,other,driving,E02003050,E02006060,3,4512,718
bristol,other,passenger,E02003050,E02006060,1,4512,718
bristol,other,driving,E02003056,E02003102,1,13171,1125
bristol,other,passenger,E02003056,E02003102,1,13171,1125
bristol,other,driving,E02003050,E02003011,2,7255,1085
bristol,other,passenger,E02003050,E02003011,2,7255,1085
bristol,other,driving,E02003051,E02002995,3,6444,908
bristol,taunton,driving,E02003051,E02006109,1,8649,1183
bristol,other,driving,E02003049,E02006060,1,2104,367
bristol,other,driving,E02003048,E02006665,1,3354,520
bristol,other,driving,E02003050,E02003000,5,4213,668
bristol,other,driving,E02003063,E02003002,1,22730,2335
bristol,other,driving,E02003047,E02006060,4,3588,607
bristol,other,passenger,E02003047,E02006060,1,3588,607
bristol,other,driving,E02003039,E02004655,2,1872,280
bristol,taunton,driving,E02003051,E02006104,2,7622,946
bristol,other,driving,E02003040,E02003002,1,27010,2707
bristol,other,driving,E02003048,E02006060,3,1132,257
bristol,other,driving,E02003052,E02000001,2,5227,887
bristol,other,driving,E02003039,E02004608,2,255541,9795
bristol,other,driving,E02003055,E02003102,2,14688,1790
bristol,other,driving,E02003048,E02003074,1,3158,557
bristol,other,driving,E02003048,E02003223,2,5186,757
bristol,other,passenger,E02003048,E02003223,1,5186,757
bristol,taunton,driving,E02003045,E02006109,2,2779,337
bristol,other,driving,E02003038,E02003096,5,9221,1154
bristol,other,driving,E02003051,E02003102,2,14195,1329
bristol,other,driving,E02003050,E02004655,1,5565,885
bristol,other,driving,E02003047,E02003074,7,5228,871
bristol,other,passenger,E02003047,E02003074,1,5228,871
bristol,other,driving,E02003044,E02002995,3,2574,395
bristol,other,driving,E02003047,E02004655,1,3914,607
bristol,other,taxi,E02003050,E02003001,1,5234,873
bristol,other,driving,E02003050,E02003001,2,5234,873
bristol,other,driving,E02003045,E02006659,1,3857,484
bristol,other,driving,E02003047,E02003223,2,2979,458
bristol,other,passenger,E02003047,E02003223,3,2979,458
bristol,other,driving,E02003047,E02003011,6,4086,614
bristol,other,driving,E02003048,E02003096,2,4588,703
bristol,other,driving,E02003048,E02004655,2,1542,290
bristol,other,driving,E02003053,E02000001,1,10100,1602
bristol,other,driving,E02003048,E02004637,1,3798,623
bristol,other,driving,E02003047,E02003073,5,7530,1147
bristol,other,driving,E02003044,E02003001,1,3811,605
bristol,other,driving,E02003048,E02003011,1,3996,683
bristol,other,driving,E02003045,E02004655,2,5115,674
bristol,other,passenger,E02003052,E02003002,1,19021,2148
bristol,other,driving,E02003044,E02003074,2,4947,746
bristol,other,driving,E02003043,E02003001,2,3029,597
bristol,other,driving,E02003046,E02006060,3,7780,1037
bristol,other,driving,E02003043,E02003000,2,2006,348
bristol,other,driving,E02003046,E02003001,11,7716,1054
bristol,other,driving,E02003051,E02003011,1,7980,1261
bristol,other,driving,E02003062,E02003002,1,19676,2133
bristol,other,driving,E02003046,E02004637,2,4941,625
bristol,other,driving,E02003047,E02003000,4,5789,916
bristol,other,passenger,E02003047,E02003000,1,5789,916
bristol,other,driving,E02003046,E02006659,1,6106,775
bristol,other,driving,E02003043,E02006060,2,2139,438
bristol,other,driving,E02003043,E02003223,3,4208,575
bristol,other,driving,E02003047,E02003001,3,4366,713
bristol,other,driving,E02003044,E02003073,4,6196,882
bristol,other,driving,E02003041,E02004637,7,3716,606
bristol,other,driving,E02003050,E02004637,3,8069,1254
bristol,other,driving,E02003047,E02000001,1,9422,1510
bristol,other,driving,E02003046,E02003223,4,6093,721
bristol,other,driving,E02003041,E02003074,2,4127,756
bristol,other,driving,E02003049,E02003096,2,7651,1100
bristol,taunton,driving,E02003045,E02006104,1,6333,794
bristol,other,driving,E02003046,E02003011,2,7295,943
bristol,other,driving,E02003043,E02003074,3,4075,671
bristol,taunton,driving,E02003039,E02006109,1,2420,321
bristol,other,driving,E02003041,E02006659,1,3089,542
bristol,other,passenger,E02003048,E02003002,1,19379,2210
bristol,other,driving,E02003053,E02003002,1,25013,2486
bristol,other,driving,E02003048,E02003102,1,14458,1708
bristol,other,driving,E02003043,E02004609,4,7663,997
bristol,other,driving,E02003061,E02003002,1,18112,1806
bristol,taunton,driving,E02003041,E02006109,7,2423,347
bristol,other,driving,E02003040,E02006659,2,5569,721
bristol,taunton,driving,E02003041,E02006104,2,1705,331
bristol,taunton,driving,E02003046,E02006104,1,9026,1128
bristol,other,driving,E02003054,E02003002,1,20110,2102
bristol,other,driving,E02003045,E02003073,6,8974,1219
bristol,other,driving,E02003041,E02003223,2,3726,549
bristol,taunton,driving,E02003049,E02006104,1,3952,587
bristol,other,driving,E02003046,E02003074,1,8577,1213
bristol,other,driving,E02003041,E02003000,2,2580,506
bristol,other,driving,E02003041,E02003073,1,4687,803
bristol,other,driving,E02003041,E02000001,1,6579,1166
bristol,other,passenger,E02003041,E02000001,1,6579,1166
bristol,other,driving,E02003040,E02003074,1,8040,1159
bristol,other,driving,E02003039,E02003096,5,7397,938
bristol,other,passenger,E02003039,E02003096,1,7397,938
bristol,other,driving,E02003038,E02006665,4,2598,302
bristol,other,passenger,E02003038,E02006665,2,2598,302
bristol,other,driving,E02003044,E02003096,3,7091,1000
bristol,other,driving,E02003039,E02006659,2,4435,637
bristol,other,driving,E02003040,E02002995,3,7345,998
bristol,other,passenger,E02003045,E02003102,1,19373,2023
bristol,other,driving,E02003039,E02003000,1,4402,714
bristol,other,driving,E02003043,E02006659,5,3514,575
bristol,other,passenger,E02003043,E02006659,2,3514,575
bristol,other,driving,E02003038,E02003074,3,7258,1079
bristol,other,driving,E02003039,E02000001,1,10297,1166
bristol,other,driving,E02003046,E02004655,2,7808,1008
bristol,other,driving,E02003043,E02003102,1,15376,1822
bristol,other,driving,E02003040,E02003073,1,10967,1485
bristol,other,driving,E02003046,E02003073,3,24899,1324
bristol,other,driving,E02003053,E02003102,1,18868,2003
bristol,other,driving,E02003044,E02004655,5,2579,342
bristol,other,driving,E02003044,E02003002,1,22393,2381
bristol,other,driving,E02003038,E02006060,4,5618,815
bristol,other,driving,E02003038,E02000001,2,12121,1381
bristol,other,driving,E02003038,E02006659,1,4787,642
bristol,other,passenger,E02003040,E02006060,1,7243,983
bristol,other,driving,E02003047,E02003002,4,23228,2627
bristol,other,driving,E02003040,E02004277,6,3903,509
bristol,other,passenger,E02003040,E02003011,1,6758,889
bristol,other,driving,E02003050,E02003002,3,18388,2086
bristol,other,driving,E02003043,E02005863,1,8876,1118
bristol,other,driving,E02003038,E02003000,2,6226,930
bristol,other,passenger,E02003038,E02003000,1,6226,930
bristol,other,driving,E02003039,E02002995,2,3176,536
bristol,other,driving,E02003040,E02003223,2,4015,570
bristol,other,driving,E02003038,E02002995,6,5000,752
bristol,other,driving,E02003040,E02004637,1,4404,571
bristol,other,driving,E02003046,E02003002,2,26749,2665
bristol,other,driving,E02003049,E02003002,3,21513,2351
bristol,other,driving,E02003046,E02003102,1,20604,2182
bristol,other,driving,E02003039,E02003102,1,23514,1906
bristol,other,passenger,E02003039,E02003102,1,23514,1906
bristol,other,driving,E02003039,E02003002,2,26892,2374
bristol,other,driving,E02003038,E02003002,1,40113,2379
bristol,other,driving,E02003041,E02003102,1,15428,1907
bristol,other,driving,E02003045,E02003002,2,25517,2506
bristol,other,driving,E02003040,E02000001,7,24807,1623
bristol,other,driving,E02003038,E02003001,2,6397,921
bristol,other,driving,E02003060,E02004608,1,260919,10202
bristol,other,driving,E02003046,E02003000,13,9926,1322
bristol,other,driving,E02003041,E02003002,1,21572,2390
bristol,other,driving,E02003054,E02004608,3,258583,10015
bristol,other,driving,E02003053,E02004608,4,257047,10085
bristol,other,passenger,E02003053,E02004608,1,257047,10085
bristol,other,driving,E02003041,E02004608,5,253964,9945
bristol,other,passenger,E02003059,E02004608,1,259192,10053
bristol,other,driving,E02003052,E02004608,1,258152,9896
bristol,other,driving,E02003045,E02004608,5,257053,9964
bristol,other,driving,E02003050,E02004608,3,255469,9899
bristol,other,passenger,E02003050,E02004608,1,255469,9899
bristol,other,driving,E02003040,E02004608,2,260031,9913
bristol,other,passenger,E02003040,E02004608,2,260031,9913
bristol,other,driving,E02003046,E02004608,1,258994,9766
bristol,other,passenger,E02003046,E02004608,1,258994,9766
bristol,other,driving,E02003044,E02004608,1,255486,9865
bristol,other,driving,E02003049,E02004608,2,255442,10104
bristol,other,passenger,E02003049,E02004608,1,255442,10104
bristol,other,driving,E02003038,E02004608,2,253365,9603
bristol,other,driving,E02003063,E02004608,1,259001,10326
bristol,other,driving,E02003047,E02004608,1,255962,9937
bristol,other,driving,E02003063,E02006052,3,5239,841
bristol,other,driving,E02003063,E02003008,1,5894,801
bristol,other,passenger,E02003063,E02003008,1,5894,801
bristol,other,driving,E02003063,E02003010,5,27360,2432
bristol,other,driving,E02003062,E02006845,1,19676,2133
bristol,other,passenger,E02003062,E02006061,1,7236,894
bristol,weston-super-mare,driving,E02003063,E02003080,4,259001,10326
bristol,other,driving,E02003061,E02003008,1,5931,926
bristol,other,driving,E02003061,E02006054,1,11967,1322
bristol,other,passenger,E02003060,E02003008,1,5703,753
bristol,other,driving,E02003060,E02006061,1,6528,818
bristol,other,passenger,E02003060,E02006061,1,6528,818
bristol,other,driving,E02003059,E02006061,1,12514,1760
bristol,other,passenger,E02003059,E02006061,3,12514,1760
bristol,other,driving,E02003059,E02006845,1,14953,1543
bristol,other,driving,E02003059,E02003010,1,23641,2261
bristol,weston-super-mare,driving,E02003059,E02003080,1,259192,10053
bristol,other,driving,E02003058,E02006061,3,6982,920
bristol,other,driving,E02003058,E02006845,3,19523,2090
bristol,other,driving,E02003058,E02006052,4,4147,649
bristol,other,driving,E02003057,E02003008,3,6509,1002
bristol,other,driving,E02003058,E02003010,5,23281,2540
bristol,other,driving,E02003056,E02003008,1,10337,1253
bristol,other,driving,E02003055,E02006052,2,3089,467
bristol,other,driving,E02003062,E02006052,2,4124,801
bristol,other,driving,E02003055,E02006054,2,14688,1790
bristol,other,driving,E02003054,E02003008,2,3913,603
bristol,other,driving,E02003053,E02006054,6,18868,2003
bristol,weston-super-mare,driving,E02003054,E02003080,1,258583,10015
bristol,other,driving,E02003054,E02006052,1,2101,373
bristol,other,driving,E02003052,E02003010,2,25700,2644
bristol,other,driving,E02003060,E02006052,3,4620,719
bristol,other,driving,E02003053,E02003008,2,3940,561
bristol,other,driving,E02003053,E02006052,6,4879,688
bristol,other,driving,E02003063,E02006054,5,16585,1852
bristol,other,driving,E02003052,E02006054,2,14949,1646
bristol,taunton,driving,E02003052,E02006108,1,35044,2189
bristol,weston-super-mare,driving,E02003052,E02003080,3,258152,9896
bristol,other,driving,E02003052,E02003008,4,4391,686
bristol,weston-super-mare,driving,E02003051,E02003080,6,256188,9929
bristol,weston-super-mare,passenger,E02003051,E02003080,1,256188,9929
bristol,other,driving,E02003050,E02006061,11,12630,1580
bristol,other,passenger,E02003050,E02006061,3,12630,1580
bristol,other,passenger,E02003051,E02003010,1,28100,2416
bristol,other,driving,E02003051,E02006054,2,14195,1329
bristol,other,driving,E02003051,E02006052,1,7438,1073
bristol,other,driving,E02003051,E02006845,1,17639,1786
bristol,taunton,driving,E02003061,E02006108,1,35018,2075
bristol,other,driving,E02003051,E02006061,4,24565,1621
bristol,other,driving,E02003050,E02006052,3,5565,885
bristol,other,driving,E02003050,E02003010,1,25797,2651
bristol,other,passenger,E02003056,E02006052,1,7193,1131
bristol,other,driving,E02003060,E02006054,1,14542,1773
bristol,other,driving,E02003050,E02006054,3,15046,1653
bristol,other,driving,E02003050,E02006845,4,18388,2086
bristol,other,passenger,E02003056,E02006061,3,24718,1672
bristol,other,driving,E02003049,E02003010,1,30036,2793
bristol,other,driving,E02003049,E02006052,1,3139,442
bristol,other,driving,E02003057,E02006061,2,10639,1478
bristol,other,driving,E02003049,E02003008,1,3373,471
bristol,other,driving,E02003049,E02006061,1,6136,795
bristol,other,driving,E02003048,E02006052,2,1542,290
bristol,other,driving,E02003056,E02006845,1,15185,1553
bristol,other,driving,E02003053,E02006061,3,3889,488
bristol,other,driving,E02003052,E02006052,1,2580,456
bristol,other,driving,E02003062,E02003010,1,23434,2583
bristol,other,driving,E02003048,E02003008,2,3354,520
bristol,other,passenger,E02003048,E02003008,1,3354,520
bristol,weston-super-mare,driving,E02003048,E02003080,1,258510,9957
bristol,weston-super-mare,passenger,E02003048,E02003080,2,258510,9957
bristol,other,driving,E02003048,E02006054,7,14458,1708
bristol,other,driving,E02003048,E02003010,5,26057,2705
bristol,other,passenger,E02003048,E02003010,1,26057,2705
bristol,other,driving,E02003060,E02006845,2,20687,2257
bristol,other,driving,E02003048,E02006845,2,19379,2210
bristol,other,driving,E02003047,E02006061,1,4408,578
bristol,other,driving,E02003047,E02006052,1,3914,607
bristol,other,driving,E02003047,E02003008,1,2855,413
bristol,taunton,driving,E02003047,E02006108,8,42588,2612
bristol,other,driving,E02003047,E02006845,6,23228,2627
bristol,other,driving,E02003047,E02003010,5,31044,2775
bristol,weston-super-mare,driving,E02003047,E02003080,5,255962,9937
bristol,other,driving,E02003046,E02006061,3,2446,345
bristol,other,driving,E02003057,E02006845,2,16631,1756
bristol,taunton,driving,E02003046,E02006108,1,45619,2441
bristol,other,driving,E02003046,E02003010,3,31378,2762
bristol,other,driving,E02003055,E02006845,1,20832,2273
bristol,other,driving,E02003057,E02003010,1,24567,2460
bristol,other,driving,E02003050,E02003008,6,7343,921
bristol,other,driving,E02003045,E02006052,2,5115,674
bristol,other,driving,E02003045,E02006061,1,2156,267
bristol,other,driving,E02003046,E02006054,3,20604,2182
bristol,taunton,driving,E02003045,E02006108,2,43679,2639
bristol,other,driving,E02003045,E02003010,1,30147,2603
bristol,other,driving,E02003045,E02006054,2,19373,2023
bristol,other,passenger,E02003045,E02006054,1,19373,2023
bristol,other,driving,E02003044,E02006052,1,2579,342
bristol,other,driving,E02003054,E02003010,1,24750,2660
bristol,taunton,driving,E02003051,E02006108,1,18773,1808
bristol,other,driving,E02003043,E02006054,3,15376,1822
bristol,weston-super-mare,passenger,E02003043,E02003080,1,253429,9859
bristol,other,driving,E02003043,E02006845,1,25291,2209
bristol,other,driving,E02003041,E02003010,2,27052,2923
bristol,other,driving,E02003041,E02006845,1,21572,2390
bristol,other,driving,E02003060,E02003010,6,23796,2630
bristol,other,driving,E02003046,E02006052,2,7808,1008
bristol,other,driving,E02003040,E02006052,2,7108,940
bristol,other,driving,E02003040,E02003010,1,31640,2804
bristol,other,passenger,E02003040,E02006054,2,20865,2224
bristol,taunton,driving,E02003040,E02006108,1,46656,2588
bristol,other,driving,E02003040,E02003008,1,5939,706
bristol,taunton,driving,E02003050,E02006108,1,20701,2121
bristol,other,driving,E02003046,E02003008,2,6639,774
bristol,taunton,driving,E02003053,E02006108,1,43673,2759
bristol,taunton,driving,E02003049,E02006108,1,36025,2566
bristol,other,driving,E02003039,E02003010,2,31970,2993
bristol,other,driving,E02003052,E02006061,3,9319,1266
bristol,other,driving,E02003039,E02006054,2,23514,1906
bristol,other,driving,E02003043,E02006052,1,1535,277
bristol,other,driving,E02003041,E02003008,2,1895,312
bristol,other,driving,E02003043,E02006061,1,7663,997
bristol,other,driving,E02003038,E02006054,1,25338,2122
bristol,weston-super-mare,driving,E02003050,E02003080,2,255469,9899
bristol,weston-super-mare,passenger,E02003050,E02003080,1,255469,9899
bristol,other,driving,E02003045,E02006845,3,25517,2506
bristol,other,driving,E02003041,E02006054,3,15428,1907
bristol,other,driving,E02003046,E02006845,1,26749,2665
bristol,other,passenger,E02003046,E02006845,1,26749,2665
bristol,weston-super-mare,driving,E02003056,E02003080,1,256341,9980
bristol,taunton,driving,E02003043,E02006108,4,32812,2157
bristol,other,driving,E02003039,E02006845,2,26892,2374
bristol,weston-super-mare,driving,E02003046,E02003080,4,258994,9766
bristol,weston-super-mare,driving,E02003045,E02003080,3,257053,9964
bristol,weston-super-mare,passenger,E02003045,E02003080,1,257053,9964
bristol,other,driving,E02003047,E02006054,8,17084,2144
bristol,weston-super-mare,driving,E02003040,E02003080,1,260031,9913
bristol,other,bicycle,E02003052,E02003117,1,4461,1079
bristol,other,bicycle,E02003059,E02002251,1,4677,954
bristol,other,bicycle,E02003058,E02003117,2,1419,424
bristol,other,bicycle,E02003061,E02003108,3,9737,2492
bristol,other,bicycle,E02003063,E02003120,1,12483,2631
bristol,other,bicycle,E02003060,E02003120,1,11301,2348
bristol,other,bicycle,E02003059,E02003108,1,14697,3355
bristol,other,bicycle,E02003057,E02002991,1,4376,1012
bristol,other,bicycle,E02003058,E02001097,1,9120,1961
bristol,other,bicycle,E02003055,E02003117,1,1595,319
bristol,other,bicycle,E02003058,E02003114,1,9592,2261
bristol,other,bicycle,E02003058,E02003120,1,9967,2092
bristol,other,bicycle,E02003054,E02003117,1,2443,562
bristol,other,bicycle,E02003056,E02003120,1,9667,2031
bristol,other,bicycle,E02003054,E02003110,1,2126,543
bristol,other,bicycle,E02003053,E02003117,1,3180,870
bristol,other,bicycle,E02003053,E02001097,1,4325,912
bristol,other,bicycle,E02003054,E02003108,1,10204,2441
bristol,other,bicycle,E02003053,E02002251,1,4910,1128
bristol,other,bicycle,E02003054,E02001097,1,8715,1821
bristol,other,bicycle,E02003052,E02002991,1,3056,660
bristol,other,bicycle,E02003053,E02003110,2,4286,1150
bristol,other,bicycle,E02003052,E02003120,1,7217,1456
bristol,other,bicycle,E02003049,E02003117,3,3016,664
bristol,other,bicycle,E02003051,E02006492,1,4899,1054
bristol,other,bicycle,E02003053,E02006492,2,8908,1950
bristol,other,bicycle,E02003052,E02001097,1,10952,2355
bristol,other,bicycle,E02003049,E02002991,2,2478,407
bristol,other,bicycle,E02003049,E02002251,1,4009,640
bristol,other,bicycle,E02003051,E02002991,1,6243,1353
bristol,other,bicycle,E02003051,E02003117,1,7194,1575
bristol,other,bicycle,E02003051,E02003114,2,18209,3512
bristol,other,bicycle,E02003049,E02001097,1,7949,1561
bristol,other,bicycle,E02003048,E02003117,1,3436,722
bristol,other,bicycle,E02003047,E02002991,2,3952,992
bristol,other,bicycle,E02003047,E02003110,1,5049,1261
bristol,other,bicycle,E02003047,E02001097,1,6330,1198
bristol,other,bicycle,E02003048,E02006492,1,5146,1037
bristol,other,bicycle,E02003046,E02003114,1,4185,760
bristol,other,bicycle,E02003050,E02003108,3,15166,3611
bristol,other,bicycle,E02003047,E02003114,3,10047,1895
bristol,other,bicycle,E02003049,E02003114,1,11666,2258
bristol,other,bicycle,E02003048,E02003114,2,13011,2647
bristol,other,bicycle,E02003047,E02002251,1,5323,1195
bristol,other,bicycle,E02003048,E02003120,2,7290,1524
bristol,other,bicycle,E02003046,E02003108,1,12138,2809
bristol,other,bicycle,E02003047,E02003117,5,3943,980
bristol,other,bicycle,E02003044,E02003108,3,10960,2550
bristol,other,bicycle,E02003044,E02003117,2,3700,811
bristol,other,bicycle,E02003046,E02003117,3,7382,1756
bristol,other,bicycle,E02003046,E02003110,1,8488,2037
bristol,other,bicycle,E02003040,E02003114,4,5614,1069
bristol,other,bicycle,E02003048,E02003108,2,11197,2601
bristol,other,bicycle,E02003046,E02006492,1,12410,2676
bristol,other,bicycle,E02003043,E02006492,1,3995,734
bristol,other,bicycle,E02003043,E02002991,2,3064,529
bristol,other,bicycle,E02003041,E02002991,2,2948,502
bristol,other,bicycle,E02003046,E02003120,3,15527,3251
bristol,other,bicycle,E02003041,E02006492,2,5645,1138
bristol,other,bicycle,E02003039,E02003117,3,5145,1149
bristol,other,bicycle,E02003044,E02003120,5,8956,1774
bristol,other,bicycle,E02003043,E02001097,1,10014,2002
bristol,other,bicycle,E02003043,E02003110,1,4125,895
bristol,other,bicycle,E02003045,E02003108,1,11928,2772
bristol,other,bicycle,E02003040,E02003117,5,7791,2005
bristol,other,bicycle,E02003043,E02003108,1,12774,2877
bristol,other,bicycle,E02003039,E02002251,5,5473,1137
bristol,other,bicycle,E02003043,E02003114,1,13731,2699
bristol,other,bicycle,E02003039,E02003120,1,7409,1443
bristol,other,bicycle,E02003041,E02002251,1,4037,746
bristol,other,bicycle,E02003039,E02003110,1,5569,1296
bristol,other,bicycle,E02003040,E02002251,3,9171,2219
bristol,other,bicycle,E02003039,E02006492,1,5135,1045
bristol,other,bicycle,E02003039,E02003108,2,13117,2952
bristol,other,bicycle,E02003041,E02001097,2,7980,1624
bristol,other,bicycle,E02003039,E02003114,1,10455,2078
bristol,other,bicycle,E02003038,E02003120,2,9923,2030
bristol,other,bicycle,E02003040,E02003108,4,13567,3119
bristol,other,bicycle,E02003038,E02002991,1,6565,1500
bristol,other,bicycle,E02003038,E02003117,5,6014,1503
bristol,other,bicycle,E02003040,E02002991,2,8673,2160
bristol,other,bicycle,E02003040,E02006492,2,11185,2565
bristol,other,bicycle,E02003038,E02003114,2,8987,1800
bristol,other,bicycle,E02003044,E02003110,1,4806,1092
bristol,other,bicycle,E02003038,E02003108,4,13274,3242
bristol,other,bicycle,E02003045,E02001097,1,2789,598
bristol,other,driving,E02003063,E02003091,3,1396,293
bristol,other,driving,E02003063,E02003077,27,6781,996
bristol,other,passenger,E02003063,E02003077,1,6781,996
bristol,other,driving,E02003063,E02003075,12,2151,374
bristol,other,passenger,E02003063,E02003075,1,2151,374
bristol,other,driving,E02003063,E02003092,11,3159,610
bristol,other,driving,E02003062,E02003092,5,1676,377
bristol,other,driving,E02003062,E02003070,16,2162,472
bristol,other,passenger,E02003062,E02003070,1,2162,472
bristol,other,driving,E02003062,E02003068,20,4058,537
bristol,other,passenger,E02003062,E02003068,3,4058,537
bristol,other,driving,E02003062,E02003077,18,4890,784
bristol,other,passenger,E02003062,E02003077,4,4890,784
bristol,other,driving,E02003061,E02003077,40,3326,457
bristol,other,passenger,E02003061,E02003077,3,3326,457
bristol,other,driving,E02003061,E02003070,20,2638,434
bristol,other,passenger,E02003061,E02003070,1,2638,434
bristol,other,driving,E02003060,E02003070,21,2433,516
bristol,other,driving,E02003063,E02003065,5,5953,991
bristol,other,driving,E02003061,E02003091,3,2925,557
bristol,other,driving,E02003056,E02003070,8,6140,964
bristol,other,driving,E02003055,E02003070,12,2035,340
bristol,other,passenger,E02003055,E02003070,1,2035,340
bristol,other,driving,E02003063,E02003068,26,2933,434
bristol,other,passenger,E02003063,E02003068,2,2933,434
bristol,other,taxi,E02003055,E02003077,1,6173,942
bristol,other,driving,E02003055,E02003077,26,6173,942
bristol,other,passenger,E02003055,E02003077,3,6173,942
bristol,other,driving,E02003061,E02003065,7,3537,582
bristol,other,passenger,E02003061,E02003065,1,3537,582
bristol,other,driving,E02003054,E02003090,4,977,197
bristol,other,passenger,E02003054,E02003090,4,977,197
bristol,other,driving,E02003063,E02003090,1,3552,651
bristol,other,driving,E02003063,E02003070,19,3440,655
bristol,other,passenger,E02003063,E02003070,2,3440,655
bristol,other,driving,E02003062,E02003075,5,2239,328
bristol,other,driving,E02003053,E02003065,1,6467,1009
bristol,other,driving,E02003060,E02003065,2,4946,852
bristol,other,driving,E02003062,E02003091,1,1394,238
bristol,other,driving,E02003058,E02003070,24,1804,419
bristol,other,driving,E02003061,E02003075,8,2822,560
bristol,other,passenger,E02003061,E02003075,2,2822,560
bristol,other,driving,E02003060,E02003068,22,2980,457
bristol,other,passenger,E02003060,E02003068,2,2980,457
bristol,other,driving,E02003051,E02003068,15,10949,1507
bristol,other,passenger,E02003051,E02003068,2,10949,1507
bristol,other,driving,E02003060,E02003075,7,1532,253
bristol,other,passenger,E02003060,E02003075,1,1532,253
bristol,other,driving,E02003059,E02003075,5,7756,1231
bristol,other,driving,E02003060,E02003092,12,2687,500
bristol,other,passenger,E02003060,E02003092,1,2687,500
bristol,other,driving,E02003058,E02003075,11,1771,298
bristol,other,passenger,E02003058,E02003075,2,1771,298
bristol,other,driving,E02003059,E02003077,29,2011,311
bristol,other,driving,E02003060,E02003077,46,6118,876
bristol,other,passenger,E02003060,E02003077,2,6118,876
bristol,other,driving,E02003061,E02003090,2,2282,435
bristol,other,driving,E02003058,E02003068,18,3804,563
bristol,other,driving,E02003058,E02003091,7,1414,326
bristol,other,driving,E02003058,E02003077,28,4737,741
bristol,other,passenger,E02003058,E02003077,1,4737,741
bristol,other,driving,E02003058,E02003065,1,3992,645
bristol,other,driving,E02003051,E02003090,2,6512,1129
bristol,other,driving,E02003051,E02003091,1,7980,1261
bristol,other,passenger,E02003051,E02003091,1,7980,1261
bristol,other,driving,E02003059,E02003092,5,5245,758
bristol,other,driving,E02003059,E02003065,2,5221,837
bristol,other,driving,E02003051,E02003070,19,6385,907
bristol,other,driving,E02003059,E02003070,21,5520,887
bristol,other,driving,E02003055,E02003092,8,2832,517
bristol,other,driving,E02003062,E02003065,4,4654,821
bristol,other,driving,E02003055,E02003091,1,1519,252
bristol,other,driving,E02003057,E02003075,6,5881,948
bristol,other,passenger,E02003057,E02003075,2,5881,948
bristol,other,taxi,E02003056,E02003077,1,2632,388
bristol,other,driving,E02003056,E02003077,13,2632,388
bristol,other,passenger,E02003056,E02003077,3,2632,388
bristol,other,driving,E02003059,E02003090,1,6432,1045
bristol,other,driving,E02003055,E02003090,2,1971,358
bristol,other,driving,E02003057,E02003070,21,3645,605
bristol,other,passenger,E02003057,E02003070,3,3645,605
bristol,other,driving,E02003050,E02003092,1,4600,666
bristol,other,passenger,E02003050,E02003092,1,4600,666
bristol,other,driving,E02003060,E02003090,10,2900,526
bristol,other,driving,E02003056,E02003092,6,5866,835
bristol,other,driving,E02003054,E02003092,10,2664,468
bristol,other,passenger,E02003054,E02003092,1,2664,468
bristol,other,driving,E02003054,E02003065,2,2457,454
bristol,other,driving,E02003058,E02003092,11,1523,334
bristol,other,driving,E02003056,E02003065,4,5841,914
bristol,other,driving,E02003054,E02003068,8,3900,617
bristol,other,driving,E02003057,E02003091,1,6025,894
bristol,other,driving,E02003053,E02003090,3,4005,655
bristol,other,driving,E02003057,E02003090,2,4557,762
bristol,other,driving,E02003057,E02003092,5,3370,475
bristol,other,driving,E02003055,E02003065,3,4432,711
bristol,other,driving,E02003055,E02003068,25,2394,341
bristol,other,driving,E02003052,E02003070,24,2325,393
bristol,other,passenger,E02003052,E02003070,2,2325,393
bristol,other,driving,E02003054,E02003091,6,2392,522
bristol,other,driving,E02003056,E02003068,19,10704,1564
bristol,other,passenger,E02003056,E02003068,2,10704,1564
bristol,other,driving,E02003059,E02003068,11,10083,1487
bristol,other,passenger,E02003059,E02003068,1,10083,1487
bristol,other,driving,E02003059,E02003091,6,7900,1177
bristol,other,driving,E02003050,E02003068,27,9076,1318
bristol,other,passenger,E02003050,E02003068,1,9076,1318
bristol,other,driving,E02003056,E02003075,6,8377,1308
bristol,other,passenger,E02003056,E02003075,3,8377,1308
bristol,other,driving,E02003053,E02003075,5,2396,376
bristol,other,driving,E02003054,E02003075,5,1867,350
bristol,other,driving,E02003056,E02003090,3,7053,1122
bristol,other,passenger,E02003056,E02003090,1,7053,1122
bristol,other,driving,E02003054,E02003077,10,3766,643
bristol,other,driving,E02003057,E02003068,14,8208,1204
bristol,other,passenger,E02003057,E02003068,1,8208,1204
bristol,other,driving,E02003057,E02003065,3,3346,554
bristol,other,taxi,E02003053,E02003077,2,8208,1239
bristol,other,driving,E02003053,E02003077,21,8208,1239
bristol,other,driving,E02003052,E02003075,12,4393,704
bristol,other,passenger,E02003052,E02003075,1,4393,704
bristol,other,driving,E02003061,E02003068,20,5056,786
bristol,other,passenger,E02003061,E02003068,1,5056,786
bristol,other,driving,E02003053,E02003091,2,3076,491
bristol,other,driving,E02003049,E02003065,4,5014,752
bristol,other,driving,E02003056,E02003091,2,8521,1254
bristol,other,driving,E02003052,E02003092,5,3705,597
bristol,other,driving,E02003053,E02003070,20,4070,638
bristol,other,passenger,E02003053,E02003070,2,4070,638
bristol,other,driving,E02003052,E02003091,4,4461,873
bristol,other,driving,E02003052,E02003090,2,3047,548
bristol,other,driving,E02003052,E02003077,17,3335,524
bristol,other,passenger,E02003052,E02003077,2,3335,524
bristol,other,driving,E02003051,E02003065,4,6086,856
bristol,other,driving,E02003051,E02003075,10,8622,1251
bristol,other,driving,E02003051,E02003077,19,2091,395
bristol,other,passenger,E02003051,E02003077,1,2091,395
bristol,other,driving,E02003053,E02003092,13,4979,794
bristol,other,driving,E02003050,E02003070,35,4512,718
bristol,other,passenger,E02003050,E02003070,2,4512,718
bristol,other,driving,E02003046,E02003092,12,8577,1213
bristol,other,passenger,E02003046,E02003092,2,8577,1213
bristol,other,driving,E02003046,E02003070,20,7780,1037
bristol,other,passenger,E02003046,E02003070,1,7780,1037
bristol,other,driving,E02003052,E02003068,27,6427,970
bristol,other,passenger,E02003052,E02003068,6,6427,970
bristol,other,driving,E02003050,E02003077,29,3432,532
bristol,other,passenger,E02003050,E02003077,2,3432,532
bristol,other,driving,E02003046,E02003090,8,7716,1054
bristol,other,driving,E02003050,E02003075,15,6749,1062
bristol,other,passenger,E02003050,E02003075,1,6749,1062
bristol,other,driving,E02003049,E02003075,9,1422,253
bristol,other,driving,E02003050,E02003090,3,5234,873
bristol,other,driving,E02003050,E02003091,3,7255,1085
bristol,other,driving,E02003050,E02003065,3,4213,668
bristol,other,driving,E02003051,E02003092,3,5324,842
bristol,other,driving,E02003049,E02003068,13,3236,452
bristol,other,passenger,E02003049,E02003068,1,3236,452
bristol,other,driving,E02003048,E02003070,12,1132,257
bristol,other,passenger,E02003048,E02003070,1,1132,257
bristol,other,driving,E02003044,E02003091,7,3754,551
bristol,other,passenger,E02003044,E02003091,1,3754,551
bristol,other,driving,E02003049,E02003091,3,2940,505
bristol,other,driving,E02003048,E02003090,3,2022,416
bristol,other,driving,E02003049,E02003092,12,3842,675
bristol,other,driving,E02003049,E02003090,1,2574,454
bristol,other,passenger,E02003049,E02003090,1,2574,454
bristol,other,taxi,E02003047,E02003068,1,1563,256
bristol,other,driving,E02003047,E02003068,22,1563,256
bristol,other,passenger,E02003047,E02003068,4,1563,256
bristol,other,driving,E02003049,E02003070,12,2104,367
bristol,other,passenger,E02003049,E02003070,4,2104,367
bristol,other,driving,E02003043,E02003068,11,5709,810
bristol,other,passenger,E02003043,E02003068,2,5709,810
bristol,other,driving,E02003048,E02003091,7,3996,683
bristol,other,driving,E02003048,E02003092,6,3158,557
bristol,other,driving,E02003048,E02003065,2,2383,397
bristol,other,passenger,E02003048,E02003065,1,2383,397
bristol,other,driving,E02003048,E02003068,8,4805,687
bristol,other,passenger,E02003048,E02003068,1,4805,687
bristol,other,driving,E02003047,E02003090,9,4366,713
bristol,other,driving,E02003047,E02003075,17,2757,434
bristol,other,passenger,E02003047,E02003075,5,2757,434
bristol,other,driving,E02003046,E02003068,22,4223,529
bristol,other,passenger,E02003046,E02003068,1,4223,529
bristol,other,driving,E02003049,E02003077,16,6755,983
bristol,other,driving,E02003047,E02003092,5,5228,871
bristol,other,driving,E02003048,E02003075,7,2477,431
bristol,other,driving,E02003040,E02003091,7,6758,889
bristol,other,driving,E02003047,E02003065,6,5789,916
bristol,other,driving,E02003047,E02003070,40,3588,607
bristol,other,passenger,E02003047,E02003070,2,3588,607
bristol,other,driving,E02003046,E02003075,7,6106,775
bristol,other,passenger,E02003046,E02003075,1,6106,775
bristol,other,driving,E02003044,E02003068,12,2300,324
bristol,other,passenger,E02003044,E02003068,1,2300,324
bristol,other,driving,E02003045,E02003091,6,5046,651
bristol,other,passenger,E02003045,E02003091,1,5046,651
bristol,other,driving,E02003039,E02003070,2,3923,664
bristol,other,passenger,E02003039,E02003070,1,3923,664
bristol,other,driving,E02003043,E02003075,4,3514,575
bristol,other,driving,E02003044,E02003070,9,2921,446
bristol,other,driving,E02003048,E02003077,14,3693,586
bristol,other,passenger,E02003048,E02003077,4,3693,586
bristol,other,driving,E02003045,E02003065,5,7233,988
bristol,other,passenger,E02003045,E02003065,1,7233,988
bristol,other,driving,E02003044,E02003065,2,4454,652
bristol,other,driving,E02003041,E02003065,4,2580,506
bristol,other,driving,E02003045,E02003075,8,3857,484
bristol,other,passenger,E02003045,E02003075,2,3857,484
bristol,other,driving,E02003045,E02003068,14,2411,314
bristol,other,passenger,E02003045,E02003068,1,2411,314
bristol,other,driving,E02003043,E02003065,2,2006,348
bristol,other,driving,E02003043,E02003077,7,4505,720
bristol,other,driving,E02003046,E02003091,7,7295,943
bristol,other,taxi,E02003047,E02003077,1,7530,1147
bristol,other,driving,E02003047,E02003077,13,7530,1147
bristol,other,driving,E02003046,E02003077,20,24899,1324
bristol,other,driving,E02003044,E02003075,3,2482,351
bristol,other,driving,E02003046,E02003065,4,9926,1322
bristol,other,driving,E02003045,E02003090,5,5467,763
bristol,other,driving,E02003043,E02003091,5,5032,826
bristol,other,driving,E02003044,E02003092,15,4947,746
bristol,other,driving,E02003043,E02003090,3,3029,597
bristol,other,driving,E02003045,E02003077,4,8974,1219
bristol,other,driving,E02003047,E02003091,4,4086,614
bristol,other,driving,E02003045,E02003092,2,6329,921
bristol,other,passenger,E02003045,E02003092,1,6329,921
bristol,other,driving,E02003045,E02003070,19,5374,727
bristol,other,passenger,E02003045,E02003070,2,5374,727
bristol,other,driving,E02003044,E02003090,11,3811,605
bristol,other,passenger,E02003044,E02003090,1,3811,605
bristol,other,driving,E02003040,E02003068,10,3903,509
bristol,other,driving,E02003041,E02003070,13,2101,456
bristol,other,driving,E02003040,E02003070,19,7243,983
bristol,other,passenger,E02003040,E02003070,1,7243,983
bristol,other,driving,E02003043,E02003092,1,4075,671
bristol,other,driving,E02003041,E02003075,6,3089,542
bristol,other,passenger,E02003041,E02003075,1,3089,542
bristol,other,driving,E02003041,E02003090,2,2991,615
bristol,other,driving,E02003041,E02003092,2,4127,756
bristol,other,driving,E02003044,E02003077,9,6196,882
bristol,other,passenger,E02003044,E02003077,3,6196,882
bristol,other,driving,E02003041,E02003068,16,4723,671
bristol,other,passenger,E02003041,E02003068,1,4723,671
bristol,other,driving,E02003039,E02003091,5,5692,799
bristol,other,driving,E02003038,E02003068,14,4127,570
bristol,other,driving,E02003040,E02003075,7,5569,721
bristol,other,passenger,E02003040,E02003075,1,5569,721
bristol,other,driving,E02003041,E02003091,6,4607,794
bristol,other,driving,E02003039,E02003068,9,3943,547
bristol,other,driving,E02003040,E02003090,5,7179,1000
bristol,other,driving,E02003039,E02003065,5,4402,714
bristol,other,driving,E02003040,E02003077,18,10967,1485
bristol,other,driving,E02003039,E02003075,7,4435,637
bristol,other,driving,E02003043,E02003070,15,2139,438
bristol,other,passenger,E02003043,E02003070,4,2139,438
bristol,other,driving,E02003041,E02003077,8,4687,803
bristol,other,driving,E02003039,E02003092,14,5949,964
bristol,other,passenger,E02003039,E02003092,2,5949,964
bristol,other,driving,E02003038,E02003091,2,6066,837
bristol,other,driving,E02003038,E02003092,14,7258,1079
bristol,other,passenger,E02003038,E02003092,2,7258,1079
bristol,other,driving,E02003038,E02003090,10,6397,921
bristol,other,driving,E02003038,E02003075,4,4787,642
bristol,other,driving,E02003039,E02003090,5,4813,823
bristol,other,passenger,E02003039,E02003090,1,4813,823
bristol,other,driving,E02003040,E02003092,15,8040,1159
bristol,other,passenger,E02003040,E02003092,3,8040,1159
bristol,other,driving,E02003038,E02003070,14,5618,815
bristol,other,passenger,E02003038,E02003070,1,5618,815
bristol,other,taxi,E02003039,E02003077,1,6509,1012
bristol,other,driving,E02003039,E02003077,9,6509,1012
bristol,other,passenger,E02003039,E02003077,2,6509,1012
bristol,other,driving,E02003040,E02003065,3,9225,1254
bristol,other,passenger,E02003040,E02003065,1,9225,1254
bristol,other,driving,E02003038,E02003077,6,8334,1227
bristol,other,foot,E02003063,E02003090,1,3699,3157
bristol,other,foot,E02003062,E02003115,1,2060,1753
bristol,other,foot,E02003058,E02003100,3,7586,6548
bristol,other,foot,E02003058,E02003007,1,2017,1748
bristol,other,foot,E02003056,E02003100,1,2543,2231
bristol,other,foot,E02003056,E02003114,1,10184,8424
bristol,other,foot,E02003056,E02003090,1,8609,6980
bristol,other,foot,E02003055,E02003072,2,1579,1263
bristol,other,foot,E02003055,E02002251,3,1470,1167
bristol,other,foot,E02003055,E02003007,1,2412,1961
bristol,other,foot,E02003054,E02003100,1,7661,6576
bristol,other,foot,E02003054,E02003007,1,1132,958
bristol,other,foot,E02003054,E02003114,1,5000,4240
bristol,other,foot,E02003053,E02003100,1,10560,9102
bristol,other,foot,E02003052,E02003072,4,2797,2314
bristol,other,foot,E02003052,E02002251,2,4205,3550
bristol,other,foot,E02003052,E02003100,1,7389,6369
bristol,other,foot,E02003052,E02003114,1,6039,5040
bristol,other,foot,E02003051,E02003072,3,5771,4800
bristol,other,foot,E02003052,E02003115,1,2297,1921
bristol,other,foot,E02003050,E02002251,7,5896,5113
bristol,other,foot,E02003050,E02003114,3,7534,6352
bristol,other,foot,E02003050,E02003115,1,4305,3773
bristol,other,foot,E02003049,E02003072,1,2249,1796
bristol,other,foot,E02003049,E02003007,1,1810,1435
bristol,other,foot,E02003049,E02003115,1,1585,1227
bristol,other,foot,E02003048,E02002251,8,3425,2819
bristol,other,foot,E02003048,E02003100,2,7747,6613
bristol,other,foot,E02003048,E02003111,1,238564,195415
bristol,other,foot,E02003047,E02002251,8,3618,3122
bristol,other,foot,E02003047,E02003100,1,10969,9432
bristol,other,foot,E02003047,E02003111,1,239821,196523
bristol,other,foot,E02003047,E02003114,3,2905,2473
bristol,other,foot,E02003046,E02003100,2,14545,12383
bristol,other,foot,E02003046,E02002251,3,6739,5687
bristol,other,foot,E02003046,E02003090,1,9634,8081
bristol,other,foot,E02003045,E02002251,9,4697,4015
bristol,other,foot,E02003046,E02003114,2,5301,4398
bristol,other,foot,E02003045,E02003072,1,5076,4301
bristol,other,foot,E02003044,E02003114,2,2367,2021
bristol,other,foot,E02003044,E02003115,4,2634,2208
bristol,other,foot,E02003043,E02003100,3,8025,6931
bristol,other,foot,E02003043,E02003072,5,3024,2383
bristol,other,foot,E02003043,E02003090,1,7402,5979
bristol,other,foot,E02003041,E02003114,1,3678,3003
bristol,other,foot,E02003043,E02003114,1,4192,3399
bristol,other,foot,E02003041,E02002251,2,4315,3528
bristol,other,foot,E02003041,E02003100,3,8662,7360
bristol,other,foot,E02003040,E02002251,1,6340,5542
bristol,other,foot,E02003040,E02003100,1,14012,12112
bristol,other,foot,E02003039,E02003114,2,2231,1847
bristol,other,foot,E02003040,E02003072,2,6718,5828
bristol,other,foot,E02003043,E02003115,2,2139,1716
bristol,other,foot,E02003040,E02003114,2,3435,2906
bristol,other,foot,E02003040,E02003111,2,239973,196626
bristol,other,foot,E02003039,E02003072,1,4323,3519
bristol,other,foot,E02003038,E02003100,1,12204,10378
bristol,other,foot,E02003038,E02003115,38,5000,4277
bristol,other,foot,E02003038,E02003090,2,9270,7838
bristol,other,foot,E02003053,E02002251,4,2754,2406
bristol,other,foot,E02003056,E02003115,2,5959,4868
bristol,other,foot,E02003053,E02003007,1,4386,3737
bristol,other,foot,E02003047,E02003072,1,3682,3151
bristol,other,foot,E02003050,E02003100,3,5298,4704
bristol,other,foot,E02003049,E02003114,2,3508,2921
bristol,other,foot,E02003060,E02003114,6,5627,4737
bristol,other,foot,E02003048,E02003114,2,4746,3931
bristol,other,foot,E02003050,E02003072,1,4680,4049
bristol,other,foot,E02003049,E02002251,1,2892,2359
bristol,other,foot,E02003051,E02002251,9,7144,5948
bristol,other,foot,E02003049,E02003090,1,6402,5211
bristol,other,foot,E02003039,E02003115,7,3438,2852
bristol,other,foot,E02003043,E02002251,9,4432,3619
bristol,other,foot,E02003039,E02003090,1,8701,7114
bristol,other,foot,E02003052,E02003111,1,238860,195497
bristol,other,bicycle,E02003058,E02003115,1,2259,661
bristol,other,bicycle,E02003049,E02003115,1,3511,755
bristol,other,bicycle,E02003047,E02003115,2,3950,1038
bristol,other,bicycle,E02003044,E02003115,1,3707,869
bristol,other,bicycle,E02003043,E02003115,1,5522,1195
bristol,other,bicycle,E02003045,E02003115,1,4999,1300
bristol,other,bicycle,E02003046,E02003115,1,7790,1697
bristol,other,bicycle,E02003040,E02003115,4,7798,2062
bristol,other,foot,E02003063,E02003004,9,8619,7581
bristol,other,foot,E02003063,E02003070,1,1724,1469
bristol,other,foot,E02003062,E02003110,1,6360,5350
bristol,other,foot,E02003060,E02003004,15,8270,7093
bristol,other,foot,E02003060,E02003110,1,5627,4737
bristol,other,foot,E02003059,E02003070,1,5471,4576
bristol,other,foot,E02003058,E02003004,4,7586,6548
bristol,other,foot,E02003056,E02003004,1,2543,2231
bristol,other,foot,E02003053,E02003070,1,3727,3218
bristol,other,foot,E02003052,E02003004,1,7389,6369
bristol,other,foot,E02003052,E02003070,5,3559,3082
bristol,other,foot,E02003051,E02003004,2,4107,3576
bristol,other,foot,E02003050,E02003004,1,5298,4704
bristol,other,foot,E02003050,E02003120,1,5987,5167
bristol,other,foot,E02003050,E02003070,2,4985,4327
bristol,other,foot,E02003049,E02003004,2,9063,7646
bristol,other,foot,E02003051,E02003110,1,9298,7736
bristol,other,foot,E02003049,E02003121,1,2005,1626
bristol,other,foot,E02003049,E02003110,1,3508,2921
bristol,other,foot,E02003048,E02003110,2,4746,3931
bristol,other,foot,E02003046,E02003004,1,14545,12383
bristol,other,foot,E02003047,E02003116,1,3183,2774
bristol,other,foot,E02003045,E02003070,3,5445,4647
bristol,other,foot,E02003045,E02003110,1,3361,2846
bristol,other,foot,E02003043,E02003120,1,3163,2594
bristol,other,foot,E02003043,E02003121,1,4284,3502
bristol,other,foot,E02003043,E02003116,1,1470,1205
bristol,other,foot,E02003043,E02003070,1,4114,3381
bristol,other,foot,E02003038,E02003116,10,3678,3127
bristol,other,foot,E02003040,E02003121,3,4284,3626
bristol,other,foot,E02003039,E02003070,1,5413,4516
bristol,other,foot,E02003038,E02003120,7,2367,2084
bristol,other,foot,E02003040,E02003120,1,4662,4031
bristol,other,foot,E02003039,E02003116,2,1844,1549
bristol,other,foot,E02003039,E02003120,7,2094,1701
bristol,other,foot,E02003044,E02003121,11,1121,917
bristol,other,foot,E02003049,E02003120,1,1141,916
bristol,other,foot,E02003044,E02003116,1,2062,1779
bristol,other,foot,E02003051,E02003070,3,5899,4976
bristol,other,foot,E02003038,E02003121,7,2905,2433
bristol,other,foot,E02003047,E02003070,5,4334,3741
bristol,other,foot,E02003039,E02003121,3,2688,2178
bristol,other,foot,E02003046,E02003110,6,5301,4398
bristol,other,foot,E02003047,E02003004,2,10969,9432
bristol,other,foot,E02003050,E02003110,1,7534,6352
bristol,other,foot,E02003052,E02003110,1,6039,5040
bristol,other,foot,E02003038,E02003004,1,12204,10378
bristol,other,foot,E02003040,E02003004,2,14012,12112
bristol,other,driving,E02003058,E02002985,12,1804,419
bristol,other,passenger,E02003058,E02002985,2,1804,419
bristol,other,driving,E02003063,E02002985,20,3440,655
bristol,other,driving,E02003062,E02002985,5,2162,472
bristol,other,passenger,E02003062,E02002985,2,2162,472
bristol,other,driving,E02003063,E02003066,2,3159,610
bristol,other,driving,E02003063,E02004662,2,3751,597
bristol,other,driving,E02003058,E02003066,5,1523,334
bristol,other,driving,E02003063,E02003110,9,3768,546
bristol,other,driving,E02003063,E02003117,10,4991,840
bristol,other,driving,E02003053,E02003117,6,4875,764
bristol,other,passenger,E02003053,E02003117,2,4875,764
bristol,other,driving,E02003063,E02003114,5,6970,896
bristol,other,passenger,E02003058,E02004662,1,2781,451
bristol,other,driving,E02003061,E02003117,7,3256,543
bristol,other,passenger,E02003061,E02003117,1,3256,543
bristol,other,driving,E02003060,E02003107,33,4620,719
bristol,other,passenger,E02003060,E02003107,2,4620,719
bristol,other,driving,E02003062,E02004662,1,3661,571
bristol,other,driving,E02003059,E02003107,17,6573,1054
bristol,other,passenger,E02003059,E02003107,3,6573,1054
bristol,other,driving,E02003060,E02003110,17,3577,498
bristol,other,passenger,E02003060,E02003110,1,3577,498
bristol,other,driving,E02003063,E02003106,43,6433,823
bristol,other,passenger,E02003063,E02003106,2,6433,823
bristol,other,driving,E02003061,E02003115,1,5558,864
bristol,other,driving,E02003061,E02002985,5,2638,434
bristol,other,passenger,E02003061,E02002985,1,2638,434
bristol,other,driving,E02003063,E02003108,24,5671,912
bristol,other,driving,E02003058,E02003115,8,4078,635
bristol,other,passenger,E02003058,E02003115,1,4078,635
bristol,other,driving,E02003061,E02004662,1,4029,703
bristol,other,driving,E02003059,E02003108,13,6390,1001
bristol,other,passenger,E02003059,E02003108,1,6390,1001
bristol,other,driving,E02003060,E02003117,15,3446,732
bristol,other,driving,E02003060,E02002985,33,2433,516
bristol,other,passenger,E02003060,E02002985,1,2433,516
bristol,other,driving,E02003062,E02003101,1,6535,874
bristol,other,driving,E02003062,E02003106,10,7236,894
bristol,other,driving,E02003061,E02003108,10,4068,655
bristol,other,passenger,E02003061,E02003108,1,4068,655
bristol,other,driving,E02003061,E02003106,22,8234,1143
bristol,other,passenger,E02003061,E02003106,1,8234,1143
bristol,other,driving,E02003051,E02003117,2,6444,908
bristol,other,driving,E02003061,E02003105,2,5931,926
bristol,other,driving,E02003063,E02003107,17,5239,841
bristol,other,driving,E02003060,E02003114,9,7066,891
bristol,other,passenger,E02003060,E02003114,1,7066,891
bristol,other,driving,E02003061,E02003101,1,7097,1126
bristol,other,driving,E02003062,E02003117,2,3174,688
bristol,other,passenger,E02003062,E02003117,3,3174,688
bristol,other,driving,E02003062,E02003115,2,4560,615
bristol,other,driving,E02003059,E02003115,4,9076,1422
bristol,other,driving,E02003062,E02003114,4,7773,966
bristol,other,driving,E02003060,E02003101,1,5827,799
bristol,other,passenger,E02003060,E02003101,1,5827,799
bristol,other,driving,E02003059,E02002985,12,5520,887
bristol,other,passenger,E02003059,E02002985,3,5520,887
bristol,other,driving,E02003058,E02003117,12,3550,581
bristol,other,driving,E02003057,E02002985,2,3645,605
bristol,other,passenger,E02003057,E02002985,1,3645,605
bristol,other,driving,E02003061,E02004665,4,4414,636
bristol,other,driving,E02003058,E02003114,4,7519,992
bristol,other,driving,E02003058,E02003107,12,4147,649
bristol,other,passenger,E02003058,E02003107,3,4147,649
bristol,other,driving,E02003060,E02003115,16,3852,540
bristol,other,driving,E02003061,E02003098,4,18112,1806
bristol,other,driving,E02003058,E02003106,45,6982,920
bristol,other,driving,E02003063,E02003115,5,4043,588
bristol,other,driving,E02003061,E02003110,4,5082,769
bristol,other,passenger,E02003061,E02003110,1,5082,769
bristol,other,driving,E02003060,E02003066,7,2687,500
bristol,other,driving,E02003060,E02003105,1,5703,753
bristol,other,driving,E02003058,E02003110,20,3856,553
bristol,other,passenger,E02003058,E02003110,1,3856,553
bristol,other,driving,E02003060,E02003106,52,6528,818
bristol,other,passenger,E02003060,E02003106,4,6528,818
bristol,other,taxi,E02003057,E02003117,1,3703,606
bristol,other,driving,E02003057,E02003117,8,3703,606
bristol,other,passenger,E02003057,E02003117,1,3703,606
bristol,other,driving,E02003058,E02003101,2,6047,864
bristol,other,passenger,E02003058,E02003101,1,6047,864
bristol,other,driving,E02003059,E02003066,4,5245,758
bristol,other,driving,E02003062,E02003108,14,4181,840
bristol,other,passenger,E02003062,E02003108,2,4181,840
bristol,other,driving,E02003059,E02003117,3,5578,888
bristol,other,passenger,E02003059,E02003117,1,5578,888
bristol,other,driving,E02003057,E02003108,9,4515,718
bristol,other,passenger,E02003057,E02003108,1,4515,718
bristol,other,driving,E02003058,E02003108,25,4362,693
bristol,other,passenger,E02003058,E02003108,1,4362,693
bristol,other,driving,E02003063,E02003105,1,5894,801
bristol,other,taxi,E02003061,E02003107,1,4120,695
bristol,other,driving,E02003061,E02003107,10,4120,695
bristol,other,passenger,E02003061,E02003107,1,4120,695
bristol,other,driving,E02003059,E02003105,1,10091,1247
bristol,other,driving,E02003060,E02004665,2,7207,1056
bristol,other,taxi,E02003059,E02003094,1,10102,1228
bristol,other,driving,E02003059,E02003094,17,10102,1228
bristol,other,passenger,E02003059,E02003094,1,10102,1228
bristol,other,driving,E02003062,E02003110,2,4285,574
bristol,other,passenger,E02003062,E02003110,1,4285,574
bristol,other,driving,E02003057,E02004662,1,6065,932
bristol,other,driving,E02003058,E02003105,2,5824,825
bristol,other,driving,E02003059,E02003106,25,12514,1760
bristol,other,driving,E02003063,E02004665,1,7869,1175
bristol,other,driving,E02003062,E02003098,6,19676,2133
bristol,other,driving,E02003059,E02004665,1,3345,562
bristol,other,driving,E02003057,E02003066,3,3370,475
bristol,other,driving,E02003058,E02003094,34,13378,1607
bristol,other,passenger,E02003058,E02003094,4,13378,1607
bristol,other,driving,E02003062,E02003107,18,4124,801
bristol,other,passenger,E02003062,E02003107,1,4124,801
bristol,other,driving,E02003062,E02003097,1,36583,2402
bristol,other,driving,E02003057,E02003114,3,24423,1296
bristol,other,driving,E02003057,E02003105,1,6509,1002
bristol,other,driving,E02003062,E02003094,22,13532,1650
bristol,other,driving,E02003059,E02003110,5,7784,1163
bristol,other,driving,E02003057,E02004665,1,3588,578
bristol,other,driving,E02003058,E02004665,1,5669,880
bristol,other,driving,E02003059,E02003114,3,26298,1579
bristol,other,driving,E02003060,E02003098,17,20687,2257
bristol,other,driving,E02003063,E02003094,15,16585,1852
bristol,other,passenger,E02003063,E02003094,2,16585,1852
bristol,other,driving,E02003056,E02002985,6,6140,964
bristol,other,passenger,E02003056,E02002985,1,6140,964
bristol,other,driving,E02003062,E02003105,4,6411,829
bristol,other,driving,E02003059,E02003101,1,11923,1484
bristol,other,driving,E02003058,E02003098,10,19523,2090
bristol,other,passenger,E02003058,E02003098,1,19523,2090
bristol,other,driving,E02003055,E02003115,9,2668,412
bristol,other,passenger,E02003055,E02003115,2,2668,412
bristol,other,driving,E02003060,E02003097,3,37811,2494
bristol,other,driving,E02003056,E02003117,9,6199,966
bristol,other,driving,E02003055,E02003066,4,2832,517
bristol,other,driving,E02003057,E02003101,2,8341,1238
bristol,other,driving,E02003056,E02003110,3,8404,1240
bristol,other,driving,E02003061,E02003114,1,8771,1215
bristol,other,driving,E02003055,E02003101,3,4636,642
bristol,other,passenger,E02003055,E02003101,1,4636,642
bristol,other,driving,E02003056,E02003066,2,5866,835
bristol,other,driving,E02003060,E02003094,44,14542,1773
bristol,other,passenger,E02003060,E02003094,2,14542,1773
bristol,other,driving,E02003061,E02003094,21,11967,1322
bristol,other,passenger,E02003061,E02003094,1,11967,1322
bristol,other,driving,E02003063,E02003097,3,38473,2614
bristol,other,passenger,E02003063,E02003097,1,38473,2614
bristol,other,driving,E02003054,E02003108,20,2158,411
bristol,other,passenger,E02003054,E02003108,2,2158,411
bristol,other,driving,E02003058,E02003097,1,36429,2359
bristol,other,driving,E02003055,E02003106,24,5571,697
bristol,other,passenger,E02003055,E02003106,4,5571,697
bristol,other,driving,E02003057,E02003115,4,7201,1140
bristol,other,driving,E02003060,E02003108,44,5052,790
bristol,other,passenger,E02003060,E02003108,4,5052,790
bristol,other,driving,E02003055,E02003114,5,6109,770
bristol,other,passenger,E02003055,E02003114,1,6109,770
bristol,other,driving,E02003055,E02004665,1,7069,1060
bristol,other,driving,E02003060,E02003100,44,23796,2630
bristol,other,passenger,E02003060,E02003100,2,23796,2630
bristol,other,driving,E02003054,E02003117,16,1151,260
bristol,other,passenger,E02003054,E02003117,1,1151,260
bristol,other,driving,E02003055,E02004662,1,1422,243
bristol,other,driving,E02003055,E02003105,1,4413,603
bristol,other,driving,E02003056,E02003105,5,10337,1253
bristol,other,driving,E02003058,E02003100,36,23281,2540
bristol,other,passenger,E02003058,E02003100,1,23281,2540
bristol,other,driving,E02003055,E02003107,10,3089,467
bristol,other,passenger,E02003055,E02003107,2,3089,467
bristol,other,driving,E02003061,E02003097,1,35018,2075
bristol,other,driving,E02003055,E02002985,4,2035,340
bristol,other,passenger,E02003055,E02002985,1,2035,340
bristol,other,driving,E02003054,E02003066,3,2664,468
bristol,other,passenger,E02003054,E02003066,1,2664,468
bristol,other,driving,E02003053,E02003115,8,1563,275
bristol,other,driving,E02003055,E02003110,5,2446,330
bristol,other,driving,E02003055,E02003117,9,2840,466
bristol,other,driving,E02003063,E02003098,10,22730,2335
bristol,other,passenger,E02003063,E02003098,1,22730,2335
bristol,other,driving,E02003054,E02003105,3,3913,603
bristol,other,driving,E02003053,E02002985,7,4070,638
bristol,other,passenger,E02003053,E02002985,1,4070,638
bristol,other,driving,E02003059,E02003097,2,18143,1760
bristol,other,passenger,E02003059,E02003097,2,18143,1760
bristol,other,driving,E02003057,E02003107,10,4698,771
bristol,other,driving,E02003057,E02003110,4,5909,881
bristol,other,driving,E02003057,E02003094,23,11780,1440
bristol,other,passenger,E02003057,E02003094,1,11780,1440
bristol,other,driving,E02003052,E02002985,4,2325,393
bristol,other,driving,E02003061,E02003100,13,22752,2364
bristol,other,passenger,E02003061,E02003100,1,22752,2364
bristol,other,taxi,E02003055,E02003108,1,3520,538
bristol,other,driving,E02003055,E02003108,21,3520,538
bristol,other,passenger,E02003055,E02003108,2,3520,538
bristol,other,driving,E02003053,E02003105,4,3940,561
bristol,other,driving,E02003056,E02003115,6,9697,1499
bristol,other,driving,E02003054,E02004662,2,2104,366
bristol,other,driving,E02003063,E02003100,33,27360,2432
bristol,other,driving,E02003054,E02003115,10,3588,608
bristol,other,driving,E02003052,E02003110,1,4589,669
bristol,other,driving,E02003053,E02003107,25,4879,688
bristol,other,passenger,E02003053,E02003107,1,4879,688
bristol,other,driving,E02003056,E02003114,2,23446,1506
bristol,other,driving,E02003056,E02003097,1,17749,1604
bristol,other,driving,E02003052,E02003066,7,3705,597
bristol,other,driving,E02003051,E02004665,1,2470,424
bristol,other,driving,E02003054,E02003110,11,3064,447
bristol,other,taxi,E02003053,E02003114,1,4426,561
bristol,other,driving,E02003053,E02003114,1,4426,561
bristol,other,driving,E02003056,E02003094,25,13171,1125
bristol,other,passenger,E02003056,E02003094,3,13171,1125
bristol,other,driving,E02003053,E02003101,1,4064,606
bristol,other,passenger,E02003053,E02003101,1,4064,606
bristol,other,driving,E02003052,E02003107,15,2580,456
bristol,other,passenger,E02003052,E02003107,1,2580,456
bristol,other,driving,E02003052,E02003117,8,2383,394
bristol,other,passenger,E02003052,E02003117,1,2383,394
bristol,other,driving,E02003059,E02003100,24,23641,2261
bristol,other,passenger,E02003059,E02003100,1,23641,2261
bristol,other,driving,E02003053,E02003110,10,2300,346
bristol,other,driving,E02003052,E02003101,1,6223,923
bristol,other,driving,E02003049,E02002985,7,2104,367
bristol,other,driving,E02003053,E02003066,5,4979,794
bristol,other,driving,E02003059,E02003098,11,14953,1543
bristol,other,passenger,E02003059,E02003098,1,14953,1543
bristol,other,driving,E02003057,E02003100,19,24567,2460
bristol,other,passenger,E02003057,E02003100,1,24567,2460
bristol,other,driving,E02003055,E02003094,19,14688,1790
bristol,other,passenger,E02003055,E02003094,4,14688,1790
bristol,other,driving,E02003055,E02003097,1,37739,2542
bristol,other,driving,E02003057,E02003106,27,10639,1478
bristol,other,passenger,E02003057,E02003106,3,10639,1478
bristol,other,driving,E02003056,E02003101,3,12169,1489
bristol,other,passenger,E02003056,E02003101,1,12169,1489
bristol,other,driving,E02003051,E02002985,2,6385,907
bristol,other,driving,E02003050,E02002985,4,4512,718
bristol,other,driving,E02003056,E02003100,13,23874,2271
bristol,other,passenger,E02003056,E02003100,1,23874,2271
bristol,other,driving,E02003050,E02003117,10,4571,720
bristol,other,driving,E02003051,E02003110,2,8649,1183
bristol,other,passenger,E02003051,E02003110,1,8649,1183
bristol,other,driving,E02003051,E02003066,4,5324,842
bristol,other,driving,E02003056,E02003107,12,7193,1131
bristol,other,driving,E02003050,E02004662,2,6932,1045
bristol,other,driving,E02003052,E02004662,1,4745,720
bristol,other,driving,E02003049,E02003066,3,3842,675
bristol,other,driving,E02003049,E02003115,14,2414,410
bristol,other,driving,E02003056,E02003106,23,24718,1672
bristol,other,passenger,E02003056,E02003106,2,24718,1672
bristol,other,driving,E02003051,E02003108,8,7622,946
bristol,other,passenger,E02003051,E02003108,1,7622,946
bristol,other,driving,E02003050,E02003108,16,5749,758
bristol,other,passenger,E02003050,E02003108,2,5749,758
bristol,other,driving,E02003052,E02004665,3,4231,642
bristol,other,driving,E02003052,E02003105,3,4391,686
bristol,other,passenger,E02003052,E02003105,1,4391,686
bristol,other,driving,E02003053,E02003108,25,5692,833
bristol,other,passenger,E02003053,E02003108,5,5692,833
bristol,other,driving,E02003056,E02003098,5,15185,1553
bristol,other,passenger,E02003056,E02003098,2,15185,1553
bristol,other,driving,E02003052,E02003114,2,9878,1344
bristol,other,driving,E02003051,E02003107,17,7438,1073
bristol,other,passenger,E02003051,E02003107,1,7438,1073
bristol,other,driving,E02003053,E02003106,68,3889,488
bristol,other,passenger,E02003053,E02003106,5,3889,488
bristol,other,driving,E02003051,E02003114,4,23293,1455
bristol,other,passenger,E02003051,E02003114,1,23293,1455
bristol,other,driving,E02003050,E02003066,2,4600,666
bristol,other,driving,E02003050,E02003107,21,5565,885
bristol,other,driving,E02003053,E02004665,6,9104,1357
bristol,other,driving,E02003057,E02003098,12,16631,1756
bristol,other,driving,E02003049,E02003110,5,1406,199
bristol,other,driving,E02003048,E02002985,5,1132,257
bristol,other,driving,E02003051,E02004662,4,8805,1234
bristol,other,driving,E02003052,E02003106,51,9319,1266
bristol,other,passenger,E02003052,E02003106,3,9319,1266
bristol,other,driving,E02003050,E02003105,3,7343,921
bristol,other,driving,E02003050,E02003114,1,22574,1425
bristol,other,passenger,E02003050,E02003114,1,22574,1425
bristol,other,driving,E02003052,E02003094,18,14949,1646
bristol,other,passenger,E02003052,E02003094,2,14949,1646
bristol,other,driving,E02003057,E02003097,2,20637,2030
bristol,other,driving,E02003049,E02003108,28,3952,587
bristol,other,passenger,E02003049,E02003108,2,3952,587
bristol,other,driving,E02003049,E02003117,11,3134,496
bristol,other,passenger,E02003049,E02003117,3,3134,496
bristol,other,driving,E02003048,E02003108,12,1197,216
bristol,other,passenger,E02003048,E02003108,2,1197,216
bristol,other,driving,E02003048,E02003105,1,3354,520
bristol,other,driving,E02003050,E02003101,1,9175,1158
bristol,other,driving,E02003050,E02003110,10,6776,995
bristol,other,driving,E02003048,E02003110,7,2505,364
bristol,other,driving,E02003047,E02002985,8,3588,607
bristol,other,driving,E02003049,E02003105,4,3373,471
bristol,other,passenger,E02003049,E02003105,1,3373,471
bristol,other,driving,E02003047,E02003106,82,4408,578
bristol,other,passenger,E02003047,E02003106,4,4408,578
bristol,other,driving,E02003054,E02003106,50,7078,974
bristol,other,passenger,E02003054,E02003106,3,7078,974
bristol,other,driving,E02003047,E02003110,4,1335,265
bristol,other,driving,E02003052,E02003115,3,5882,928
bristol,other,driving,E02003053,E02003100,31,29642,2583
bristol,other,passenger,E02003053,E02003100,1,29642,2583
bristol,other,driving,E02003054,E02003107,25,2101,373
bristol,other,passenger,E02003054,E02003107,3,2101,373
bristol,other,driving,E02003049,E02003107,18,3139,442
bristol,other,passenger,E02003049,E02003107,1,3139,442
bristol,other,driving,E02003047,E02003101,4,2979,458
bristol,other,passenger,E02003047,E02003101,1,2979,458
bristol,other,driving,E02003051,E02003106,35,24565,1621
bristol,other,driving,E02003052,E02003097,2,35044,2189
bristol,other,driving,E02003052,E02003100,34,25700,2644
bristol,other,passenger,E02003052,E02003100,2,25700,2644
bristol,other,driving,E02003053,E02003094,23,18868,2003
bristol,other,passenger,E02003053,E02003094,3,18868,2003
bristol,other,driving,E02003049,E02004665,2,7651,1100
bristol,other,driving,E02003048,E02003106,33,7235,960
bristol,other,passenger,E02003048,E02003106,2,7235,960
bristol,other,driving,E02003051,E02003101,1,11048,1347
bristol,other,taxi,E02003056,E02003108,1,7011,1078
bristol,other,driving,E02003056,E02003108,11,7011,1078
bristol,other,passenger,E02003056,E02003108,3,7011,1078
bristol,other,driving,E02003051,E02003105,3,9216,1110
bristol,other,driving,E02003047,E02003066,5,5228,871
bristol,other,driving,E02003054,E02003094,26,13965,1619
bristol,other,driving,E02003048,E02004665,2,4588,703
bristol,other,driving,E02003045,E02003106,58,2156,267
bristol,other,driving,E02003049,E02003106,42,6136,795
bristol,other,passenger,E02003049,E02003106,2,6136,795
bristol,other,driving,E02003051,E02003094,14,14195,1329
bristol,other,passenger,E02003051,E02003094,1,14195,1329
bristol,other,driving,E02003048,E02004662,3,2661,414
bristol,other,driving,E02003047,E02003107,26,3914,607
bristol,other,passenger,E02003047,E02003107,3,3914,607
bristol,other,driving,E02003055,E02003098,11,20832,2273
bristol,other,passenger,E02003055,E02003098,1,20832,2273
bristol,other,driving,E02003054,E02003098,17,20110,2102
bristol,other,passenger,E02003054,E02003098,1,20110,2102
bristol,other,driving,E02003045,E02003115,5,2692,333
bristol,other,driving,E02003047,E02003105,5,2855,413
bristol,other,driving,E02003054,E02003114,8,7615,1046
bristol,other,driving,E02003046,E02003115,12,4941,625
bristol,other,driving,E02003045,E02003110,7,2779,337
bristol,other,driving,E02003055,E02003100,22,28408,2574
bristol,other,passenger,E02003055,E02003100,3,28408,2574
bristol,other,driving,E02003048,E02003107,17,1542,290
bristol,other,passenger,E02003048,E02003107,2,1542,290
bristol,other,driving,E02003046,E02003110,22,5472,670
bristol,other,driving,E02003045,E02003105,2,3946,440
bristol,other,driving,E02003052,E02003098,10,19021,2148
bristol,other,passenger,E02003052,E02003098,1,19021,2148
bristol,other,driving,E02003050,E02003094,30,15046,1653
bristol,other,passenger,E02003050,E02003094,2,15046,1653
bristol,other,taxi,E02003047,E02003108,1,4726,752
bristol,other,driving,E02003047,E02003108,15,4726,752
bristol,other,passenger,E02003047,E02003108,2,4726,752
bristol,other,driving,E02003051,E02003115,8,9942,1442
bristol,other,passenger,E02003051,E02003115,1,9942,1442
bristol,other,driving,E02003047,E02004662,1,2414,414
bristol,other,driving,E02003050,E02003115,4,8069,1254
bristol,other,driving,E02003048,E02003115,7,3798,623
bristol,other,driving,E02003044,E02003115,41,1293,259
bristol,other,passenger,E02003044,E02003115,6,1293,259
bristol,other,driving,E02003046,E02003105,5,6639,774
bristol,other,passenger,E02003046,E02003105,1,6639,774
bristol,other,driving,E02003045,E02002985,4,5374,727
bristol,other,driving,E02003046,E02003108,29,9026,1128
bristol,other,passenger,E02003046,E02003108,4,9026,1128
bristol,other,driving,E02003049,E02003114,11,6950,881
bristol,other,driving,E02003045,E02003107,21,5115,674
bristol,other,driving,E02003048,E02003097,1,35401,2250
bristol,other,driving,E02003062,E02003100,9,23434,2583
bristol,other,passenger,E02003062,E02003100,1,23434,2583
bristol,other,driving,E02003046,E02003107,22,7808,1008
bristol,other,passenger,E02003046,E02003107,1,7808,1008
bristol,other,driving,E02003050,E02003106,51,12630,1580
bristol,other,passenger,E02003050,E02003106,6,12630,1580
bristol,other,driving,E02003047,E02003117,10,3909,660
bristol,other,driving,E02003059,E02003093,12,259192,10053
bristol,other,driving,E02003045,E02003117,6,5353,732
bristol,other,driving,E02003045,E02003066,3,6329,921
bristol,other,taxi,E02003043,E02003117,1,1197,241
bristol,other,driving,E02003043,E02003117,7,1197,241
bristol,other,driving,E02003046,E02002985,17,7780,1037
bristol,other,driving,E02003044,E02003105,4,2256,313
bristol,other,passenger,E02003044,E02003105,1,2256,313
bristol,other,driving,E02003046,E02003066,8,8577,1213
bristol,other,driving,E02003044,E02002985,11,2921,446
bristol,other,driving,E02003048,E02003114,1,7794,1039
bristol,other,driving,E02003045,E02003108,8,6333,794
bristol,other,driving,E02003044,E02003107,31,2579,342
bristol,other,driving,E02003045,E02004665,4,9870,1337
bristol,other,passenger,E02003045,E02004665,1,9870,1337
bristol,other,driving,E02003044,E02003101,5,2503,386
bristol,other,driving,E02003052,E02003108,11,2177,365
bristol,other,passenger,E02003052,E02003108,1,2177,365
bristol,other,driving,E02003045,E02003114,3,2693,339
bristol,other,driving,E02003046,E02003101,1,6093,721
bristol,other,driving,E02003047,E02003114,6,4945,650
bristol,other,passenger,E02003047,E02003114,1,4945,650
bristol,other,driving,E02003049,E02003097,1,36025,2566
bristol,other,driving,E02003043,E02004662,2,3565,537
bristol,other,driving,E02003053,E02003097,2,43673,2759
bristol,other,passenger,E02003053,E02003097,1,43673,2759
bristol,other,driving,E02003044,E02004665,2,7091,1000
bristol,other,driving,E02003043,E02003110,12,3409,486
bristol,other,passenger,E02003043,E02003110,1,3409,486
bristol,other,driving,E02003051,E02003100,34,28100,2416
bristol,other,passenger,E02003051,E02003100,4,28100,2416
bristol,other,driving,E02003047,E02003100,63,31044,2775
bristol,other,passenger,E02003047,E02003100,2,31044,2775
bristol,other,driving,E02003054,E02003100,27,24750,2660
bristol,other,passenger,E02003054,E02003100,3,24750,2660
bristol,other,driving,E02003051,E02003098,21,17639,1786
bristol,other,driving,E02003049,E02003094,24,15369,1867
bristol,other,passenger,E02003049,E02003094,1,15369,1867
bristol,other,driving,E02003043,E02003066,3,4075,671
bristol,other,driving,E02003044,E02003066,6,4947,746
bristol,other,driving,E02003043,E02004665,3,5796,773
bristol,other,driving,E02003044,E02003114,16,5289,675
bristol,other,driving,E02003049,E02003100,36,30036,2793
bristol,other,passenger,E02003049,E02003100,1,30036,2793
bristol,other,driving,E02003041,E02003108,5,1705,331
bristol,other,driving,E02003061,E02003093,5,258127,9782
bristol,other,driving,E02003044,E02003108,39,3392,487
bristol,other,passenger,E02003044,E02003108,1,3392,487
bristol,other,driving,E02003043,E02003114,2,8876,1118
bristol,other,passenger,E02003043,E02003114,1,8876,1118
bristol,other,driving,E02003051,E02003097,1,18773,1808
bristol,other,driving,E02003043,E02003107,20,1535,277
bristol,other,passenger,E02003043,E02003107,1,1535,277
bristol,other,driving,E02003041,E02003066,4,4127,756
bristol,other,driving,E02003054,E02003097,5,35475,2308
bristol,other,driving,E02003043,E02003105,4,2376,339
bristol,other,driving,E02003041,E02003115,5,3716,606
bristol,other,passenger,E02003041,E02003115,1,3716,606
bristol,other,driving,E02003043,E02002985,2,2139,438
bristol,other,driving,E02003046,E02003117,16,8046,1066
bristol,other,driving,E02003047,E02003097,6,42588,2612
bristol,other,driving,E02003060,E02003093,12,260919,10202
bristol,other,passenger,E02003060,E02003093,1,260919,10202
bristol,other,driving,E02003046,E02003097,4,45619,2441
bristol,other,driving,E02003041,E02003110,11,2423,347
bristol,other,driving,E02003045,E02003097,3,43679,2639
bristol,other,driving,E02003041,E02003101,3,3726,549
bristol,other,driving,E02003047,E02003094,22,17084,2144
bristol,other,passenger,E02003047,E02003094,3,17084,2144
bristol,other,driving,E02003040,E02003101,8,4015,570
bristol,other,driving,E02003043,E02003093,5,253429,9859
bristol,other,passenger,E02003043,E02003093,2,253429,9859
bristol,other,driving,E02003050,E02003097,3,20701,2121
bristol,other,driving,E02003039,E02003110,21,2420,321
bristol,other,driving,E02003046,E02003106,85,2446,345
bristol,other,passenger,E02003046,E02003106,3,2446,345
bristol,other,driving,E02003050,E02003100,41,25797,2651
bristol,other,passenger,E02003050,E02003100,2,25797,2651
bristol,other,driving,E02003043,E02003097,1,32812,2157
bristol,other,driving,E02003040,E02003110,12,4771,603
bristol,other,passenger,E02003040,E02003110,4,4771,603
bristol,other,driving,E02003041,E02003117,1,1354,327
bristol,other,driving,E02003046,E02004665,2,23002,1470
bristol,other,driving,E02003041,E02004665,9,5583,921
bristol,other,driving,E02003041,E02003114,1,7628,1027
bristol,other,driving,E02003050,E02003098,28,18388,2086
bristol,other,passenger,E02003050,E02003098,2,18388,2086
bristol,other,driving,E02003041,E02003105,8,1895,312
bristol,other,taxi,E02003041,E02003106,1,7182,971
bristol,other,driving,E02003041,E02003106,104,7182,971
bristol,other,passenger,E02003041,E02003106,1,7182,971
bristol,other,driving,E02003040,E02003114,9,2420,348
bristol,other,driving,E02003047,E02003098,29,23228,2627
bristol,other,driving,E02003040,E02004662,1,6333,810
bristol,other,driving,E02003046,E02003094,33,20604,2182
bristol,other,passenger,E02003046,E02003094,2,20604,2182
bristol,other,driving,E02003041,E02004662,3,2579,398
bristol,other,driving,E02003040,E02002985,6,7243,983
bristol,other,driving,E02003038,E02003110,26,2727,372
bristol,other,passenger,E02003038,E02003110,5,2727,372
bristol,other,driving,E02003039,E02003117,39,3176,536
bristol,other,passenger,E02003039,E02003117,5,3176,536
bristol,other,driving,E02003043,E02003098,15,25291,2209
bristol,other,driving,E02003044,E02003094,19,16248,1897
bristol,other,passenger,E02003044,E02003094,3,16248,1897
bristol,other,driving,E02003040,E02003066,3,8040,1159
bristol,other,driving,E02003040,E02003115,15,4404,571
bristol,other,passenger,E02003040,E02003115,2,4404,571
bristol,other,driving,E02003038,E02002985,13,5618,815
bristol,other,passenger,E02003038,E02002985,3,5618,815
bristol,other,taxi,E02003038,E02003107,1,3697,495
bristol,other,driving,E02003038,E02003107,26,3697,495
bristol,other,passenger,E02003038,E02003107,2,3697,495
bristol,other,driving,E02003040,E02003105,4,5939,706
bristol,other,driving,E02003063,E02003093,11,259001,10326
bristol,other,driving,E02003039,E02003114,25,6500,779
bristol,other,driving,E02003039,E02003097,7,34413,2322
bristol,other,driving,E02003039,E02002985,8,3923,664
bristol,other,driving,E02003039,E02003107,34,1872,280
bristol,other,passenger,E02003039,E02003107,2,1872,280
bristol,other,driving,E02003039,E02004662,1,3031,445
bristol,other,driving,E02003062,E02003093,6,259691,10110
bristol,other,driving,E02003043,E02003106,89,7663,997
bristol,other,passenger,E02003043,E02003106,7,7663,997
bristol,other,driving,E02003039,E02004665,3,7397,938
bristol,other,taxi,E02003044,E02003106,1,4730,597
bristol,other,driving,E02003044,E02003106,101,4730,597
bristol,other,passenger,E02003044,E02003106,6,4730,597
bristol,other,driving,E02003039,E02003108,43,2386,355
bristol,other,passenger,E02003039,E02003108,5,2386,355
bristol,other,driving,E02003040,E02003107,24,7108,940
bristol,other,passenger,E02003040,E02003107,4,7108,940
bristol,other,driving,E02003039,E02003094,30,23514,1906
bristol,other,passenger,E02003039,E02003094,4,23514,1906
bristol,other,driving,E02003045,E02003098,10,25517,2506
bristol,other,driving,E02003038,E02003114,32,5623,661
bristol,other,passenger,E02003038,E02003114,2,5623,661
bristol,other,driving,E02003047,E02004665,1,8426,1265
bristol,other,driving,E02003038,E02003117,49,5000,752
bristol,other,passenger,E02003038,E02003117,3,5000,752
bristol,other,driving,E02003039,E02003101,6,2558,316
bristol,other,passenger,E02003039,E02003101,1,2558,316
bristol,other,driving,E02003040,E02003108,35,8325,1060
bristol,other,passenger,E02003040,E02003108,8,8325,1060
bristol,other,driving,E02003044,E02004662,1,1448,210
bristol,other,driving,E02003044,E02003100,41,30032,2745
bristol,other,passenger,E02003044,E02003100,3,30032,2745
bristol,other,driving,E02003041,E02003097,3,34546,2407
bristol,other,driving,E02003038,E02003105,6,2598,302
bristol,other,driving,E02003041,E02003094,9,15428,1907
bristol,other,driving,E02003053,E02003098,19,25013,2486
bristol,other,passenger,E02003053,E02003098,1,25013,2486
bristol,other,driving,E02003057,E02003093,15,257317,9771
bristol,other,passenger,E02003057,E02003093,1,257317,9771
bristol,other,driving,E02003049,E02003098,19,21513,2351
bristol,other,driving,E02003040,E02003098,28,27010,2707
bristol,other,passenger,E02003040,E02003098,3,27010,2707
bristol,other,taxi,E02003038,E02003106,1,3551,516
bristol,other,driving,E02003038,E02003106,91,3551,516
bristol,other,passenger,E02003038,E02003106,5,3551,516
bristol,other,driving,E02003048,E02003098,23,19379,2210
bristol,other,passenger,E02003048,E02003098,2,19379,2210
bristol,other,driving,E02003043,E02003094,15,15376,1822
bristol,other,driving,E02003046,E02003100,72,31378,2762
bristol,other,passenger,E02003046,E02003100,6,31378,2762
bristol,other,driving,E02003048,E02003100,32,26057,2705
bristol,other,passenger,E02003048,E02003100,5,26057,2705
bristol,other,driving,E02003041,E02003100,41,27052,2923
bristol,other,passenger,E02003041,E02003100,3,27052,2923
bristol,other,driving,E02003038,E02003093,6,253365,9603
bristol,other,driving,E02003044,E02003098,17,22393,2381
bristol,other,driving,E02003044,E02003097,9,35465,2466
bristol,other,driving,E02003055,E02003093,3,257619,10121
bristol,other,driving,E02003041,E02003098,26,21572,2390
bristol,other,driving,E02003038,E02003097,8,39990,2278
bristol,other,passenger,E02003038,E02003097,2,39990,2278
bristol,other,driving,E02003038,E02003115,38,3042,450
bristol,other,passenger,E02003038,E02003115,5,3042,450
bristol,other,driving,E02003051,E02003093,5,256188,9929
bristol,other,driving,E02003045,E02003094,13,19373,2023
bristol,other,passenger,E02003045,E02003094,1,19373,2023
bristol,other,driving,E02003040,E02003094,33,20865,2224
bristol,other,passenger,E02003040,E02003094,6,20865,2224
bristol,other,driving,E02003046,E02003098,26,26749,2665
bristol,other,passenger,E02003046,E02003098,2,26749,2665
bristol,other,driving,E02003039,E02003098,27,26892,2374
bristol,other,passenger,E02003039,E02003098,6,26892,2374
bristol,other,taxi,E02003039,E02003106,2,5941,701
bristol,other,driving,E02003039,E02003106,89,5941,701
bristol,other,passenger,E02003039,E02003106,4,5941,701
bristol,other,driving,E02003039,E02003115,29,2858,427
bristol,other,passenger,E02003039,E02003115,11,2858,427
bristol,other,driving,E02003040,E02004665,4,11863,1603
bristol,other,passenger,E02003040,E02004665,1,11863,1603
bristol,other,driving,E02003038,E02003094,39,25338,2122
bristol,other,passenger,E02003038,E02003094,3,25338,2122
bristol,other,driving,E02003039,E02003066,2,5949,964
bristol,other,driving,E02003038,E02003098,24,40113,2379
bristol,other,driving,E02003058,E02003093,13,259538,10067
bristol,other,passenger,E02003058,E02003093,1,259538,10067
bristol,other,driving,E02003044,E02003117,63,2574,395
bristol,other,passenger,E02003044,E02003117,2,2574,395
bristol,other,driving,E02003056,E02003093,1,256341,9980
bristol,other,driving,E02003043,E02003100,42,26869,2839
bristol,other,passenger,E02003043,E02003100,3,26869,2839
bristol,other,driving,E02003038,E02003108,58,4211,570
bristol,other,passenger,E02003038,E02003108,3,4211,570
bristol,other,driving,E02003045,E02003100,22,30147,2603
bristol,other,passenger,E02003045,E02003100,1,30147,2603
bristol,other,driving,E02003053,E02003093,4,257047,10085
bristol,other,driving,E02003038,E02003066,4,7258,1079
bristol,other,passenger,E02003038,E02003066,1,7258,1079
bristol,other,driving,E02003048,E02003094,7,14458,1708
bristol,other,passenger,E02003048,E02003094,1,14458,1708
bristol,other,driving,E02003040,E02003097,12,46656,2588
bristol,other,passenger,E02003040,E02003097,1,46656,2588
bristol,other,driving,E02003048,E02003101,1,5186,757
bristol,other,driving,E02003039,E02003100,46,31970,2993
bristol,other,passenger,E02003039,E02003100,2,31970,2993
bristol,other,driving,E02003040,E02003117,23,7345,998
bristol,other,passenger,E02003040,E02003117,1,7345,998
bristol,other,driving,E02003040,E02003100,53,31640,2804
bristol,other,driving,E02003038,E02003100,51,32345,3031
bristol,other,driving,E02003044,E02003093,11,255486,9865
bristol,other,driving,E02003041,E02003093,4,253964,9945
bristol,other,driving,E02003048,E02003093,4,258510,9957
bristol,other,driving,E02003039,E02003093,7,255541,9795
bristol,other,driving,E02003049,E02003093,7,255442,10104
bristol,other,driving,E02003050,E02003093,8,255469,9899
bristol,other,driving,E02003052,E02003093,9,258152,9896
bristol,other,driving,E02003045,E02003093,6,257053,9964
bristol,other,driving,E02003046,E02003093,13,258994,9766
bristol,other,passenger,E02003046,E02003093,1,258994,9766
bristol,other,driving,E02003040,E02003093,7,260031,9913
bristol,other,driving,E02003054,E02003093,7,258583,10015
bristol,other,passenger,E02003054,E02003093,1,258583,10015
bristol,other,driving,E02003047,E02003093,11,255962,9937
bristol,other,taxi,E02003063,E02003111,1,2933,434
bristol,other,driving,E02003063,E02003111,4,2933,434
bristol,other,driving,E02003063,E02003072,7,3751,597
bristol,other,passenger,E02003063,E02003072,1,3751,597
bristol,other,driving,E02003063,E02002251,1,4043,588
bristol,other,driving,E02003063,E02006684,2,6970,896
bristol,other,driving,E02003063,E02003119,4,1396,293
bristol,other,driving,E02003063,E02003067,2,259001,10326
bristol,other,driving,E02003063,E02003076,7,16585,1852
bristol,other,driving,E02003063,E02003088,4,5671,912
bristol,other,driving,E02003063,E02004642,2,3159,610
bristol,other,driving,E02003063,E02003121,13,5894,801
bristol,other,passenger,E02003063,E02003121,1,5894,801
bristol,other,driving,E02003063,E02003095,1,38473,2614
bristol,other,passenger,E02003063,E02003095,1,38473,2614
bristol,other,driving,E02003062,E02003088,1,4181,840
bristol,other,driving,E02003062,E02006684,1,7773,966
bristol,other,driving,E02003062,E02003072,3,3661,571
bristol,other,driving,E02003062,E02003071,3,5979,964
bristol,other,driving,E02003061,E02003119,4,2925,557
bristol,other,driving,E02003061,E02003072,10,4029,703
bristol,other,driving,E02003062,E02003120,1,6535,874
bristol,other,driving,E02003061,E02003116,1,2282,435
bristol,other,driving,E02003061,E02003113,2,18112,1806
bristol,other,driving,E02003061,E02003111,1,5056,786
bristol,other,driving,E02003061,E02003088,12,4068,655
bristol,other,passenger,E02003061,E02003088,6,4068,655
bristol,other,driving,E02003060,E02003116,7,2900,526
bristol,other,driving,E02003060,E02002996,12,1532,253
bristol,weston-super-mare,driving,E02003061,E02003084,1,5217,819
bristol,other,driving,E02003060,E02003072,7,2953,496
bristol,other,driving,E02003061,E02003067,5,258127,9782
bristol,other,driving,E02003061,E02003121,1,5931,926
bristol,other,passenger,E02003061,E02003121,1,5931,926
bristol,other,driving,E02003061,E02003095,1,35018,2075
bristol,weston-super-mare,driving,E02003060,E02003089,1,4946,852
bristol,other,driving,E02003060,E02004639,1,3446,732
bristol,other,driving,E02003060,E02003071,1,7207,1056
bristol,other,driving,E02003060,E02003088,5,5052,790
bristol,other,driving,E02003060,E02006492,1,2433,516
bristol,other,driving,E02003060,E02003120,11,5827,799
bristol,other,passenger,E02003060,E02003120,1,5827,799
bristol,other,driving,E02003060,E02003067,5,260919,10202
bristol,other,taxi,E02003060,E02003121,1,5703,753
bristol,other,driving,E02003060,E02003121,21,5703,753
bristol,other,passenger,E02003060,E02003121,2,5703,753
bristol,other,driving,E02003060,E02003095,8,37811,2494
bristol,other,driving,E02003059,E02003072,12,7940,1214
bristol,other,driving,E02003059,E02002996,1,7756,1231
bristol,other,driving,E02003059,E02003116,2,6432,1045
bristol,other,driving,E02003059,E02003088,6,6390,1001
bristol,other,passenger,E02003059,E02003088,1,6390,1001
bristol,other,driving,E02003059,E02003121,1,10091,1247
bristol,other,driving,E02003059,E02003118,4,23641,2261
bristol,other,passenger,E02003059,E02003118,2,23641,2261
bristol,other,driving,E02003059,E02003111,2,10083,1487
bristol,other,driving,E02003058,E02004642,1,1523,334
bristol,other,driving,E02003058,E02003111,1,3804,563
bristol,other,driving,E02003058,E02003119,4,1414,326
bristol,other,driving,E02003058,E02003071,1,5669,880
bristol,other,driving,E02003058,E02002251,3,4078,635
bristol,other,driving,E02003058,E02003072,5,2781,451
bristol,other,driving,E02003058,E02003088,6,4362,693
bristol,other,driving,E02003058,E02006492,2,1804,419
bristol,other,driving,E02003058,E02003095,3,36429,2359
bristol,other,driving,E02003057,E02003119,3,6025,894
bristol,other,passenger,E02003057,E02003119,1,6025,894
bristol,other,driving,E02003057,E02002251,1,7201,1140
bristol,other,passenger,E02003057,E02002251,1,7201,1140
bristol,other,driving,E02003057,E02003071,2,3588,578
bristol,weston-super-mare,driving,E02003057,E02003089,1,3346,554
bristol,other,driving,E02003057,E02006492,1,3645,605
bristol,other,driving,E02003057,E02006684,2,24423,1296
bristol,other,driving,E02003057,E02003113,1,16631,1756
bristol,weston-super-mare,driving,E02003057,E02003084,1,2028,459
bristol,other,driving,E02003058,E02003113,8,19523,2090
bristol,other,driving,E02003056,E02003116,2,7053,1122
bristol,other,driving,E02003057,E02003095,3,20637,2030
bristol,other,driving,E02003057,E02003088,5,4515,718
bristol,other,driving,E02003056,E02003072,4,8560,1291
bristol,other,passenger,E02003056,E02003072,2,8560,1291
bristol,other,driving,E02003056,E02003088,6,7011,1078
bristol,other,passenger,E02003056,E02003088,6,7011,1078
bristol,weston-super-mare,driving,E02003056,E02003089,2,5841,914
bristol,other,driving,E02003054,E02004639,1,1151,260
bristol,other,driving,E02003056,E02006492,2,6140,964
bristol,other,driving,E02003057,E02003121,4,6509,1002
bristol,other,driving,E02003056,E02002251,1,9697,1499
bristol,other,driving,E02003056,E02003076,7,13171,1125
bristol,other,passenger,E02003056,E02003076,1,13171,1125
bristol,other,driving,E02003056,E02003113,2,15185,1553
bristol,other,passenger,E02003056,E02003113,1,15185,1553
bristol,other,driving,E02003056,E02003118,10,23874,2271
bristol,weston-super-mare,driving,E02003056,E02003084,1,1725,266
bristol,other,driving,E02003055,E02004642,1,2832,517
bristol,weston-super-mare,driving,E02003055,E02003084,1,8065,1305
bristol,other,driving,E02003055,E02006684,2,6109,770
bristol,other,driving,E02003055,E02003121,3,4413,603
bristol,other,driving,E02003054,E02003119,1,2392,522
bristol,other,driving,E02003055,E02002251,3,2668,412
bristol,other,driving,E02003055,E02003076,4,14688,1790
bristol,other,passenger,E02003055,E02003076,1,14688,1790
bristol,other,driving,E02003055,E02003095,4,37739,2542
bristol,weston-super-mare,driving,E02003054,E02003089,2,2457,454
bristol,other,driving,E02003057,E02003067,5,257317,9771
bristol,other,driving,E02003054,E02003116,2,977,197
bristol,other,driving,E02003053,E02003076,16,18868,2003
bristol,other,driving,E02003055,E02003072,2,1422,243
bristol,other,passenger,E02003055,E02003072,1,1422,243
bristol,other,driving,E02003054,E02002251,4,3588,608
bristol,other,driving,E02003054,E02003072,1,2104,366
bristol,other,driving,E02003054,E02003076,5,13965,1619
bristol,other,driving,E02003053,E02003119,3,3076,491
bristol,other,driving,E02003053,E02002996,9,2396,376
bristol,other,passenger,E02003053,E02002996,1,2396,376
bristol,other,driving,E02003053,E02003072,8,3160,464
bristol,other,passenger,E02003053,E02003072,1,3160,464
bristol,other,driving,E02003053,E02002251,1,1563,275
bristol,other,passenger,E02003053,E02002251,1,1563,275
bristol,other,driving,E02003053,E02006684,8,4426,561
bristol,other,driving,E02003053,E02003088,4,5692,833
bristol,other,passenger,E02003053,E02003088,2,5692,833
bristol,other,driving,E02003053,E02003118,11,29642,2583
bristol,other,passenger,E02003053,E02003118,1,29642,2583
bristol,other,driving,E02003062,E02003119,3,1394,238
bristol,other,driving,E02003063,E02006492,2,3440,655
bristol,other,driving,E02003052,E02003111,2,6427,970
bristol,other,passenger,E02003052,E02003111,1,6427,970
bristol,weston-super-mare,driving,E02003052,E02003084,1,5227,887
bristol,other,driving,E02003052,E02004639,1,2383,394
bristol,other,driving,E02003053,E02003120,4,4064,606
bristol,other,driving,E02003052,E02003119,1,4461,873
bristol,other,driving,E02003052,E02003072,16,4745,720
bristol,other,driving,E02003063,E02002996,7,2151,374
bristol,other,driving,E02003054,E02003120,13,5744,840
bristol,other,driving,E02003053,E02003067,9,257047,10085
bristol,other,driving,E02003062,E02003121,2,6411,829
bristol,other,driving,E02003052,E02003076,4,14949,1646
bristol,other,driving,E02003052,E02003095,2,35044,2189
bristol,other,driving,E02003052,E02003088,7,2177,365
bristol,other,passenger,E02003052,E02003088,1,2177,365
bristol,other,driving,E02003063,E02003071,1,7869,1175
bristol,other,driving,E02003052,E02003113,2,19021,2148
bristol,other,driving,E02003051,E02002996,6,8622,1251
bristol,other,driving,E02003051,E02003111,1,10949,1507
bristol,other,passenger,E02003051,E02003111,3,10949,1507
bristol,other,driving,E02003051,E02003116,3,6512,1129
bristol,other,driving,E02003062,E02006492,1,2162,472
bristol,other,driving,E02003052,E02003118,3,25700,2644
bristol,other,driving,E02003051,E02004642,1,5324,842
bristol,weston-super-mare,driving,E02003051,E02003089,3,6086,856
bristol,other,driving,E02003051,E02003071,3,2470,424
bristol,other,driving,E02003051,E02006684,1,23293,1455
bristol,other,driving,E02003052,E02003121,1,4391,686
bristol,other,driving,E02003051,E02003088,14,7622,946
bristol,other,passenger,E02003051,E02003088,1,7622,946
bristol,other,driving,E02003058,E02002996,11,1771,298
bristol,weston-super-mare,driving,E02003049,E02003084,3,8647,1346
bristol,weston-super-mare,driving,E02003058,E02003089,1,3992,645
bristol,other,driving,E02003063,E02003116,4,3552,651
bristol,other,driving,E02003060,E02006684,4,7066,891
bristol,other,driving,E02003050,E02003119,5,7255,1085
bristol,other,driving,E02003050,E02004642,3,4600,666
bristol,other,driving,E02003051,E02003118,3,28100,2416
bristol,other,driving,E02003061,E02006684,1,8771,1215
bristol,other,driving,E02003050,E02002251,2,8069,1254
bristol,other,passenger,E02003050,E02002251,2,8069,1254
bristol,weston-super-mare,driving,E02003050,E02003084,1,2470,414
bristol,other,driving,E02003050,E02003095,1,20701,2121
bristol,other,driving,E02003050,E02004639,3,4571,720
bristol,other,driving,E02003061,E02003071,2,4414,636
bristol,other,driving,E02003055,E02004639,1,2840,466
bristol,other,driving,E02003050,E02003121,6,7343,921
bristol,other,driving,E02003050,E02003072,8,6932,1045
bristol,other,passenger,E02003050,E02003072,4,6932,1045
bristol,other,driving,E02003050,E02003076,9,15046,1653
bristol,other,driving,E02003049,E02003119,2,2940,505
bristol,other,driving,E02003063,E02004639,2,4991,840
bristol,other,driving,E02003049,E02002251,4,2414,410
bristol,other,driving,E02003062,E02003111,1,4058,537
bristol,other,driving,E02003047,E02003071,2,8426,1265
bristol,weston-super-mare,driving,E02003060,E02003084,1,8010,1239
bristol,other,driving,E02003049,E02006684,3,6950,881
bristol,other,passenger,E02003049,E02006684,1,6950,881
bristol,weston-super-mare,driving,E02003061,E02003089,3,3537,582
bristol,other,driving,E02003049,E02004639,2,3134,496
bristol,weston-super-mare,driving,E02003059,E02003089,1,5221,837
bristol,other,driving,E02003049,E02003095,5,36025,2566
bristol,other,driving,E02003049,E02003120,7,3909,585
bristol,other,driving,E02003049,E02003118,15,30036,2793
bristol,other,passenger,E02003049,E02003118,1,30036,2793
bristol,other,driving,E02003049,E02003113,9,21513,2351
bristol,other,passenger,E02003049,E02003113,1,21513,2351
bristol,weston-super-mare,driving,E02003062,E02003084,2,6782,1147
bristol,other,driving,E02003055,E02006492,1,2035,340
bristol,other,driving,E02003050,E02003111,1,9076,1318
bristol,other,driving,E02003048,E02003116,2,2022,416
bristol,other,driving,E02003061,E02002996,2,2822,560
bristol,other,driving,E02003049,E02003076,3,15369,1867
bristol,other,driving,E02003048,E02003072,4,2661,414
bristol,other,driving,E02003049,E02003067,2,255442,10104
bristol,other,passenger,E02003049,E02003067,1,255442,10104
bristol,other,driving,E02003063,E02003120,8,6018,847
bristol,other,driving,E02003048,E02002996,8,2477,431
bristol,other,driving,E02003048,E02003071,5,4588,703
bristol,other,driving,E02003048,E02006684,3,7794,1039
bristol,other,driving,E02003059,E02006492,1,5520,887
bristol,other,driving,E02003054,E02002996,6,1867,350
bristol,other,driving,E02003048,E02003113,7,19379,2210
bristol,other,passenger,E02003048,E02003113,1,19379,2210
bristol,other,driving,E02003048,E02002251,1,3798,623
bristol,other,driving,E02003055,E02003116,1,1971,358
bristol,other,driving,E02003047,E02003119,5,4086,614
bristol,other,driving,E02003048,E02003067,10,258510,9957
bristol,other,driving,E02003057,E02003072,7,6065,932
bristol,other,passenger,E02003057,E02003072,1,6065,932
bristol,other,driving,E02003048,E02003120,10,5186,757
bristol,other,driving,E02003048,E02004656,1,2505,364
bristol,weston-super-mare,driving,E02003047,E02003084,8,9422,1510
bristol,other,driving,E02003047,E02003072,9,2414,414
bristol,other,passenger,E02003047,E02003072,1,2414,414
bristol,other,driving,E02003047,E02002996,12,2757,434
bristol,other,driving,E02003047,E02003116,1,4366,713
bristol,other,driving,E02003048,E02003076,5,14458,1708
bristol,other,driving,E02003048,E02003095,4,35401,2250
bristol,other,driving,E02003047,E02004639,2,3909,660
bristol,other,driving,E02003057,E02003111,1,8208,1204
bristol,other,driving,E02003054,E02006684,1,7615,1046
bristol,other,driving,E02003047,E02006684,1,4945,650
bristol,other,driving,E02003047,E02004656,2,1335,265
bristol,other,driving,E02003061,E02003120,5,7097,1126
bristol,other,passenger,E02003061,E02003120,4,7097,1126
bristol,weston-super-mare,driving,E02003047,E02003089,4,5789,916
bristol,other,driving,E02003047,E02003121,3,2855,413
bristol,other,driving,E02003047,E02003088,12,4726,752
bristol,other,passenger,E02003047,E02003088,2,4726,752
bristol,other,driving,E02003047,E02003076,6,17084,2144
bristol,other,driving,E02003054,E02003088,3,2158,411
bristol,other,driving,E02003047,E02003120,4,2979,458
bristol,other,driving,E02003057,E02004639,2,3703,606
bristol,other,driving,E02003046,E02004642,1,8577,1213
bristol,other,driving,E02003046,E02002996,13,6106,775
bristol,other,driving,E02003055,E02003071,1,7069,1060
bristol,other,driving,E02003047,E02003095,1,42588,2612
bristol,weston-super-mare,driving,E02003046,E02003084,2,23770,1476
bristol,weston-super-mare,driving,E02003046,E02003089,1,9926,1322
bristol,other,taxi,E02003045,E02003111,1,2411,314
bristol,other,driving,E02003045,E02003111,5,2411,314
bristol,other,driving,E02003058,E02003076,8,13378,1607
bristol,other,driving,E02003052,E02006492,2,2325,393
bristol,other,driving,E02003057,E02003120,5,8341,1238
bristol,other,driving,E02003055,E02003088,5,3520,538
bristol,other,passenger,E02003055,E02003088,4,3520,538
bristol,other,driving,E02003045,E02003116,1,5467,763
bristol,other,driving,E02003046,E02002251,5,4941,625
bristol,other,driving,E02003046,E02003118,10,31378,2762
bristol,other,passenger,E02003046,E02003118,1,31378,2762
bristol,other,driving,E02003046,E02003121,13,6639,774
bristol,other,driving,E02003046,E02003095,8,45619,2441
bristol,other,driving,E02003046,E02004639,2,8046,1066
bristol,other,driving,E02003046,E02003111,8,4223,529
bristol,other,driving,E02003045,E02003088,8,6333,794
bristol,other,driving,E02003045,E02003071,6,9870,1337
bristol,other,passenger,E02003045,E02003071,2,9870,1337
bristol,other,driving,E02003062,E02003076,5,13532,1650
bristol,other,driving,E02003046,E02003113,10,26749,2665
bristol,other,driving,E02003045,E02004642,3,6329,921
bristol,other,taxi,E02003045,E02002251,1,2692,333
bristol,other,driving,E02003045,E02002251,1,2692,333
bristol,other,driving,E02003046,E02003067,5,258994,9766
bristol,other,driving,E02003057,E02003116,1,4557,762
bristol,other,driving,E02003057,E02002996,1,5881,948
bristol,other,driving,E02003045,E02003072,8,4201,535
bristol,other,passenger,E02003045,E02003072,2,4201,535
bristol,other,driving,E02003058,E02006684,2,7519,992
bristol,other,driving,E02003045,E02006492,6,5374,727
bristol,other,driving,E02003045,E02003121,3,3946,440
bristol,other,driving,E02003046,E02003088,4,9026,1128
bristol,other,passenger,E02003046,E02003088,1,9026,1128
bristol,other,driving,E02003061,E02003076,14,11967,1322
bristol,other,passenger,E02003061,E02003076,3,11967,1322
bristol,other,driving,E02003060,E02002251,3,3852,540
bristol,other,passenger,E02003060,E02002251,1,3852,540
bristol,other,driving,E02003058,E02003121,9,5824,825
bristol,other,driving,E02003044,E02006492,1,2921,446
bristol,other,driving,E02003044,E02003072,7,1448,210
bristol,other,driving,E02003044,E02003119,14,3754,551
bristol,other,passenger,E02003044,E02003119,3,3754,551
bristol,other,driving,E02003044,E02003116,4,3811,605
bristol,other,passenger,E02003044,E02003116,1,3811,605
bristol,other,driving,E02003044,E02002251,2,1293,259
bristol,other,driving,E02003053,E02003116,2,4005,655
bristol,other,driving,E02003044,E02003071,2,7091,1000
bristol,other,driving,E02003055,E02003120,6,4636,642
bristol,other,passenger,E02003055,E02003120,1,4636,642
bristol,other,driving,E02003044,E02003088,2,3392,487
bristol,other,driving,E02003044,E02003118,21,30032,2745
bristol,other,passenger,E02003044,E02003118,1,30032,2745
bristol,other,driving,E02003044,E02003113,10,22393,2381
bristol,other,passenger,E02003044,E02003113,3,22393,2381
bristol,other,driving,E02003062,E02003095,1,36583,2402
bristol,other,driving,E02003043,E02002996,2,3514,575
bristol,weston-super-mare,driving,E02003043,E02003089,12,2006,348
bristol,weston-super-mare,passenger,E02003043,E02003089,1,2006,348
bristol,other,driving,E02003059,E02003076,8,10102,1228
bristol,other,driving,E02003044,E02003095,7,35465,2466
bristol,other,passenger,E02003044,E02003095,1,35465,2466
bristol,other,driving,E02003054,E02003121,8,3913,603
bristol,other,driving,E02003054,E02004656,1,3064,447
bristol,other,driving,E02003043,E02003121,7,2376,339
bristol,other,driving,E02003056,E02004639,1,6199,966
bristol,other,driving,E02003041,E02003095,2,34546,2407
bristol,other,driving,E02003041,E02003076,3,15428,1907
bristol,other,driving,E02003041,E02003067,9,253964,9945
bristol,other,driving,E02003043,E02003071,1,5796,773
bristol,other,driving,E02003043,E02003095,3,32812,2157
bristol,other,driving,E02003041,E02003119,3,4607,794
bristol,other,driving,E02003060,E02003113,10,20687,2257
bristol,other,driving,E02003052,E02003120,1,6223,923
bristol,weston-super-mare,driving,E02003041,E02003089,14,2580,506
bristol,other,driving,E02003053,E02003121,9,3940,561
bristol,other,passenger,E02003053,E02003121,2,3940,561
bristol,weston-super-mare,driving,E02003043,E02003084,8,8696,1000
bristol,other,driving,E02003043,E02003076,5,15376,1822
bristol,other,passenger,E02003043,E02003076,2,15376,1822
bristol,other,driving,E02003041,E02002996,6,3089,542
bristol,other,driving,E02003044,E02003067,3,255486,9865
bristol,other,driving,E02003041,E02004639,2,1354,327
bristol,other,driving,E02003041,E02003072,10,2579,398
bristol,other,passenger,E02003041,E02003072,2,2579,398
bristol,other,driving,E02003041,E02004656,3,2423,347
bristol,other,driving,E02003056,E02003095,2,17749,1604
bristol,other,driving,E02003038,E02003076,2,25338,2122
bristol,other,driving,E02003040,E02003119,12,6758,889
bristol,other,passenger,E02003040,E02003119,5,6758,889
bristol,other,driving,E02003038,E02003095,9,39990,2278
bristol,other,driving,E02003060,E02003118,18,23796,2630
bristol,other,driving,E02003059,E02006684,4,26298,1579
bristol,other,passenger,E02003059,E02006684,1,26298,1579
bristol,other,driving,E02003040,E02003116,1,7179,1000
bristol,other,passenger,E02003040,E02003116,1,7179,1000
bristol,other,driving,E02003040,E02003111,10,3903,509
bristol,other,passenger,E02003040,E02003111,1,3903,509
bristol,other,driving,E02003056,E02003120,5,12169,1489
bristol,other,driving,E02003041,E02006684,3,7628,1027
bristol,other,driving,E02003049,E02003116,5,2574,454
bristol,other,driving,E02003056,E02003119,2,8521,1254
bristol,other,driving,E02003041,E02003113,2,21572,2390
bristol,other,driving,E02003041,E02003118,1,27052,2923
bristol,weston-super-mare,driving,E02003054,E02003084,4,5658,1006
bristol,other,driving,E02003041,E02003120,1,3726,549
bristol,other,driving,E02003040,E02003120,8,4015,570
bristol,other,passenger,E02003040,E02003120,2,4015,570
bristol,other,driving,E02003040,E02003072,3,6333,810
bristol,other,passenger,E02003040,E02003072,1,6333,810
bristol,other,driving,E02003051,E02004639,1,6444,908
bristol,other,driving,E02003041,E02003071,3,5583,921
bristol,other,driving,E02003058,E02003120,11,6047,864
bristol,other,driving,E02003056,E02003121,4,10337,1253
bristol,other,passenger,E02003056,E02003121,2,10337,1253
bristol,other,driving,E02003052,E02003071,5,4231,642
bristol,other,driving,E02003040,E02003118,13,31640,2804
bristol,other,passenger,E02003040,E02003118,1,31640,2804
bristol,other,driving,E02003040,E02003113,8,27010,2707
bristol,other,driving,E02003053,E02003071,1,9104,1357
bristol,other,driving,E02003040,E02003067,4,260031,9913
bristol,other,driving,E02003051,E02003076,8,14195,1329
bristol,other,driving,E02003040,E02003076,9,20865,2224
bristol,other,passenger,E02003040,E02003076,1,20865,2224
bristol,other,driving,E02003039,E02002996,6,4435,637
bristol,other,driving,E02003053,E02004656,1,2300,346
bristol,other,driving,E02003039,E02003116,4,4813,823
bristol,weston-super-mare,driving,E02003039,E02003084,2,10297,1166
bristol,other,driving,E02003059,E02003120,2,11923,1484
bristol,weston-super-mare,driving,E02003041,E02003084,5,6579,1166
bristol,other,driving,E02003048,E02003088,8,1197,216
bristol,other,passenger,E02003048,E02003088,2,1197,216
bristol,other,driving,E02003039,E02003071,6,7397,938
bristol,other,driving,E02003054,E02003118,10,24750,2660
bristol,other,passenger,E02003054,E02003118,2,24750,2660
bristol,other,driving,E02003039,E02004639,1,3176,536
bristol,other,driving,E02003039,E02006684,3,6500,779
bristol,other,passenger,E02003039,E02006684,2,6500,779
bristol,other,driving,E02003063,E02003118,13,27360,2432
bristol,other,passenger,E02003063,E02003118,2,27360,2432
bristol,other,driving,E02003040,E02004639,1,7345,998
bristol,other,driving,E02003060,E02003076,9,14542,1773
bristol,other,passenger,E02003060,E02003076,2,14542,1773
bristol,other,driving,E02003047,E02003111,2,1563,256
bristol,other,driving,E02003039,E02003120,18,2558,316
bristol,other,passenger,E02003039,E02003120,3,2558,316
bristol,other,driving,E02003038,E02003119,23,6066,837
bristol,other,driving,E02003039,E02003067,2,255541,9795
bristol,other,driving,E02003050,E02003120,7,9175,1158
bristol,other,driving,E02003062,E02003118,5,23434,2583
bristol,other,passenger,E02003062,E02003118,1,23434,2583
bristol,other,driving,E02003051,E02006492,2,6385,907
bristol,other,driving,E02003049,E02003121,9,3373,471
bristol,weston-super-mare,driving,E02003038,E02003084,1,12121,1381
bristol,other,driving,E02003051,E02003072,10,8805,1234
bristol,other,passenger,E02003051,E02003072,1,8805,1234
bristol,other,driving,E02003039,E02003076,2,23514,1906
bristol,other,driving,E02003038,E02006684,4,5623,661
bristol,other,driving,E02003053,E02004642,3,4979,794
bristol,other,driving,E02003046,E02003072,10,6870,864
bristol,other,driving,E02003050,E02003116,1,5234,873
bristol,other,driving,E02003049,E02004642,2,3842,675
bristol,other,driving,E02003050,E02004656,1,6776,995
bristol,other,driving,E02003062,E02003113,2,19676,2133
bristol,other,driving,E02003055,E02003118,3,28408,2574
bristol,other,passenger,E02003055,E02003118,1,28408,2574
bristol,other,driving,E02003052,E02002996,1,4393,704
bristol,other,driving,E02003057,E02003118,11,24567,2460
bristol,other,passenger,E02003057,E02003118,3,24567,2460
bristol,other,driving,E02003048,E02006492,1,1132,257
bristol,other,driving,E02003058,E02003118,17,23281,2540
bristol,other,passenger,E02003058,E02003118,2,23281,2540
bristol,other,driving,E02003038,E02002251,1,3042,450
bristol,other,driving,E02003051,E02003121,6,9216,1110
bristol,other,driving,E02003047,E02006492,4,3588,607
bristol,other,driving,E02003052,E02004642,2,3705,597
bristol,other,driving,E02003054,E02003095,4,35475,2308
bristol,weston-super-mare,driving,E02003048,E02003084,1,5584,949
bristol,other,driving,E02003045,E02004656,3,2779,337
bristol,other,driving,E02003050,E02003088,12,5749,758
bristol,other,passenger,E02003050,E02003088,2,5749,758
bristol,other,driving,E02003047,E02004642,1,5228,871
bristol,weston-super-mare,driving,E02003050,E02003089,3,4213,668
bristol,other,driving,E02003049,E02003111,4,3236,452
bristol,other,passenger,E02003049,E02003111,1,3236,452
bristol,other,driving,E02003045,E02002996,2,3857,484
bristol,other,driving,E02003048,E02003121,4,3354,520
bristol,other,passenger,E02003048,E02003121,1,3354,520
bristol,other,driving,E02003057,E02003076,4,11780,1440
bristol,other,driving,E02003050,E02002996,5,6749,1062
bristol,other,driving,E02003044,E02003121,61,2256,313
bristol,other,passenger,E02003044,E02003121,7,2256,313
bristol,other,driving,E02003046,E02003120,15,6093,721
bristol,other,passenger,E02003046,E02003120,1,6093,721
bristol,other,driving,E02003053,E02003095,3,43673,2759
bristol,other,driving,E02003051,E02003113,3,17639,1786
bristol,other,driving,E02003044,E02003120,44,2503,386
bristol,other,passenger,E02003044,E02003120,4,2503,386
bristol,other,driving,E02003045,E02003120,2,4071,485
bristol,weston-super-mare,driving,E02003044,E02003089,1,4454,652
bristol,other,driving,E02003044,E02002996,3,2482,351
bristol,other,driving,E02003041,E02003088,1,1705,331
bristol,other,driving,E02003051,E02003120,5,11048,1347
bristol,other,passenger,E02003051,E02003120,1,11048,1347
bristol,other,driving,E02003049,E02003088,1,3952,587
bristol,other,passenger,E02003049,E02003088,1,3952,587
bristol,other,driving,E02003043,E02004639,1,1197,241
bristol,weston-super-mare,driving,E02003053,E02003089,4,6467,1009
bristol,other,driving,E02003051,E02003119,3,7980,1261
bristol,other,driving,E02003041,E02003111,3,4723,671
bristol,other,driving,E02003045,E02003119,2,5046,651
bristol,other,driving,E02003041,E02003121,2,1895,312
bristol,other,driving,E02003053,E02003113,8,25013,2486
bristol,other,passenger,E02003053,E02003113,1,25013,2486
bristol,other,driving,E02003056,E02002996,3,8377,1308
bristol,other,driving,E02003061,E02003118,4,22752,2364
bristol,other,passenger,E02003061,E02003118,2,22752,2364
bristol,other,driving,E02003060,E02004642,2,2687,500
bristol,other,driving,E02003041,E02003116,1,2991,615
bristol,other,driving,E02003059,E02003095,2,18143,1760
bristol,other,driving,E02003041,E02006492,5,2101,456
bristol,other,driving,E02003043,E02003120,4,4208,575
bristol,other,passenger,E02003043,E02003120,1,4208,575
bristol,other,driving,E02003054,E02003113,14,20110,2102
bristol,other,driving,E02003048,E02003118,4,26057,2705
bristol,other,driving,E02003041,E02002251,1,3716,606
bristol,other,driving,E02003043,E02003072,2,3565,537
bristol,other,driving,E02003046,E02003116,1,7716,1054
bristol,other,driving,E02003039,E02002251,2,2858,427
bristol,other,driving,E02003040,E02006492,2,7243,983
bristol,other,driving,E02003040,E02003121,21,5939,706
bristol,other,passenger,E02003040,E02003121,3,5939,706
bristol,other,driving,E02003039,E02006492,1,3923,664
bristol,other,driving,E02003063,E02003113,7,22730,2335
bristol,other,driving,E02003041,E02004642,1,4127,756
bristol,other,driving,E02003039,E02003072,7,3031,445
bristol,other,driving,E02003043,E02003119,1,5032,826
bristol,other,driving,E02003044,E02004642,1,4947,746
bristol,other,driving,E02003039,E02003111,15,3943,547
bristol,other,driving,E02003043,E02004656,1,3409,486
bristol,weston-super-mare,driving,E02003045,E02003089,6,7233,988
bristol,other,driving,E02003040,E02004656,1,4771,603
bristol,other,driving,E02003046,E02003119,6,7295,943
bristol,other,passenger,E02003046,E02003119,1,7295,943
bristol,other,driving,E02003051,E02003095,2,18773,1808
bristol,other,driving,E02003040,E02003088,3,8325,1060
bristol,other,passenger,E02003040,E02003088,3,8325,1060
bristol,other,driving,E02003038,E02003121,36,2598,302
bristol,other,passenger,E02003038,E02003121,7,2598,302
bristol,other,driving,E02003038,E02006492,1,5618,815
bristol,other,driving,E02003038,E02003072,3,4174,582
bristol,other,passenger,E02003038,E02003072,1,4174,582
bristol,other,driving,E02003039,E02003119,16,5692,799
bristol,other,passenger,E02003039,E02003119,3,5692,799
bristol,other,driving,E02003044,E02006684,2,5289,675
bristol,other,driving,E02003050,E02003113,1,18388,2086
bristol,other,passenger,E02003050,E02003113,2,18388,2086
bristol,other,driving,E02003039,E02003088,3,2386,355
bristol,other,passenger,E02003039,E02003088,4,2386,355
bristol,other,driving,E02003044,E02003111,8,2300,324
bristol,other,passenger,E02003044,E02003111,1,2300,324
bristol,other,driving,E02003038,E02003116,21,6397,921
bristol,other,passenger,E02003038,E02003116,1,6397,921
bristol,other,driving,E02003040,E02003071,1,11863,1603
bristol,other,driving,E02003040,E02002996,9,5569,721
bristol,other,passenger,E02003040,E02002996,1,5569,721
bristol,other,driving,E02003045,E02003076,5,19373,2023
bristol,weston-super-mare,driving,E02003045,E02003084,4,10866,1582
bristol,other,driving,E02003043,E02003113,3,25291,2209
bristol,other,driving,E02003038,E02002996,8,4787,642
bristol,other,passenger,E02003038,E02002996,1,4787,642
bristol,other,driving,E02003043,E02003111,1,5709,810
bristol,other,driving,E02003038,E02003111,8,4127,570
bristol,other,driving,E02003047,E02003118,5,31044,2775
bristol,weston-super-mare,driving,E02003040,E02003089,2,9225,1254
bristol,other,driving,E02003050,E02003118,2,25797,2651
bristol,other,passenger,E02003050,E02003118,1,25797,2651
bristol,other,driving,E02003046,E02003076,9,20604,2182
bristol,other,driving,E02003045,E02003113,4,25517,2506
bristol,other,driving,E02003049,E02002996,8,1422,253
bristol,other,passenger,E02003049,E02002996,1,1422,253
bristol,other,driving,E02003039,E02003113,12,26892,2374
bristol,other,passenger,E02003039,E02003113,1,26892,2374
bristol,other,driving,E02003039,E02003095,4,34413,2322
bristol,other,passenger,E02003039,E02003095,1,34413,2322
bristol,other,driving,E02003039,E02003118,22,31970,2993
bristol,other,passenger,E02003039,E02003118,4,31970,2993
bristol,other,driving,E02003040,E02003095,5,46656,2588
bristol,other,driving,E02003038,E02003113,8,40113,2379
bristol,other,passenger,E02003038,E02003113,2,40113,2379
bristol,other,driving,E02003044,E02003076,9,16248,1897
bristol,other,driving,E02003043,E02003118,4,26869,2839
bristol,other,driving,E02003038,E02003118,20,32345,3031
bristol,other,passenger,E02003038,E02003118,2,32345,3031
bristol,other,driving,E02003062,E02003067,3,259691,10110
bristol,other,driving,E02003047,E02003113,9,23228,2627
bristol,other,passenger,E02003047,E02003113,2,23228,2627
bristol,other,driving,E02003059,E02003067,2,259192,10053
bristol,other,driving,E02003043,E02006684,1,8876,1118
bristol,other,driving,E02003055,E02003119,3,1519,252
bristol,other,driving,E02003054,E02003067,3,258583,10015
bristol,other,driving,E02003056,E02003067,1,256341,9980
bristol,other,driving,E02003048,E02004642,2,3158,557
bristol,other,passenger,E02003048,E02004642,1,3158,557
bristol,other,driving,E02003050,E02003067,8,255469,9899
bristol,other,driving,E02003047,E02003067,13,255962,9937
bristol,other,driving,E02003058,E02003067,3,259538,10067
bristol,other,driving,E02003038,E02003067,2,253365,9603
bristol,other,driving,E02003055,E02003067,4,257619,10121
bristol,other,driving,E02003043,E02003067,8,253429,9859
bristol,other,driving,E02003052,E02003067,9,258152,9896
bristol,other,driving,E02003051,E02003067,7,256188,9929
bristol,other,driving,E02003045,E02003067,7,257053,9964
bristol,other,train,E02006890,E02002996,4,31825,6086
bristol,other,train,E02006890,W02000398,3,64313,8278
bristol,other,train,E02006890,E02002991,12,32504,6781
bristol,other,train,E02006890,E02003223,1,6315,1560
bristol,other,train,E02006890,E02006654,1,31825,6086
bristol,other,train,E02006890,E02003106,11,7697,1509
bristol,other,train,E02006890,E02002993,1,32504,6781
bristol,other,train,E02006890,E02003107,5,198308,9848
bristol,other,bus,E02003046,E02003098,1,7861,1987
bristol,other,bus,E02003053,E02003100,2,1291,465
bristol,other,bus,E02003051,E02003098,1,5078,1923
bristol,other,bus,E02003050,E02003098,9,2753,1552
bristol,other,bus,E02003044,E02003098,2,3337,1260
bristol,other,bus,E02003052,E02003100,3,6571,2900
bristol,other,bus,E02003051,E02003100,3,11019,3897
bristol,other,bus,E02003047,E02003098,1,3625,1424
bristol,other,bus,E02003044,E02003100,3,8243,1826
bristol,other,bus,E02003049,E02003100,2,5281,2070
bristol,other,bus,E02003050,E02003100,11,8694,3526
bristol,other,bus,E02003047,E02003100,5,3529,1434
bristol,other,bus,E02003045,E02003098,3,3606,1879
bristol,other,bus,E02003045,E02003100,11,5590,1426
bristol,other,bus,E02003048,E02003098,1,11834,4007
bristol,other,bus,E02003053,E02003098,3,7083,2182
bristol,other,bus,E02003048,E02003100,4,2292,735
bristol,other,bus,E02003046,E02003100,7,19161,3444
bristol,other,bus,E02003049,E02003106,3,1121,917
bristol,other,bus,E02003051,E02003106,4,5078,1923
bristol,other,bus,E02003047,E02003094,3,3528,823
bristol,other,bus,E02003053,E02003094,5,2710,816
bristol,other,bus,E02003050,E02003106,12,2753,1552
bristol,other,bus,E02003046,E02003094,3,9321,2061
bristol,other,bus,E02003049,E02003094,9,2278,1166
bristol,other,bus,E02003050,E02003107,5,8694,3526
bristol,other,bus,E02003046,E02003106,1,7861,1987
bristol,other,bus,E02003047,E02003106,12,3625,1424
bristol,other,bus,E02003051,E02003094,3,7714,2120
bristol,other,bus,E02003044,E02003106,2,3337,1260
bristol,other,bus,E02003048,E02003107,2,2292,735
bristol,other,bus,E02003053,E02003107,4,1291,465
bristol,other,bus,E02003050,E02003094,12,5388,1749
bristol,other,bus,E02003052,E02003094,4,2438,1832
bristol,other,bus,E02003053,E02003106,8,7083,2182
bristol,other,bus,E02003045,E02003106,10,3606,1879
bristol,other,bus,E02003052,E02003107,1,6571,2900
bristol,other,bus,E02003045,E02003107,2,5590,1426
bristol,other,bus,E02003051,E02003107,1,11019,3897
bristol,other,bus,E02003044,E02003094,2,7110,1988
bristol,other,bus,E02003047,E02003107,2,3529,1434
bristol,other,bus,E02003048,E02003106,5,11834,4007
bristol,other,bus,E02003044,E02003107,1,8243,1826
bristol,other,bus,E02003048,E02003094,1,3874,2154
bristol,other,bus,E02003049,E02003107,4,5281,2070
bristol,other,bus,E02003045,E02003094,2,4522,1278
bristol,other,bus,E02003052,E02003110,1,1121,1005
bristol,other,bus,E02003048,E02003115,2,2292,735
bristol,other,bus,E02003044,E02003110,1,3625,1072
bristol,other,bus,E02003050,E02003110,3,7883,3135
bristol,other,bus,E02003052,E02003114,2,4461,2670
bristol,other,bus,E02003050,E02000001,1,5149,1093
bristol,other,bus,E02003046,E02003114,2,12190,2926
bristol,other,bus,E02003046,E02003110,1,5024,1914
bristol,other,bus,E02003044,E02003115,1,8243,1826
bristol,other,bus,E02003049,E02003114,1,2178,1483
bristol,other,bus,E02003047,E02003115,5,3529,1434
bristol,other,bus,E02003046,E02003115,1,19161,3444
bristol,other,bus,E02003048,E02000001,5,17462,4820
bristol,other,bus,E02003051,E02003114,1,7914,1472
bristol,other,bus,E02003051,E02003115,2,11019,3897
bristol,other,bus,E02003048,E02003110,1,4523,2323
bristol,other,bus,E02003045,E02003115,1,5590,1426
bristol,other,bus,E02003051,E02003077,12,2930,971
bristol,other,bus,E02003052,E02003077,4,7899,2118
bristol,other,bus,E02003052,E02003070,1,4525,1574
bristol,other,bus,E02003049,E02003117,1,1121,917
bristol,other,bus,E02003050,E02003117,3,2753,1552
bristol,other,bus,E02003050,E02003077,52,5149,1093
bristol,other,bus,E02003051,E02003070,1,7701,1849
bristol,other,bus,E02003046,E02003117,2,7861,1987
bristol,other,bus,E02003052,E02003072,1,1121,1005
bristol,other,bus,E02003049,E02003070,1,4217,1509
bristol,other,bus,E02003050,E02003070,2,5376,1478
bristol,other,bus,E02003046,E02003118,1,19161,3444
bristol,other,bus,E02003044,E02003072,2,3625,1072
bristol,other,bus,E02003050,E02003118,1,8694,3526
bristol,other,bus,E02003045,E02003117,1,3606,1879
bristol,other,bus,E02003048,E02003070,2,5464,1957
bristol,other,bus,E02003050,E02003072,1,7883,3135
bristol,other,bus,E02003053,E02003072,5,2443,2063
bristol,other,bus,E02003048,E02003072,1,4523,2323
bristol,other,bus,E02003053,E02003070,2,4212,1526
bristol,other,bus,E02003045,E02003070,2,6460,1621
bristol,other,bus,E02003046,E02003072,4,5024,1914
bristol,other,bus,E02003045,E02003077,1,9275,3036
bristol,other,bus,E02003048,E02003117,1,11834,4007
bristol,other,bus,E02003047,E02003077,8,7202,2323
bristol,other,bus,E02003048,E02003077,15,17462,4820
bristol,other,bus,E02003053,E02003077,8,12571,3775
bristol,other,bus,E02003050,E02003004,1,2943,991
bristol,other,bus,E02003049,E02003004,1,5768,1050
bristol,other,bus,E02003048,E02003108,1,2453,837
bristol,other,bus,E02003044,E02002991,3,3709,963
bristol,other,bus,E02003052,E02002991,1,7899,2118
bristol,other,bus,E02003049,E02002991,5,5286,1840
bristol,other,bus,E02003045,E02002991,1,9275,3036
bristol,other,bus,E02003053,E02003108,2,1578,836
bristol,other,bus,E02003046,E02003108,1,12190,2926
bristol,other,bus,E02003049,E02003108,1,2178,1483
bristol,other,bus,E02003051,E02003108,1,7914,1472
bristol,other,bus,E02003050,E02003108,6,7208,2012
bristol,other,bus,E02003053,E02003004,1,10366,3405
bristol,other,bus,E02003053,E02002991,3,12571,3775
bristol,other,bus,E02003049,E02003068,1,3284,1070
bristol,other,bus,E02003044,E02003068,1,2667,742
bristol,other,bus,E02003050,E02003068,2,10988,2894
bristol,other,bus,E02003047,E02003068,1,2994,965
bristol,other,bus,E02003046,E02003092,1,12190,2926
bristol,other,bus,E02003050,E02003092,2,7208,2012
bristol,other,bus,E02003048,E02003068,2,4179,2054
bristol,other,bus,E02003053,E02003068,1,4717,1381
bristol,other,bus,E02003059,E02003098,2,1121,917
bristol,other,bus,E02003061,E02003098,1,5632,1777
bristol,other,bus,E02003056,E02003098,1,7861,1987
bristol,other,bus,E02003063,E02003100,1,1291,465
bristol,other,bus,E02003054,E02003100,3,8243,1826
bristol,other,bus,E02003060,E02003098,1,2753,1552
bristol,other,bus,E02003057,E02003100,1,3529,1434
bristol,other,bus,E02003055,E02003098,3,3606,1879
bristol,other,bus,E02003055,E02003100,4,5590,1426
bristol,other,bus,E02003058,E02003100,1,2292,735
bristol,other,bus,E02003060,E02003100,1,8694,3526
bristol,other,bus,E02003061,E02003100,2,14291,3012
bristol,other,bus,E02003056,E02003100,1,19161,3444
bristol,other,bus,E02003058,E02003098,2,11834,4007
bristol,other,bus,E02003063,E02003094,1,2710,816
bristol,other,bus,E02003059,E02003094,2,2278,1166
bristol,other,bus,E02003060,E02003094,11,5388,1749
bristol,other,bus,E02003060,E02003106,7,2753,1552
bristol,other,bus,E02003062,E02003094,3,2438,1832
bristol,other,bus,E02003057,E02003094,2,3528,823
bristol,other,bus,E02003063,E02003107,1,1291,465
bristol,other,bus,E02003056,E02003094,5,9321,2061
bristol,other,bus,E02003055,E02003106,4,3606,1879
bristol,other,bus,E02003061,E02003094,2,7092,1851
bristol,other,bus,E02003061,E02003106,1,5632,1777
bristol,other,bus,E02003057,E02003106,3,3625,1424
bristol,other,bus,E02003059,E02003107,1,5281,2070
bristol,other,bus,E02003054,E02003094,7,7110,1988
bristol,other,bus,E02003055,E02003107,1,5590,1426
bristol,other,bus,E02003057,E02003107,4,3017,1117
bristol,other,bus,E02003054,E02003106,2,3337,1260
bristol,other,bus,E02003058,E02003107,3,2292,735
bristol,other,bus,E02003056,E02003106,3,7861,1987
bristol,other,bus,E02003062,E02003107,4,7843,2339
bristol,other,bus,E02003055,E02003094,6,4522,1278
bristol,other,bus,E02003061,E02003107,3,14291,3012
bristol,other,bus,E02003060,E02003107,3,8694,3526
bristol,other,bus,E02003054,E02003107,1,8243,1826
bristol,other,bus,E02003056,E02003107,3,19161,3444
bristol,other,bus,E02003058,E02003094,4,3874,2154
bristol,other,bus,E02003063,E02003106,5,7083,3382
bristol,other,bus,E02003062,E02003110,1,1121,1005
bristol,other,bus,E02003055,E02003115,3,5590,1426
bristol,other,bus,E02003056,E02003114,1,12190,2926
bristol,other,bus,E02003058,E02003115,1,2292,735
bristol,other,bus,E02003055,E02003114,1,2841,980
bristol,other,bus,E02003062,E02003115,1,7843,2339
bristol,other,bus,E02003054,E02003110,1,3625,1072
bristol,other,bus,E02003057,E02000001,1,7202,2323
bristol,other,bus,E02003060,E02003114,1,7208,2012
bristol,other,bus,E02003056,E02003115,2,19161,3444
bristol,other,bus,E02003063,E02000001,1,12571,3775
bristol,other,bus,E02003061,E02003114,1,7914,1472
bristol,other,bus,E02003061,E02003115,1,14291,3012
bristol,other,bus,E02003058,E02000001,1,17462,4820
bristol,other,bus,E02003062,E02003077,4,7899,2118
bristol,other,bus,E02003061,E02003077,4,2930,971
bristol,other,bus,E02003060,E02003117,1,2753,1552
bristol,other,bus,E02003055,E02003072,2,2379,1361
bristol,other,bus,E02003061,E02003072,3,5833,1011
bristol,other,bus,E02003062,E02003072,5,1121,1005
bristol,other,bus,E02003062,E02003070,1,4525,1574
bristol,other,bus,E02003057,E02003072,2,2397,906
bristol,other,bus,E02003057,E02003070,1,5031,1533
bristol,other,bus,E02003057,E02003117,1,3625,1424
bristol,other,bus,E02003054,E02003077,3,3709,963
bristol,other,bus,E02003061,E02003070,3,7829,1909
bristol,other,bus,E02003055,E02003118,1,5590,1426
bristol,other,bus,E02003060,E02003072,6,7883,3135
bristol,other,bus,E02003063,E02003118,1,1291,465
bristol,other,bus,E02003059,E02003077,2,5286,1840
bristol,other,bus,E02003056,E02003072,6,5024,1914
bristol,other,bus,E02003063,E02003072,2,2443,2063
bristol,other,bus,E02003055,E02003070,1,6460,1621
bristol,other,bus,E02003055,E02003077,8,9275,3036
bristol,other,bus,E02003056,E02003118,1,19161,3444
bristol,other,bus,E02003057,E02003118,1,3017,1117
bristol,other,bus,E02003058,E02003072,8,4523,2323
bristol,other,bus,E02003063,E02003117,1,7083,3382
bristol,other,bus,E02003057,E02003077,10,7202,2323
bristol,other,bus,E02003058,E02003077,2,17462,4820
bristol,other,bus,E02003058,E02003117,1,11834,4007
bristol,other,bus,E02003060,E02003004,1,2943,991
bristol,other,bus,E02003055,E02003108,4,2841,980
bristol,other,bus,E02003054,E02002991,8,3709,963
bristol,other,bus,E02003054,E02003004,2,6220,1426
bristol,other,bus,E02003062,E02002991,2,7899,2118
bristol,other,bus,E02003055,E02003004,5,7666,1988
bristol,other,bus,E02003055,E02002991,2,9275,3036
bristol,other,bus,E02003056,E02003108,2,12190,2926
bristol,other,bus,E02003063,E02003004,2,10366,3405
bristol,other,bus,E02003057,E02003068,1,2994,965
bristol,other,bus,E02003061,E02003068,1,17288,3749
bristol,other,bus,E02003058,E02003068,1,3988,1320
bristol,other,bus,E02003063,E02003068,1,4717,1381
bristol,other,bicycle,E02006890,E02003106,22,3995,734
bristol,other,bicycle,E02006890,E02003107,5,1903,356
bristol,other,bicycle,E02006890,E02003098,2,6667,1280
bristol,other,bicycle,E02006887,E02003100,5,5638,1172
bristol,other,bicycle,E02006889,E02003107,1,3348,644
bristol,other,bicycle,E02006887,E02003094,3,8138,1561
bristol,other,bicycle,E02006889,E02003094,3,9965,2009
bristol,other,bicycle,E02006890,E02003100,3,5385,1097
bristol,other,bicycle,E02006889,E02003100,1,5892,1224
bristol,other,bicycle,E02006887,E02003068,1,10455,2078
bristol,other,bicycle,E02006888,E02003100,1,8735,1956
bristol,other,bicycle,E02003064,E02003106,2,6987,1511
bristol,other,bicycle,E02006889,E02003068,1,11697,2321
bristol,other,bicycle,E02006890,E02003094,5,9946,1921
bristol,other,bicycle,E02006887,E02003106,13,5135,1045
bristol,other,bicycle,E02003064,E02003098,1,9923,2030
bristol,other,bicycle,E02006889,E02003106,2,5645,1138
bristol,other,bicycle,E02006890,E02003068,1,13731,2699
bristol,other,bicycle,E02006888,E02003094,2,11249,2127
bristol,other,bicycle,E02006888,E02003107,6,8996,2238
bristol,other,bicycle,E02006888,E02003098,1,12810,2709
bristol,other,bicycle,E02006888,E02003106,11,11185,2565
bristol,other,bicycle,E02006887,E02003098,1,7409,1443
bristol,other,driving,E02003064,E02002991,3,39990,2278
bristol,other,passenger,E02003064,E02002991,1,39990,2278
bristol,other,driving,E02003064,E02002987,1,25338,2122
bristol,other,passenger,E02003064,E02002987,1,25338,2122
bristol,other,driving,E02006890,E02002987,3,15376,1822
bristol,other,driving,E02006888,E02002987,2,20865,2224
bristol,other,driving,E02006888,E02002991,4,46656,2588
bristol,other,driving,E02006889,E02002991,1,34546,2407
bristol,other,driving,E02006890,E02002991,8,32812,2157
bristol,other,driving,E02006889,E02002987,1,15428,1907
bristol,other,driving,E02006887,E02002991,6,34413,2322
bristol,other,passenger,E02006887,E02002991,1,34413,2322
bristol,other,driving,E02006889,E02002992,6,21572,2390
bristol,other,driving,E02006890,E02002992,5,25291,2209
bristol,other,driving,E02006889,E02003007,2,27052,2923
bristol,other,driving,E02006887,E02002992,2,26892,2374
bristol,other,driving,E02006888,E02003007,1,31640,2804
bristol,other,driving,E02006888,E02002992,1,27010,2707
bristol,other,driving,E02006887,E02002987,2,23514,1906
bristol,other,driving,E02003064,E02002992,3,40113,2379
bristol,other,driving,E02003064,E02003007,1,32345,3031
bristol,other,passenger,E02003064,E02003007,1,32345,3031
bristol,other,passenger,E02003064,E02001097,1,253365,9603
bristol,other,driving,E02006890,E02001097,2,253429,9859
bristol,other,foot,E02006890,E02003117,4,8025,6931
bristol,other,foot,E02006890,E02003094,1,9896,8016
bristol,other,foot,E02006889,E02003106,6,4997,4119
bristol,other,foot,E02006888,E02003106,3,10349,8667
bristol,other,foot,E02006888,E02003107,1,8044,6806
bristol,other,foot,E02003064,E02003117,1,12204,10378
bristol,other,foot,E02003064,E02003106,1,6977,5821
bristol,other,foot,E02006890,E02001097,1,237794,194613
bristol,other,foot,E02006890,E02003106,8,3662,2994
bristol,other,foot,E02006889,E02003117,1,8662,7360
bristol,other,foot,E02006887,E02003106,6,5154,4255
bristol,other,foot,E02006887,E02003094,1,7935,6464
bristol,other,foot,E02003064,E02003094,1,6046,4922
bristol,other,foot,E02006889,E02003094,3,9381,7619
bristol,other,bus,E02006887,E02003100,15,5590,1426
bristol,other,bus,E02006888,E02003098,2,7861,1987
bristol,other,bus,E02006890,E02003100,3,2292,735
bristol,other,bus,E02006887,E02003098,1,3606,1879
bristol,other,bus,E02006889,E02003100,4,2479,1055
bristol,other,bus,E02003064,E02003100,6,8243,1826
bristol,other,bus,E02006889,E02003098,2,3625,1424
bristol,other,bus,E02006888,E02003100,4,19161,3444
bristol,other,bus,E02006890,E02003098,1,11834,4007
bristol,other,driving,E02006889,E02003003,1,1354,327
bristol,other,driving,E02006890,E02003003,1,1197,241
bristol,other,driving,E02006890,E02003069,6,5032,826
bristol,other,driving,E02006890,E02003112,1,2376,339
bristol,other,driving,E02006890,E02006660,2,3514,575
bristol,other,passenger,E02006889,E02002993,1,2423,347
bristol,other,driving,E02006889,E02006660,1,3089,542
bristol,other,driving,E02006889,E02003005,5,2991,615
bristol,other,driving,E02006890,E02003004,2,4505,720
bristol,other,driving,E02006890,E02003006,4,3565,537
bristol,other,driving,E02006890,E02003005,4,3029,597
bristol,other,driving,E02006890,E02002993,1,3409,486
bristol,other,driving,E02006890,E02003109,1,4208,575
bristol,other,driving,E02006888,E02006660,2,5569,721
bristol,other,driving,E02006890,E02006645,1,7663,997
bristol,other,driving,E02006889,E02003004,1,4687,803
bristol,other,driving,E02006890,E02004625,1,5709,810
bristol,other,driving,E02006889,E02003112,1,1895,312
bristol,other,driving,E02006888,E02003112,1,5939,706
bristol,other,driving,E02006888,W02000398,1,4404,571
bristol,other,driving,E02006887,E02002993,7,2420,321
bristol,other,driving,E02006887,W02000398,1,2858,427
bristol,other,driving,E02006887,E02005684,2,3923,664
bristol,other,driving,E02006888,E02003069,3,6758,889
bristol,other,driving,E02006887,E02003233,1,6500,779
bristol,other,driving,E02003064,E02002993,1,2727,372
bristol,other,driving,E02006889,E02006645,3,7182,971
bristol,other,driving,E02003064,E02003005,1,6397,921
bristol,other,driving,E02003064,E02006660,1,4787,642
bristol,other,driving,E02006887,E02006660,1,4435,637
bristol,other,driving,E02006887,E02003219,1,5949,964
bristol,other,driving,E02006889,E02002986,2,21572,2390
bristol,other,driving,E02006887,E02003069,2,5692,799
bristol,other,driving,E02006888,E02003104,1,8325,1060
bristol,other,driving,E02003064,E02003006,1,4174,582
bristol,other,driving,E02006887,E02003005,2,4813,823
bristol,other,driving,E02006887,E02004625,1,3943,547
bristol,other,driving,E02006887,E02006645,1,5941,701
bristol,other,driving,E02006887,W02000350,2,23514,1906
bristol,other,driving,E02006890,E02002986,2,25291,2209
bristol,other,driving,E02003064,E02002986,4,40113,2379
bristol,other,driving,E02006888,E02002986,2,27010,2707
bristol,other,driving,E02006890,E02004672,1,32812,2157
bristol,other,passenger,E02006890,E02004672,1,32812,2157
bristol,other,driving,E02003064,E02003004,6,8334,1227
bristol,other,driving,E02006890,E02003223,2,4208,575
bristol,other,driving,E02006890,E02000001,1,8696,1000
bristol,other,driving,E02006890,E02006659,1,3514,575
bristol,other,driving,E02006890,E02002995,2,1197,241
bristol,other,driving,E02006890,E02004637,1,4702,745
bristol,other,driving,E02006890,E02004655,4,1535,277
bristol,other,driving,E02006890,E02004609,2,7663,997
bristol,other,driving,E02006890,E02006665,1,2376,339
bristol,other,driving,E02006890,E02004608,3,253429,9859
bristol,other,driving,E02006890,E02003000,3,2006,348
bristol,other,driving,E02006888,E02003001,2,7179,1000
bristol,other,driving,E02006889,E02003002,1,21572,2390
bristol,other,driving,E02006888,E02006659,1,5569,721
bristol,other,driving,E02006888,E02002995,1,7345,998
bristol,other,driving,E02006887,E02003073,1,6509,1012
bristol,taunton,driving,E02006887,E02006109,1,2420,321
bristol,other,driving,E02006888,E02004637,1,4404,571
bristol,other,driving,E02006889,E02003000,4,2580,506
bristol,other,driving,E02006887,E02002995,1,3176,536
bristol,other,driving,E02006887,E02003000,1,4402,714
bristol,other,driving,E02006887,E02004637,1,2858,427
bristol,other,driving,E02006887,E02003096,1,7397,938
bristol,other,driving,E02006890,E02003073,1,4505,720
bristol,other,driving,E02003064,E02003000,1,6226,930
bristol,other,driving,E02006889,E02002995,2,1354,327
bristol,other,driving,E02006889,E02003074,1,4127,756
bristol,other,driving,E02006887,E02003001,1,4813,823
bristol,other,driving,E02006889,E02003073,2,4687,803
bristol,other,driving,E02006890,E02003001,3,3029,597
bristol,other,driving,E02006887,E02004655,1,1872,280
bristol,other,driving,E02006889,E02003096,2,5583,921
bristol,other,passenger,E02006889,E02003096,3,5583,921
bristol,other,driving,E02006887,E02006659,2,4435,637
bristol,taunton,driving,E02006888,E02006104,2,8325,1060
bristol,other,driving,E02006888,E02000001,5,24807,1623
bristol,other,driving,E02003064,E02003074,1,7258,1079
bristol,other,driving,E02003064,E02003096,1,9221,1154
bristol,other,passenger,E02003064,E02003096,1,9221,1154
bristol,other,driving,E02006888,E02003000,1,9225,1254
bristol,other,driving,E02003064,E02006060,1,5618,815
bristol,other,driving,E02006889,E02003102,2,15428,1907
bristol,other,driving,E02006888,E02003002,1,27010,2707
bristol,other,passenger,E02006887,E02003102,1,23514,1906
bristol,other,driving,E02006887,E02004608,2,255541,9795
bristol,other,driving,E02006890,E02003010,1,26869,2839
bristol,other,passenger,E02006889,E02006845,4,21572,2390
bristol,other,passenger,E02006889,E02003010,1,27052,2923
bristol,weston-super-mare,passenger,E02006888,E02003080,1,260031,9913
bristol,other,driving,E02006890,E02003008,1,2376,339
bristol,other,driving,E02006887,E02006052,1,1872,280
bristol,other,driving,E02006887,E02006054,1,23514,1906
bristol,other,driving,E02003064,E02006052,1,3697,495
bristol,other,driving,E02006889,E02006054,1,15428,1907
bristol,weston-super-mare,driving,E02006890,E02003080,2,253429,9859
bristol,other,bus,E02006889,E02003106,13,3625,1424
bristol,other,bus,E02006890,E02003107,3,2292,735
bristol,other,bus,E02006888,E02003106,18,7861,1987
bristol,other,bus,E02006888,E02003094,5,9321,2061
bristol,other,bus,E02006889,E02003107,5,3016,1434
bristol,other,bus,E02003064,E02003094,1,5578,1485
bristol,other,bus,E02003064,E02003106,4,3337,1260
bristol,other,bus,E02006887,E02003094,7,4522,1278
bristol,other,bus,E02006889,E02003094,12,3929,1412
bristol,other,bus,E02006887,E02003107,8,5590,1426
bristol,other,bus,E02006888,E02003107,6,19161,3444
bristol,other,bus,E02006890,E02003094,7,3874,2154
bristol,other,bus,E02006887,E02003106,23,5686,2140
bristol,other,bus,E02006890,E02003106,19,11834,4007
bristol,other,bicycle,E02006887,E02006492,1,5135,1045
bristol,other,bicycle,E02006890,E02003117,6,4443,914
bristol,other,bicycle,E02006889,E02003117,1,4610,977
bristol,other,bicycle,E02006888,E02003114,1,5614,1069
bristol,other,bicycle,E02006890,E02006492,1,3995,734
bristol,other,bicycle,E02006890,E02003110,3,4125,895
bristol,other,bicycle,E02006890,E02002251,1,4150,779
bristol,other,bicycle,E02006888,E02001097,1,2471,559
bristol,other,bicycle,E02006890,E02002991,3,3064,529
bristol,other,bicycle,E02006890,E02001097,1,10014,2002
bristol,other,bicycle,E02006888,E02002991,1,8673,2160
bristol,other,bicycle,E02006888,E02003108,2,13567,3119
bristol,other,bicycle,E02006887,E02003110,1,5569,1296
bristol,other,bicycle,E02006890,E02003108,2,12774,2877
bristol,other,bicycle,E02006888,E02003120,1,12810,2709
bristol,other,bicycle,E02003064,E02003108,1,13274,3242
bristol,other,driving,E02006890,E02003065,6,2006,348
bristol,other,passenger,E02006890,E02003065,1,2006,348
bristol,other,driving,E02006890,E02003075,5,3514,575
bristol,other,passenger,E02006890,E02003075,1,3514,575
bristol,other,driving,E02006890,E02003090,10,3029,597
bristol,other,driving,E02006890,E02003068,12,5709,810
bristol,other,passenger,E02006890,E02003068,2,5709,810
bristol,other,driving,E02006890,E02003077,7,4505,720
bristol,other,driving,E02006889,E02003091,1,4607,794
bristol,other,passenger,E02006889,E02003091,1,4607,794
bristol,other,driving,E02006889,E02003070,3,2101,456
bristol,other,passenger,E02006889,E02003070,1,2101,456
bristol,other,driving,E02006889,E02003090,1,2991,615
bristol,other,driving,E02006889,E02003075,1,3089,542
bristol,other,passenger,E02006889,E02003075,2,3089,542
bristol,other,driving,E02006888,E02003075,2,5569,721
bristol,other,driving,E02006888,E02003091,1,6758,889
bristol,other,driving,E02006889,E02003068,4,4723,671
bristol,other,passenger,E02006889,E02003068,1,4723,671
bristol,other,driving,E02006889,E02003065,3,2580,506
bristol,other,driving,E02006888,E02003090,4,7179,1000
bristol,other,driving,E02006888,E02003077,4,10967,1485
bristol,other,driving,E02006888,E02003068,2,3903,509
bristol,other,driving,E02006888,E02003070,4,7243,983
bristol,other,driving,E02006887,E02003068,2,3943,547
bristol,other,driving,E02006889,E02003077,3,4687,803
bristol,other,driving,E02006890,E02003092,13,4075,671
bristol,other,passenger,E02006890,E02003092,1,4075,671
bristol,other,driving,E02006890,E02003070,4,2139,438
bristol,other,driving,E02006890,E02003091,9,5032,826
bristol,other,passenger,E02006890,E02003091,2,5032,826
bristol,other,driving,E02006888,E02003092,5,8040,1159
bristol,other,driving,E02006889,E02003092,1,4127,756
bristol,other,driving,E02006887,E02003090,1,4813,823
bristol,other,driving,E02003064,E02003092,1,7258,1079
bristol,other,driving,E02006887,E02003065,3,4402,714
bristol,other,driving,E02006887,E02003070,10,3923,664
bristol,other,driving,E02003064,E02003075,2,4787,642
bristol,other,driving,E02006887,E02003077,9,6509,1012
bristol,other,driving,E02003064,E02003070,13,5618,815
bristol,other,passenger,E02003064,E02003070,2,5618,815
bristol,other,driving,E02003064,E02003068,15,4127,570
bristol,other,driving,E02003064,E02003091,1,6066,837
bristol,other,taxi,E02003064,E02003077,1,8334,1227
bristol,other,driving,E02003064,E02003077,20,8334,1227
bristol,other,passenger,E02003064,E02003077,4,8334,1227
bristol,other,driving,E02003064,E02003090,1,6397,921
bristol,other,driving,E02006887,E02003092,1,5949,964
bristol,other,driving,E02003064,E02003065,1,6226,930
bristol,other,passenger,E02003064,E02003065,1,6226,930
bristol,other,driving,E02006887,E02003091,3,5692,799
bristol,other,foot,E02006890,E02003115,1,2139,1716
bristol,other,foot,E02006889,E02002251,1,4315,3528
bristol,other,foot,E02006889,E02003100,1,8662,7360
bristol,other,foot,E02006890,E02003007,1,1197,958
bristol,other,foot,E02006889,E02003114,1,3678,3003
bristol,other,foot,E02006889,E02003090,2,7285,5892
bristol,other,foot,E02006888,E02002251,1,6340,5542
bristol,other,foot,E02006888,E02003114,3,3435,2906
bristol,other,foot,E02006888,E02003115,1,6901,5966
bristol,other,foot,E02006887,E02003072,5,4323,3519
bristol,other,foot,E02006887,E02002251,3,5028,4159
bristol,other,foot,E02006887,E02003114,3,2231,1847
bristol,other,foot,E02006887,E02003115,1,3438,2852
bristol,other,foot,E02006889,E02003072,5,2907,2296
bristol,other,foot,E02006890,E02003100,1,8025,6931
bristol,other,foot,E02006887,E02003100,3,10332,8770
bristol,other,foot,E02006888,E02003100,1,14012,12112
bristol,other,bus,E02006888,E02003110,1,5024,1914
bristol,other,bus,E02006889,E02003110,4,2397,906
bristol,other,bus,E02006887,E02003114,2,2841,980
bristol,other,bus,E02003064,E02000001,1,3709,963
bristol,other,bus,E02006889,E02003115,3,2479,1035
bristol,other,bus,E02006890,E02003115,2,2292,735
bristol,other,bus,E02006887,E02003115,2,5590,1426
bristol,other,bus,E02003064,E02003114,1,5494,1380
bristol,other,bus,E02006888,E02003114,1,7104,2375
bristol,other,bus,E02006890,E02003114,1,1470,1205
bristol,other,bus,E02006890,E02003110,2,3163,2594
bristol,other,bus,E02006887,E02003110,5,2983,1071
bristol,other,bus,E02006890,E02000001,1,17462,4820
bristol,other,bus,E02003064,E02003077,3,3709,963
bristol,other,bus,E02006890,E02003118,1,2292,735
bristol,other,bus,E02006888,E02003070,1,10058,2119
bristol,other,bus,E02006889,E02003117,2,3625,1424
bristol,other,bus,E02003064,E02003072,3,3625,1072
bristol,other,bus,E02006887,E02003070,4,6460,1621
bristol,other,bus,E02006889,E02003070,2,5867,1755
bristol,other,bus,E02006887,E02003077,10,9275,3036
bristol,other,bus,E02006888,E02003117,1,7861,1987
bristol,other,bus,E02006888,E02003118,4,19161,3444
bristol,other,bus,E02006887,E02003117,2,5686,2140
bristol,other,bus,E02006890,E02003070,1,5464,1957
bristol,other,bus,E02006889,E02003077,6,7202,2323
bristol,other,bus,E02006890,E02003077,3,17462,4820
bristol,other,bus,E02006890,E02003117,6,11834,4007
bristol,other,bus,E02006890,E02003072,3,3163,2594
bristol,other,bicycle,E02006890,E02003115,7,5522,1195
bristol,other,bicycle,E02006889,E02003115,1,5302,1134
bristol,other,bicycle,E02006888,E02003115,2,7798,2062
bristol,other,bus,E02006888,E02003108,6,7104,2375
bristol,other,bus,E02006887,E02003108,1,2841,980
bristol,other,bus,E02006889,E02002991,1,7202,2323
bristol,other,bus,E02006890,E02003108,4,1470,1205
bristol,other,bus,E02006890,E02002991,2,17462,4820
bristol,other,foot,E02006890,E02003070,1,4114,3381
bristol,other,foot,E02006890,E02003110,1,4192,3399
bristol,other,foot,E02006890,E02003121,1,4284,3502
bristol,other,foot,E02006889,E02002168,1,4315,3528
bristol,other,foot,E02006889,E02003070,1,3997,3294
bristol,other,foot,E02006889,E02003110,3,3678,3003
bristol,other,foot,E02006888,E02003004,1,14012,12112
bristol,other,foot,E02006888,E02003070,1,7088,6179
bristol,other,foot,E02006887,E02003070,3,5413,4516
bristol,other,foot,E02006887,E02003121,1,2688,2178
bristol,other,foot,E02003064,E02003004,1,12204,10378
bristol,other,foot,E02003064,E02003070,1,6360,5452
bristol,other,foot,E02006889,E02003120,2,2062,1682
bristol,other,foot,E02006887,E02002168,21,5028,4159
bristol,other,driving,E02006889,E02003117,5,1354,327
bristol,other,driving,E02006890,E02002985,3,2139,438
bristol,other,driving,E02006890,E02003117,13,1197,241
bristol,other,driving,E02006890,E02003107,26,1535,277
bristol,other,passenger,E02006890,E02003107,1,1535,277
bristol,other,driving,E02006890,E02003101,3,4208,575
bristol,other,passenger,E02006890,E02003101,1,4208,575
bristol,other,driving,E02006890,E02003105,7,2376,339
bristol,other,driving,E02006890,E02003115,5,4702,745
bristol,other,passenger,E02006890,E02003115,1,4702,745
bristol,other,driving,E02006889,E02002985,3,2101,456
bristol,other,driving,E02006890,E02003114,4,8876,1118
bristol,other,driving,E02006890,E02003066,1,4075,671
bristol,other,driving,E02006890,E02003110,9,3409,486
bristol,other,passenger,E02006890,E02003110,1,3409,486
bristol,other,driving,E02006890,E02003106,62,7663,997
bristol,other,passenger,E02006890,E02003106,8,7663,997
bristol,other,driving,E02006890,E02003097,3,32812,2157
bristol,other,driving,E02006889,E02003108,13,1705,331
bristol,other,passenger,E02006889,E02003108,3,1705,331
bristol,other,driving,E02006889,E02004662,1,2579,398
bristol,other,taxi,E02006889,E02003115,1,3716,606
bristol,other,driving,E02006889,E02003115,6,3716,606
bristol,other,passenger,E02006889,E02003115,1,3716,606
bristol,other,driving,E02006888,E02004662,1,6333,810
bristol,other,driving,E02006888,E02003110,7,4771,603
bristol,other,driving,E02006888,E02003114,1,2420,348
bristol,other,driving,E02006890,E02004665,3,5796,773
bristol,other,passenger,E02006890,E02004665,1,5796,773
bristol,other,driving,E02006887,E02003107,21,1872,280
bristol,other,passenger,E02006887,E02003107,1,1872,280
bristol,other,driving,E02006888,E02003115,10,4404,571
bristol,other,driving,E02006890,E02003100,30,26869,2839
bristol,other,passenger,E02006890,E02003100,3,26869,2839
bristol,other,driving,E02006888,E02003105,2,5939,706
bristol,other,driving,E02006890,E02003094,26,15376,1822
bristol,other,passenger,E02006890,E02003094,3,15376,1822
bristol,other,passenger,E02006888,E02003101,1,4015,570
bristol,other,driving,E02006890,E02003098,20,25291,2209
bristol,other,passenger,E02006890,E02003098,1,25291,2209
bristol,other,driving,E02006888,E02002985,1,7243,983
bristol,other,driving,E02006888,E02003117,5,7345,998
bristol,other,driving,E02006889,E02003106,37,7182,971
bristol,other,passenger,E02006889,E02003106,1,7182,971
bristol,other,driving,E02003064,E02003106,13,3551,516
bristol,other,passenger,E02003064,E02003106,1,3551,516
bristol,other,driving,E02006889,E02003110,5,2423,347
bristol,other,passenger,E02006889,E02003110,2,2423,347
bristol,other,driving,E02006888,E02003066,1,8040,1159
bristol,other,driving,E02006887,E02003114,4,6500,779
bristol,other,driving,E02006887,E02004662,1,3031,445
bristol,other,driving,E02003064,E02003115,3,3042,450
bristol,other,driving,E02006887,E02002985,1,3923,664
bristol,other,taxi,E02006887,E02003108,2,2386,355
bristol,other,driving,E02006887,E02003108,11,2386,355
bristol,other,driving,E02006888,E02003108,15,8325,1060
bristol,other,passenger,E02006888,E02003108,2,8325,1060
bristol,other,driving,E02006887,E02003066,1,5949,964
bristol,other,driving,E02006887,E02004665,1,7397,938
bristol,other,driving,E02003064,E02003108,13,4211,570
bristol,other,driving,E02006889,E02003114,4,7628,1027
bristol,other,driving,E02003064,E02003107,12,3697,495
bristol,other,passenger,E02003064,E02003107,2,3697,495
bristol,other,driving,E02006887,E02003110,9,2420,321
bristol,other,passenger,E02006887,E02003110,1,2420,321
bristol,other,driving,E02006889,E02003094,15,15428,1907
bristol,other,passenger,E02006889,E02003094,3,15428,1907
bristol,other,driving,E02006889,E02003101,2,3726,549
bristol,other,passenger,E02006889,E02003101,2,3726,549
bristol,other,driving,E02006887,E02003115,2,2858,427
bristol,other,driving,E02003064,E02003105,2,2598,302
bristol,other,driving,E02003064,E02002985,5,5618,815
bristol,other,driving,E02003064,E02003114,2,5623,661
bristol,other,driving,E02003064,E02003094,7,25338,2122
bristol,other,driving,E02006887,E02003106,59,5941,701
bristol,other,passenger,E02006887,E02003106,2,5941,701
bristol,other,driving,E02006888,E02004665,1,11863,1603
bristol,other,passenger,E02006888,E02004665,1,11863,1603
bristol,other,driving,E02006889,E02003098,12,21572,2390
bristol,other,passenger,E02006889,E02003098,2,21572,2390
bristol,other,driving,E02006887,E02003094,8,23514,1906
bristol,other,passenger,E02006887,E02003094,1,23514,1906
bristol,other,driving,E02006888,E02003094,19,20865,2224
bristol,other,passenger,E02006888,E02003094,5,20865,2224
bristol,other,driving,E02003064,E02003117,8,5000,752
bristol,other,driving,E02003064,E02003110,5,2727,372
bristol,other,passenger,E02003064,E02003110,1,2727,372
bristol,other,driving,E02006890,E02004662,1,3565,537
bristol,other,driving,E02006888,E02003100,17,31640,2804
bristol,other,driving,E02006887,E02003098,13,26892,2374
bristol,other,passenger,E02006887,E02003098,1,26892,2374
bristol,other,driving,E02003064,E02003066,2,7258,1079
bristol,other,driving,E02006888,E02003107,15,7108,940
bristol,other,passenger,E02006888,E02003107,4,7108,940
bristol,other,driving,E02006889,E02003100,14,27052,2923
bristol,other,passenger,E02006889,E02003100,1,27052,2923
bristol,other,driving,E02006887,E02003100,23,31970,2993
bristol,other,passenger,E02006887,E02003100,3,31970,2993
bristol,other,driving,E02003064,E02003098,8,40113,2379
bristol,other,driving,E02006888,E02003097,1,46656,2588
bristol,other,driving,E02003064,E02003100,17,32345,3031
bristol,other,passenger,E02003064,E02003100,1,32345,3031
bristol,other,driving,E02006889,E02003093,2,253964,9945
bristol,other,driving,E02006890,E02003093,4,253429,9859
bristol,other,driving,E02006889,E02003097,2,34546,2407
bristol,other,driving,E02006887,E02003093,1,255541,9795
bristol,other,driving,E02006888,E02003093,1,260031,9913
bristol,other,driving,E02003064,E02003093,2,253365,9603
bristol,other,driving,E02006889,E02003105,2,1895,312
bristol,other,driving,E02006887,E02003117,2,3176,536
bristol,other,driving,E02006888,E02003098,4,27010,2707
bristol,other,passenger,E02006888,E02003098,4,27010,2707
bristol,other,bus,E02006888,E02003092,2,7104,2375
bristol,other,bus,E02003064,E02003068,1,2603,1043
bristol,other,bus,E02006888,E02003068,1,14972,3287
bristol,other,bus,E02003064,E02003092,1,5494,1380
bristol,other,bus,E02006890,E02003092,7,1470,1205
bristol,other,bus,E02006890,E02003068,1,3988,1320
bristol,other,bus,E02006889,E02003068,1,2250,1393
bristol,weston-super-mare,driving,E02006890,E02003089,1,2006,348
bristol,other,driving,E02006890,E02002996,3,3514,575
bristol,other,driving,E02006890,E02003111,5,5709,810
bristol,other,driving,E02006889,E02004639,1,1354,327
bristol,other,driving,E02006890,E02003121,4,2376,339
bristol,other,passenger,E02006890,E02003121,1,2376,339
bristol,other,driving,E02006889,E02003119,4,4607,794
bristol,other,passenger,E02006889,E02003119,1,4607,794
bristol,other,driving,E02006890,E02003067,3,253429,9859
bristol,other,driving,E02006890,E02003072,2,3565,537
bristol,weston-super-mare,driving,E02006889,E02003084,6,6579,1166
bristol,other,driving,E02006890,E02003118,9,26869,2839
bristol,other,driving,E02006889,E02006684,1,7628,1027
bristol,other,driving,E02006889,E02003071,1,5583,921
bristol,other,driving,E02006889,E02003072,4,2579,398
bristol,weston-super-mare,driving,E02006888,E02003089,1,9225,1254
bristol,other,passenger,E02006888,E02003111,1,3903,509
bristol,other,passenger,E02006888,E02003116,1,7179,1000
bristol,other,driving,E02006888,E02003119,3,6758,889
bristol,other,passenger,E02006888,E02003119,1,6758,889
bristol,other,driving,E02006888,E02003088,2,8325,1060
bristol,other,driving,E02006890,E02003116,1,3029,597
bristol,other,driving,E02006888,E02003095,2,46656,2588
bristol,other,driving,E02006887,E02004642,1,5949,964
bristol,other,driving,E02006887,E02003118,4,31970,2993
bristol,other,driving,E02006888,E02003072,1,6333,810
bristol,other,driving,E02006887,E02003119,3,5692,799
bristol,other,taxi,E02006888,E02003118,1,31640,2804
bristol,other,driving,E02006888,E02003118,5,31640,2804
bristol,other,driving,E02006887,E02003111,4,3943,547
bristol,weston-super-mare,driving,E02006889,E02003089,1,2580,506
bristol,weston-super-mare,driving,E02006887,E02003084,2,10297,1166
bristol,other,driving,E02006890,E02004639,5,1197,241
bristol,other,driving,E02003064,E02003076,4,25338,2122
bristol,other,passenger,E02003064,E02003076,1,25338,2122
bristol,other,driving,E02006890,E02004642,4,4075,671
bristol,other,driving,E02003064,E02003095,3,39990,2278
bristol,weston-super-mare,driving,E02006887,E02003089,1,4402,714
bristol,other,driving,E02003064,E02003119,3,6066,837
bristol,other,driving,E02003064,E02002996,2,4787,642
bristol,other,passenger,E02003064,E02002996,1,4787,642
bristol,other,driving,E02006887,E02004656,1,2420,321
bristol,other,driving,E02006890,E02006492,1,2139,438
bristol,other,driving,E02006890,E02003120,9,4208,575
bristol,other,driving,E02006889,E02003116,1,2991,615
bristol,weston-super-mare,driving,E02003064,E02003084,1,12121,1381
bristol,other,driving,E02003064,E02003118,4,32345,3031
bristol,other,passenger,E02003064,E02003118,1,32345,3031
bristol,other,driving,E02006887,E02003113,4,26892,2374
bristol,other,passenger,E02006887,E02003113,1,26892,2374
bristol,other,driving,E02006889,E02003111,2,4723,671
bristol,other,driving,E02006890,E02003119,2,5032,826
bristol,other,passenger,E02006890,E02003119,1,5032,826
bristol,other,driving,E02006890,E02003071,1,5796,773
bristol,other,driving,E02006889,E02003121,1,1895,312
bristol,other,driving,E02006889,E02003088,1,1705,331
bristol,other,driving,E02006887,E02003120,2,2558,316
bristol,other,driving,E02006888,E02003120,3,4015,570
bristol,other,passenger,E02006888,E02003120,1,4015,570
bristol,other,driving,E02006887,E02003088,4,2386,355
bristol,other,driving,E02006888,E02003121,1,5939,706
bristol,other,driving,E02006887,E02002996,1,4435,637
bristol,other,passenger,E02006887,E02002996,1,4435,637
bristol,other,driving,E02006887,E02003072,3,3031,445
bristol,other,driving,E02006890,E02006684,1,8876,1118
bristol,other,passenger,E02006890,E02006684,1,8876,1118
bristol,other,driving,E02006889,E02003120,2,3726,549
bristol,other,passenger,E02006889,E02003120,1,3726,549
bristol,other,driving,E02003064,E02003121,8,2598,302
bristol,other,driving,E02006887,E02003116,1,4813,823
bristol,other,driving,E02003064,E02003088,5,4211,570
bristol,other,passenger,E02003064,E02003088,1,4211,570
bristol,other,driving,E02003064,E02003072,4,4174,582
bristol,weston-super-mare,driving,E02006890,E02003084,3,8696,1000
bristol,other,driving,E02006890,E02003113,2,25291,2209
bristol,other,driving,E02006889,E02003118,2,27052,2923
bristol,other,passenger,E02006889,E02003118,2,27052,2923
bristol,other,driving,E02006887,E02003076,3,23514,1906
bristol,other,driving,E02006887,E02003095,3,34413,2322
bristol,other,driving,E02006889,E02003076,6,15428,1907
bristol,other,driving,E02006890,E02003076,3,15376,1822
bristol,other,passenger,E02006890,E02003076,1,15376,1822
bristol,other,driving,E02003064,E02003113,3,40113,2379
bristol,other,passenger,E02003064,E02003113,2,40113,2379
bristol,other,driving,E02006887,E02003067,5,255541,9795
bristol,other,driving,E02003064,E02003067,3,253365,9603
bristol,other,driving,E02006889,E02003067,2,253964,9945
bristol,other,passenger,E02006889,E02003067,1,253964,9945
bristol,other,driving,E02006888,E02003067,3,260031,9913
cullompton,other,bicycle,E02004170,E02004169,14,5359,1112
cullompton,other,bicycle,E02004170,E02004171,9,5077,1476
cullompton,tiverton,driving,E02004170,E02004167,114,9443,817
cullompton,tiverton,passenger,E02004170,E02004167,10,9443,817
cullompton,wellington,driving,E02004170,E02006111,19,25314,1386
cullompton,wellington,passenger,E02004170,E02006111,2,25314,1386
cullompton,taunton,driving,E02004170,E02006109,13,29947,1659
cullompton,other,driving,E02004170,E02004134,121,12376,816
cullompton,other,passenger,E02004170,E02004134,14,12376,816
cullompton,taunton,driving,E02004170,E02006104,8,33799,1597
cullompton,exeter,driving,E02004170,E02004159,285,20699,1263
cullompton,exeter,passenger,E02004170,E02004159,27,20699,1263
cullompton,taunton,driving,E02004170,E02006108,15,31348,1842
cullompton,taunton,passenger,E02004170,E02006108,1,31348,1842
cullompton,other,driving,E02004170,E02004142,41,25672,1355
cullompton,other,passenger,E02004170,E02004142,6,25672,1355
cullompton,other,driving,E02004170,E02004166,42,12635,1161
cullompton,other,passenger,E02004170,E02004166,6,12635,1161
cullompton,other,taxi,E02004170,E02004164,1,27554,1501
cullompton,other,driving,E02004170,E02004164,18,27554,1501
cullompton,exeter,driving,E02004170,E02004151,34,20720,1321
cullompton,other,driving,E02004170,E02004141,18,30693,1680
cullompton,other,passenger,E02004170,E02004141,1,30693,1680
cullompton,other,driving,E02004170,E02004171,87,5077,491
cullompton,other,passenger,E02004170,E02004171,17,5077,491
cullompton,taunton,driving,E02004170,E02006106,5,30026,1643
cullompton,taunton,passenger,E02004170,E02006106,1,30026,1643
cullompton,wellington,driving,E02004170,E02006110,19,25059,1337
cullompton,wellington,passenger,E02004170,E02006110,1,25059,1337
cullompton,exeter,driving,E02004170,E02004155,14,21111,1334
cullompton,other,driving,E02004170,E02004130,17,18430,1469
cullompton,tiverton,driving,E02004170,E02004165,12,11536,1051
cullompton,tiverton,passenger,E02004170,E02004165,1,11536,1051
cullompton,exeter,driving,E02004170,E02004149,23,19377,1578
cullompton,exeter,passenger,E02004170,E02004149,3,19377,1578
cullompton,exeter,driving,E02004170,E02004154,6,21898,1458
cullompton,other,driving,E02004170,E02004131,17,20073,1658
cullompton,other,passenger,E02004170,E02004131,1,20073,1658
cullompton,exeter,driving,E02004170,E02004152,23,19438,1559
cullompton,exeter,passenger,E02004170,E02004152,1,19438,1559
cullompton,tiverton,driving,E02004170,E02004168,91,10319,901
cullompton,tiverton,passenger,E02004170,E02004168,6,10319,901
cullompton,exeter,driving,E02004170,E02004163,6,24327,1466
cullompton,exeter,driving,E02004170,E02004157,29,25535,1591
cullompton,exeter,passenger,E02004170,E02004157,1,25535,1591
cullompton,taunton,driving,E02004170,E02006105,12,36015,1832
cullompton,other,driving,E02004170,E02004172,5,44035,3299
cullompton,other,passenger,E02004170,E02004172,1,44035,3299
cullompton,other,driving,E02004170,E02004147,15,31246,1866
cullompton,other,passenger,E02004170,E02004147,1,31246,1866
cullompton,exeter,driving,E02004170,E02004162,90,30264,1471
cullompton,exeter,passenger,E02004170,E02004162,6,30264,1471
cullompton,other,driving,E02004170,E02004132,31,14179,1302
cullompton,other,passenger,E02004170,E02004132,8,14179,1302
cullompton,other,driving,E02004170,E02004174,18,29725,2246
cullompton,other,passenger,E02004170,E02004174,2,29725,2246
cullompton,other,driving,E02004170,E02004136,9,31843,1643
cullompton,other,passenger,E02004170,E02004136,3,31843,1643
cullompton,other,driving,E02004170,E02004129,13,26473,2210
cullompton,other,driving,E02004170,E02004187,10,47954,2415
cullompton,exeter,driving,E02004170,E02004150,5,18258,1445
cullompton,taunton,driving,E02004170,E02006100,5,37582,1971
cullompton,taunton,passenger,E02004170,E02006100,1,37582,1971
cullompton,exeter,taxi,E02004170,E02004156,1,20825,1783
cullompton,exeter,driving,E02004170,E02004156,105,20825,1783
cullompton,exeter,passenger,E02004170,E02004156,15,20825,1783
cullompton,other,driving,E02004170,E02004140,10,37722,2278
cullompton,other,driving,E02004170,E02004214,8,46994,2151
cullompton,other,passenger,E02004170,E02004214,1,46994,2151
cullompton,other,driving,E02004170,E02004202,18,27284,1584
cullompton,other,foot,E02004170,E02004171,8,5076,4458
cullompton,other,foot,E02004170,E02004169,6,5359,4419
cullompton,tiverton,foot,E02004170,E02004168,5,9716,8511
cullompton,tiverton,foot,E02004170,E02004167,5,9075,7959
cullompton,other,foot,E02004170,E02004166,8,11600,9676
cullompton,other,foot,E02004170,E02004174,5,23189,19481
cullompton,exeter,bus,E02004170,E02004152,9,20155,2800
cullompton,other,bus,E02004170,E02004169,29,5888,1206
cullompton,tiverton,bus,E02004170,E02004167,6,50364,5324
cullompton,exeter,bus,E02004170,E02004161,8,21437,2975
cullompton,exeter,bus,E02004170,E02004159,8,21403,3424
cullompton,exeter,bus,E02004170,E02004162,6,24608,4535
cullompton,exeter,bus,E02004170,E02004157,5,23251,3145
exeter,other,bus,E02004151,E02004134,14,5364,1271
exeter,other,bus,E02004152,E02004134,9,8027,1727
exeter,other,bus,E02004153,E02004134,15,16294,4269
exeter,other,bus,E02004150,E02004134,17,7227,1800
exeter,other,bus,E02004156,E02004134,20,8907,2160
exeter,other,bus,E02004154,E02004134,10,7421,1684
exeter,other,bus,E02004158,E02004134,12,10218,3220
exeter,other,bus,E02004157,E02004134,7,9533,2541
exeter,other,bus,E02004155,E02004134,14,6298,1559
exeter,other,bus,E02004149,E02004134,6,11617,4823
exeter,other,train,E02004153,E02004214,5,33919,2548
exeter,other,train,E02004153,E02004142,1,14983,3472
exeter,other,train,E02004152,E02003148,6,86700,6070
exeter,other,train,E02004155,E02004130,1,30727,3626
exeter,other,train,E02004151,E02004130,3,24055,2634
exeter,other,train,E02004150,E02004142,2,10857,2659
exeter,other,train,E02004158,E02004214,3,34702,2859
exeter,other,train,E02004158,E02003148,5,86610,6061
exeter,other,train,E02004150,E02004214,1,37230,3775
exeter,other,train,E02004149,E02004130,2,29306,3466
exeter,other,train,E02004156,E02003148,11,85650,5561
exeter,other,train,E02004155,E02004142,1,10848,2745
exeter,other,train,E02004158,E02004130,3,30497,3775
exeter,other,train,E02004152,E02004147,6,16691,2179
exeter,other,train,E02004156,E02004214,3,33742,2419
exeter,taunton,train,E02004152,E02006105,1,51643,3566
exeter,taunton,train,E02004156,E02006105,5,50593,2457
exeter,other,train,E02004152,E02004214,1,34792,2928
exeter,other,train,E02004153,E02004130,1,29755,3153
exeter,other,train,E02004154,E02004214,3,37184,3789
exeter,other,train,E02004155,E02004147,1,16062,2876
exeter,other,train,E02004156,E02004147,9,17703,2611
exeter,taunton,train,E02004153,E02006105,1,50770,2586
exeter,taunton,train,E02004158,E02006105,1,51553,3077
exeter,other,train,E02004153,E02003148,5,85827,5690
exeter,other,train,E02004149,E02003148,7,86602,6210
exeter,other,train,E02004152,E02004130,5,28297,2693
exeter,other,train,E02004158,E02004142,1,15738,3423
exeter,other,train,E02004152,E02004142,1,11477,2048
exeter,other,train,E02004154,E02004130,1,30690,3554
exeter,other,train,E02004149,E02004214,1,34694,3008
exeter,other,train,E02004157,E02004147,1,19133,3804
exeter,other,train,E02004153,E02004147,2,20197,3603
exeter,other,train,E02004156,E02004142,4,12489,2480
exeter,other,train,E02004156,E02004130,3,27693,2131
exeter,other,train,E02004151,E02004142,2,12027,3700
exeter,taunton,train,E02004154,E02006105,1,54010,3420
exeter,other,train,E02004154,E02003148,3,89092,6811
exeter,bristol,train,E02004153,E02003043,2,124394,6107
exeter,other,train,E02004157,E02003148,15,87642,7151
exeter,other,train,E02004154,E02004142,5,10811,2673
exeter,other,train,E02004155,E02003148,1,89129,6883
exeter,bristol,train,E02004156,E02003043,8,124217,5978
exeter,other,train,E02004150,E02003148,1,89138,6797
exeter,bristol,train,E02004151,E02003043,2,130372,7238
exeter,bristol,train,E02004149,E02003043,1,125169,6687
exeter,other,train,E02004154,E02004147,3,16025,2804
exeter,other,bus,E02004151,E02004171,7,3762,1304
exeter,other,bus,E02004158,E02004174,4,882,533
exeter,other,bus,E02004150,E02004171,5,2277,1809
exeter,other,bus,E02004151,E02004202,3,1941,1577
exeter,other,bus,E02004153,E02004142,7,16294,4269
exeter,other,bus,E02004150,E02004202,6,2053,1573
exeter,other,bus,E02004149,E02004174,3,7796,2332
exeter,other,bus,E02004151,E02004142,4,5364,1271
exeter,other,bus,E02004153,E02004171,3,8700,2133
exeter,other,bus,E02004157,E02004142,11,9533,2541
exeter,other,bus,E02004156,E02004171,1,1297,1080
exeter,other,bus,E02004157,E02004202,2,3131,1401
exeter,other,bus,E02004158,E02004171,3,2649,1203
exeter,other,bus,E02004152,E02004202,4,3564,1337
exeter,other,bus,E02004149,E02004142,3,11617,4823
exeter,other,bus,E02004158,E02004142,6,10218,3220
exeter,other,bus,E02004156,E02004174,5,2274,1739
exeter,other,bus,E02004152,E02004142,9,8027,1727
exeter,other,bus,E02004155,E02004174,1,6502,3155
exeter,other,bus,E02004153,E02004202,5,6771,2531
exeter,other,bus,E02004156,E02004202,12,3796,1328
exeter,other,bus,E02004154,E02004202,6,1462,1151
exeter,other,bus,E02004154,E02004142,15,7421,1684
exeter,other,bus,E02004149,E02004202,2,8880,2538
exeter,other,bus,E02004158,E02004202,5,7939,2334
exeter,other,bus,E02004156,E02004142,9,8907,2160
exeter,other,bus,E02004150,E02004142,9,7227,1800
exeter,other,bus,E02004155,E02004142,5,6298,1559
exeter,other,bus,E02004153,E02004174,1,6551,1604
exeter,other,bus,E02004155,E02004171,6,3921,1826
exeter,other,bus,E02004152,E02004174,1,3570,1434
exeter,other,bicycle,E02004163,E02004142,17,5326,1185
exeter,other,bicycle,E02004157,E02004202,4,7010,1533
exeter,other,bicycle,E02004161,E02004202,4,6112,1425
exeter,other,bicycle,E02004162,E02004142,4,10792,2247
exeter,other,bicycle,E02004161,E02004134,3,8323,1811
exeter,other,bicycle,E02004154,E02004134,5,7393,1502
exeter,other,bicycle,E02004159,E02004134,6,7007,1394
exeter,other,bicycle,E02004163,E02004134,3,10675,2203
exeter,other,bicycle,E02004163,E02004202,4,4954,1328
exeter,other,bicycle,E02004155,E02004134,6,6000,1319
exeter,other,bicycle,E02004162,E02004134,1,12923,2696
exeter,other,bicycle,E02004150,E02004134,2,6427,1229
exeter,other,bicycle,E02004156,E02004134,2,9008,1840
exeter,other,bicycle,E02004157,E02004134,5,8948,1826
exeter,other,bicycle,E02004159,E02004202,3,6650,1455
exeter,other,bicycle,E02004158,E02004202,5,8580,1904
exeter,other,bicycle,E02004161,E02004142,7,8660,1792
exeter,other,bicycle,E02004155,E02004202,1,7754,1702
exeter,other,bicycle,E02004153,E02004202,5,9531,2028
exeter,other,bicycle,E02004160,E02004202,3,8998,1959
exeter,other,bicycle,E02004156,E02004202,2,8840,1917
exeter,other,bicycle,E02004154,E02004202,3,7899,1735
exeter,other,bicycle,E02004159,E02004142,11,8645,1797
exeter,other,bicycle,E02004154,E02004142,12,10448,2102
exeter,other,bicycle,E02004158,E02004142,4,12465,2555
exeter,other,bicycle,E02004155,E02004142,4,10227,2172
exeter,other,bicycle,E02004153,E02004142,2,13416,2679
exeter,other,bicycle,E02004151,E02004202,1,8719,1904
exeter,other,bicycle,E02004157,E02004142,9,9558,1901
exeter,other,bicycle,E02004158,E02004134,5,10363,2225
exeter,other,bicycle,E02004152,E02004202,1,9205,1986
exeter,other,bicycle,E02004151,E02004134,3,4788,972
exeter,other,bicycle,E02004150,E02004202,2,10358,2162
exeter,other,bicycle,E02004152,E02004142,1,11412,2283
exeter,other,bicycle,E02004151,E02004142,5,10714,2246
exeter,other,bicycle,E02004149,E02004134,1,8560,1643
exeter,other,bicycle,E02004149,E02004202,2,10736,2242
exeter,other,bicycle,E02004150,E02004142,2,12353,2504
exeter,other,bicycle,E02004156,E02004142,4,10584,2224
exeter,other,bicycle,E02004160,E02004134,1,11032,2337
exeter,other,bicycle,E02004153,E02004134,3,10778,2354
exeter,other,bicycle,E02004149,E02004142,3,12336,2459
exeter,other,foot,E02004161,E02004142,2,8546,7054
exeter,other,foot,E02004163,E02004142,3,5233,4363
exeter,other,foot,E02004162,E02004202,9,5250,4478
exeter,other,foot,E02004161,E02004171,4,15664,13194
exeter,other,foot,E02004160,E02004202,2,7343,6181
exeter,other,foot,E02004159,E02004134,2,6919,5605
exeter,other,foot,E02004157,E02004202,1,6740,5571
exeter,other,foot,E02004163,E02004134,1,10177,8355
exeter,other,foot,E02004159,E02004142,6,8022,6550
exeter,other,foot,E02004161,E02004202,5,5883,4922
exeter,other,foot,E02004160,E02004171,7,16647,14393
exeter,other,foot,E02004161,E02004134,9,7446,6150
exeter,other,foot,E02004162,E02004134,14,10837,8964
exeter,other,foot,E02004160,E02004134,5,10312,8506
exeter,other,foot,E02004162,E02004142,1,10193,8422
exeter,other,foot,E02004158,E02004202,3,7270,6143
exeter,other,foot,E02004157,E02004171,2,15081,13068
exeter,other,foot,E02004159,E02004202,7,6084,5012
exeter,other,foot,E02004162,E02004171,3,17172,14850
exeter,other,foot,E02004158,E02004171,5,15977,13882
exeter,other,foot,E02004149,E02004142,6,12218,9956
exeter,other,foot,E02004158,E02004134,12,9642,7996
exeter,other,foot,E02004156,E02004171,7,14718,12733
exeter,other,foot,E02004157,E02004142,1,9466,7753
exeter,other,foot,E02004156,E02004202,2,7707,6363
exeter,other,foot,E02004155,E02004134,3,5703,4676
exeter,other,foot,E02004155,E02004202,6,7463,6184
exeter,other,foot,E02004155,E02004142,1,9018,7476
exeter,other,foot,E02004157,E02004134,5,8349,6829
exeter,other,foot,E02004152,E02004134,19,7438,6068
exeter,other,foot,E02004155,E02004171,1,13921,11719
exeter,other,foot,E02004156,E02004134,26,8384,6846
exeter,other,foot,E02004151,E02004202,2,8673,7182
exeter,other,foot,E02004152,E02004171,3,13737,11928
exeter,other,foot,E02004154,E02004134,19,6895,5599
exeter,other,foot,E02004150,E02004134,6,5887,4727
exeter,other,foot,E02004151,E02004134,2,4736,3822
exeter,other,foot,E02004153,E02004202,3,8827,7279
exeter,other,foot,E02004152,E02004202,1,8435,6971
exeter,other,foot,E02004150,E02004171,3,12296,10571
exeter,other,foot,E02004151,E02004171,1,12954,10866
exeter,other,foot,E02004153,E02004171,3,16263,13634
exeter,other,foot,E02004153,E02004134,11,10081,8348
exeter,other,foot,E02004153,E02004142,1,12201,10080
exeter,other,foot,E02004154,E02004142,1,10078,8320
exeter,other,foot,E02004150,E02004142,2,11001,8962
exeter,other,foot,E02004151,E02004142,1,9873,8114
exeter,other,foot,E02004154,E02004171,4,14101,12232
exeter,other,foot,E02004152,E02004142,4,11161,9153
exeter,other,foot,E02004149,E02004134,4,8021,6474
exeter,other,foot,E02004150,E02004202,2,9003,7377
exeter,other,foot,E02004151,E02004178,11,77631,64991
exeter,other,driving,E02004163,E02004207,13,25147,1448
exeter,other,driving,E02004163,E02004214,9,26939,1621
exeter,other,driving,E02004163,E02004202,25,6759,660
exeter,other,passenger,E02004163,E02004202,1,6759,660
exeter,cullompton,driving,E02004163,E02004170,8,24209,1440
exeter,other,driving,E02004162,E02004201,19,7192,584
exeter,other,driving,E02004163,E02004141,14,14676,1209
exeter,other,driving,E02004163,E02004147,13,11442,1099
exeter,other,driving,E02004163,E02004146,6,11472,1096
exeter,cullompton,driving,E02004162,E02004170,10,29135,1310
exeter,other,driving,E02004163,E02004144,2,10133,927
exeter,other,passenger,E02004163,E02004144,1,10133,927
exeter,other,driving,E02004162,E02004171,8,33869,1679
exeter,other,passenger,E02004162,E02004171,1,33869,1679
exeter,other,driving,E02004162,E02004214,10,26066,1277
exeter,other,passenger,E02004162,E02004214,1,26066,1277
exeter,other,driving,E02004162,E02004134,72,17638,1079
exeter,other,passenger,E02004162,E02004134,6,17638,1079
exeter,other,driving,E02004162,E02004129,4,42965,2026
exeter,other,driving,E02004162,E02004169,10,32800,1502
exeter,other,passenger,E02004162,E02004169,1,32800,1502
exeter,other,driving,E02004162,E02004136,4,26107,1316
exeter,other,driving,E02004163,E02004148,6,12293,1175
exeter,other,driving,E02004163,E02004136,4,20280,1490
exeter,other,passenger,E02004163,E02004136,1,20280,1490
exeter,other,driving,E02004161,E02004207,10,25579,1517
exeter,other,passenger,E02004161,E02004207,1,25579,1517
exeter,other,driving,E02004162,E02004207,25,24274,1104
exeter,other,driving,E02004161,E02004146,7,15391,1491
exeter,other,passenger,E02004161,E02004146,1,15391,1491
exeter,other,driving,E02004159,E02004147,15,14050,1278
exeter,other,passenger,E02004159,E02004147,1,14050,1278
exeter,other,driving,E02004161,E02004171,7,17073,1554
exeter,other,driving,E02004161,E02004141,11,14807,1308
exeter,other,passenger,E02004161,E02004141,1,14807,1308
exeter,other,driving,E02004161,E02004129,2,34459,1972
exeter,other,driving,E02004161,E02004148,2,16212,1569
exeter,other,driving,E02004163,E02003156,2,32185,1850
exeter,other,driving,E02004162,E02004144,3,20174,1233
exeter,other,passenger,E02004162,E02004144,1,20174,1233
exeter,other,taxi,E02004163,E02004130,1,28476,1720
exeter,other,driving,E02004163,E02004130,8,28476,1720
exeter,cullompton,driving,E02004161,E02004170,13,21147,1319
exeter,other,driving,E02004162,E02004142,62,15908,895
exeter,other,passenger,E02004162,E02004142,3,15908,895
exeter,other,driving,E02004162,E02004174,23,15216,1464
exeter,other,passenger,E02004162,E02004174,1,15216,1464
exeter,other,driving,E02004163,E02003126,4,69562,3117
exeter,other,driving,E02004163,E02004171,5,19455,1769
exeter,other,passenger,E02004163,E02004171,2,19455,1769
exeter,other,driving,E02004162,E02004141,10,20930,1220
exeter,other,driving,E02004160,E02004201,24,5664,519
exeter,other,passenger,E02004160,E02004201,3,5664,519
exeter,other,driving,E02004163,E02004169,5,27873,1632
exeter,other,driving,E02004162,E02004140,10,27958,1818
exeter,other,passenger,E02004162,E02004140,1,27958,1818
exeter,tiverton,driving,E02004161,E02004168,7,38622,1901
exeter,tiverton,passenger,E02004161,E02004168,3,38622,1901
exeter,other,driving,E02004161,E02004134,60,8166,912
exeter,other,passenger,E02004161,E02004134,10,8166,912
exeter,other,driving,E02004162,E02004148,4,22334,1481
exeter,other,passenger,E02004162,E02004148,1,22334,1481
exeter,tiverton,driving,E02004162,E02004167,4,43806,1738
exeter,other,driving,E02004163,E02004129,1,37138,2201
exeter,other,driving,E02004162,E02004147,6,21483,1406
exeter,other,driving,E02004163,E02004132,6,22565,1450
exeter,other,driving,E02004161,E02004201,8,9993,1160
exeter,other,passenger,E02004161,E02004201,1,9993,1160
exeter,other,driving,E02004161,E02004169,18,24812,1511
exeter,other,passenger,E02004161,E02004169,4,24812,1511
exeter,other,driving,E02004162,E02003156,6,31312,1506
exeter,other,driving,E02004161,E02004214,5,27371,1690
exeter,other,passenger,E02004161,E02004214,2,27371,1690
exeter,cullompton,driving,E02004160,E02004170,7,32111,1536
exeter,other,driving,E02004162,E02003126,3,68689,2773
exeter,other,driving,E02004162,E02004146,5,21513,1403
exeter,other,passenger,E02004162,E02004146,1,21513,1403
exeter,other,driving,E02004149,E02003148,6,75099,3883
exeter,other,driving,E02004161,E02004147,5,15361,1494
exeter,other,passenger,E02004161,E02004147,1,15361,1494
exeter,other,driving,E02004163,E02004140,10,23508,1861
exeter,tiverton,driving,E02004163,E02004167,3,38880,1868
exeter,other,driving,E02004163,E02004174,10,19388,1881
exeter,other,passenger,E02004163,E02004174,1,19388,1881
exeter,other,driving,E02004161,E02004174,18,16978,1617
exeter,other,driving,E02004162,E02004173,9,20205,2023
exeter,other,driving,E02004161,E02004144,1,14052,1321
exeter,other,driving,E02004162,E02004202,39,6285,554
exeter,other,passenger,E02004162,E02004202,3,6285,554
exeter,other,driving,E02004162,E02004130,13,34303,1545
exeter,other,passenger,E02004162,E02004130,1,34303,1545
exeter,other,driving,E02004161,E02004142,45,9786,984
exeter,other,passenger,E02004161,E02004142,5,9786,984
exeter,other,driving,E02004162,E02004132,9,28392,1275
exeter,other,driving,E02004163,E02004134,59,10547,1127
exeter,other,passenger,E02004163,E02004134,5,10547,1127
exeter,tiverton,driving,E02004162,E02004168,10,46609,1891
exeter,tiverton,driving,E02004163,E02004168,2,41683,2021
exeter,other,driving,E02004163,E02004142,60,5867,589
exeter,other,passenger,E02004163,E02004142,9,5867,589
exeter,other,driving,E02004161,E02004136,8,17601,1261
exeter,other,driving,E02004161,E02004130,5,25797,1491
exeter,other,driving,E02004160,E02004202,24,8624,904
exeter,other,passenger,E02004160,E02004202,4,8624,904
exeter,other,driving,E02004160,E02004129,1,45941,2253
exeter,other,driving,E02004161,E02004132,5,19886,1221
exeter,other,passenger,E02004161,E02004132,1,19886,1221
exeter,other,driving,E02004160,E02004207,14,27250,1331
exeter,other,passenger,E02004160,E02004207,2,27250,1331
exeter,other,taxi,E02004160,E02004130,2,37280,1772
exeter,other,driving,E02004160,E02004130,3,37280,1772
exeter,other,driving,E02004161,E02004202,26,7191,729
exeter,other,passenger,E02004161,E02004202,3,7191,729
exeter,other,driving,E02004160,E02004144,3,23150,1459
exeter,other,driving,E02004161,E02004173,6,21967,2175
exeter,other,passenger,E02004161,E02004173,1,21967,2175
exeter,other,driving,E02004160,E02004214,13,29042,1504
exeter,other,driving,E02004162,E02003148,3,70215,3075
exeter,other,driving,E02004161,E02003126,5,69994,3186
exeter,other,driving,E02004161,E02003156,5,32617,1919
exeter,other,driving,E02004160,E02004146,5,24489,1629
exeter,tiverton,driving,E02004161,E02004167,4,35818,1747
exeter,tiverton,passenger,E02004161,E02004167,1,35818,1747
exeter,other,driving,E02004160,E02004147,7,24459,1632
exeter,other,driving,E02004160,E02004171,10,18284,1767
exeter,other,passenger,E02004160,E02004171,1,18284,1767
exeter,other,driving,E02004161,E02003148,3,71520,3488
exeter,other,driving,E02004163,E02003148,2,71088,3419
exeter,other,driving,E02004160,E02004141,9,23906,1447
exeter,other,passenger,E02004160,E02004141,2,23906,1447
exeter,other,driving,E02004159,E02004130,9,24880,1349
exeter,other,driving,E02004160,E02004142,41,18885,1122
exeter,other,passenger,E02004160,E02004142,5,18885,1122
exeter,other,taxi,E02004159,E02004142,1,8476,768
exeter,other,driving,E02004159,E02004142,93,8476,768
exeter,other,passenger,E02004159,E02004142,7,8476,768
exeter,other,driving,E02004160,E02004136,1,29083,1542
exeter,other,passenger,E02004160,E02004136,1,29083,1542
exeter,other,driving,E02004159,E02004146,10,14080,1275
exeter,other,passenger,E02004159,E02004146,1,14080,1275
exeter,other,driving,E02004161,E02004140,6,21836,1907
exeter,other,passenger,E02004161,E02004140,1,21836,1907
exeter,tiverton,driving,E02004159,E02004167,19,34901,1606
exeter,other,driving,E02004159,E02004202,40,8208,761
exeter,other,passenger,E02004159,E02004202,4,8208,761
exeter,other,driving,E02004159,E02004201,19,17948,1229
exeter,tiverton,driving,E02004160,E02004167,11,46783,1965
exeter,other,driving,E02004158,E02004201,21,5942,625
exeter,other,passenger,E02004158,E02004201,6,5942,625
exeter,other,driving,E02004159,E02004144,2,12741,1105
exeter,tiverton,driving,E02004160,E02004168,5,25232,2031
exeter,other,driving,E02004159,E02004148,7,14901,1354
exeter,other,driving,E02004160,E02004173,5,18978,1839
exeter,other,passenger,E02004160,E02004173,1,18978,1839
exeter,other,driving,E02004159,E02004171,9,15858,1399
exeter,other,passenger,E02004159,E02004171,1,15858,1399
exeter,other,driving,E02004159,E02004132,14,18969,1079
exeter,other,passenger,E02004159,E02004132,1,18969,1079
exeter,other,driving,E02004158,E02004171,5,17621,1665
exeter,other,passenger,E02004158,E02004171,2,17621,1665
exeter,other,driving,E02004158,E02004202,26,8512,938
exeter,other,passenger,E02004158,E02004202,3,8512,938
exeter,other,driving,E02004160,E02004169,5,35776,1729
exeter,other,driving,E02004160,E02003156,3,34288,1733
exeter,other,passenger,E02004160,E02003156,1,34288,1733
exeter,other,taxi,E02004158,E02004130,1,36009,1852
exeter,other,driving,E02004158,E02004130,6,36009,1852
exeter,other,driving,E02004159,E02004214,15,29842,1623
exeter,tiverton,driving,E02004159,E02004168,8,37704,1759
exeter,other,driving,E02004159,E02004207,13,28050,1450
exeter,other,passenger,E02004159,E02004207,2,28050,1450
exeter,other,driving,E02004159,E02004136,12,16683,1120
exeter,other,driving,E02004159,E02004173,16,21502,2282
exeter,other,driving,E02004157,E02004174,16,14951,1367
exeter,other,driving,E02004157,E02004132,4,21385,1489
exeter,tiverton,taxi,E02004158,E02004168,2,24568,1929
exeter,tiverton,driving,E02004158,E02004168,7,24568,1929
exeter,tiverton,passenger,E02004158,E02004168,2,24568,1929
exeter,other,driving,E02004158,E02003148,6,71921,3382
exeter,other,driving,E02004157,E02004147,4,17509,1576
exeter,other,driving,E02004160,E02003148,1,73192,3302
exeter,tiverton,driving,E02004158,E02004167,10,25726,2021
exeter,other,taxi,E02004159,E02004134,1,6950,756
exeter,other,driving,E02004159,E02004134,126,6950,756
exeter,other,passenger,E02004159,E02004134,10,6950,756
exeter,other,driving,E02004158,E02004142,49,17614,1202
exeter,other,passenger,E02004158,E02004142,5,17614,1202
exeter,other,driving,E02004158,E02004148,5,24039,1788
exeter,other,driving,E02004160,E02003126,5,71665,3000
exeter,other,driving,E02004157,E02004146,3,17539,1573
exeter,other,passenger,E02004157,E02004146,1,17539,1573
exeter,other,driving,E02004158,E02004147,6,23188,1713
exeter,other,driving,E02004157,E02004171,5,15515,1658
exeter,other,passenger,E02004157,E02004171,1,15515,1658
exeter,other,driving,E02004159,E02004129,1,33541,1830
exeter,other,passenger,E02004159,E02004129,2,33541,1830
exeter,other,driving,E02004158,E02004169,13,34505,1809
exeter,other,passenger,E02004158,E02004169,1,34505,1809
exeter,other,driving,E02004158,E02003156,7,33017,1813
exeter,other,driving,E02004157,E02004173,3,19939,1926
exeter,other,passenger,E02004157,E02004173,1,19939,1926
exeter,cullompton,driving,E02004158,E02004170,8,30840,1617
exeter,cullompton,passenger,E02004158,E02004170,1,30840,1617
exeter,other,driving,E02004159,E02004174,36,16513,1724
exeter,other,driving,E02004157,E02004202,19,7954,800
exeter,other,passenger,E02004157,E02004202,1,7954,800
exeter,other,driving,E02004158,E02004134,65,10025,1291
exeter,other,passenger,E02004158,E02004134,9,10025,1291
exeter,other,driving,E02004160,E02004140,2,30935,2045
exeter,other,passenger,E02004160,E02004140,2,30935,2045
exeter,other,driving,E02004158,E02004214,21,27771,1584
exeter,other,driving,E02004158,E02004207,9,25979,1411
exeter,other,passenger,E02004158,E02004207,1,25979,1411
exeter,other,driving,E02004158,E02004144,4,21879,1540
exeter,other,driving,E02004159,E02004140,11,20526,1691
exeter,other,driving,E02004157,E02004148,5,18360,1651
exeter,other,driving,E02004158,E02003126,5,70394,3080
exeter,cullompton,driving,E02004159,E02004170,24,20230,1178
exeter,cullompton,passenger,E02004159,E02004170,4,20230,1178
exeter,other,driving,E02004158,E02004141,11,22635,1527
exeter,other,driving,E02004160,E02004174,20,13989,1281
exeter,other,passenger,E02004160,E02004174,1,13989,1281
exeter,other,driving,E02004159,E02004169,7,23894,1370
exeter,other,passenger,E02004159,E02004169,2,23894,1370
exeter,other,taxi,E02004158,E02004132,1,30098,1582
exeter,other,driving,E02004158,E02004132,8,30098,1582
exeter,other,passenger,E02004158,E02004132,1,30098,1582
exeter,other,driving,E02004158,E02004129,4,44670,2333
exeter,other,passenger,E02004158,E02004129,1,44670,2333
exeter,other,driving,E02004157,E02004136,7,19100,1530
exeter,other,driving,E02004157,E02004169,5,28887,1736
exeter,other,passenger,E02004157,E02004169,2,28887,1736
exeter,other,driving,E02004158,E02004136,8,27812,1623
exeter,other,passenger,E02004158,E02004136,1,27812,1623
exeter,other,driving,E02004157,E02004201,3,7966,910
exeter,tiverton,driving,E02004157,E02004167,9,39893,1972
exeter,other,driving,E02004157,E02004144,4,16200,1403
exeter,other,passenger,E02004157,E02004144,1,16200,1403
exeter,tiverton,driving,E02004157,E02004168,11,23592,1981
exeter,cullompton,driving,E02004157,E02004170,5,25222,1543
exeter,other,driving,E02004158,E02004173,6,18905,1840
exeter,other,passenger,E02004158,E02004173,4,18905,1840
exeter,other,driving,E02004158,E02004146,5,23218,1710
exeter,other,driving,E02004157,E02004141,5,16956,1390
exeter,other,driving,E02004159,E02003156,17,35088,1852
exeter,other,taxi,E02004158,E02004140,1,29664,2126
exeter,other,driving,E02004158,E02004140,11,29664,2126
exeter,other,driving,E02004156,E02004202,14,8979,987
exeter,other,passenger,E02004156,E02004202,5,8979,987
exeter,other,driving,E02004156,E02004171,7,16638,1491
exeter,other,driving,E02004157,E02004142,33,11934,1065
exeter,other,passenger,E02004157,E02004142,3,11934,1065
exeter,other,driving,E02004157,E02004207,10,27039,1542
exeter,other,driving,E02004159,E02004141,23,13497,1093
exeter,other,passenger,E02004159,E02004141,2,13497,1093
exeter,other,taxi,E02004160,E02004132,1,31369,1502
exeter,other,driving,E02004160,E02004132,7,31369,1502
exeter,other,driving,E02004159,E02003126,7,72464,3119
exeter,other,driving,E02004157,E02004214,7,28831,1715
exeter,other,passenger,E02004157,E02004214,1,28831,1715
exeter,other,taxi,E02004160,E02004134,1,10688,1393
exeter,other,driving,E02004160,E02004134,51,10688,1393
exeter,other,passenger,E02004160,E02004134,5,10688,1393
exeter,other,driving,E02004156,E02004201,9,7462,862
exeter,other,passenger,E02004156,E02004201,1,7462,862
exeter,other,driving,E02004156,E02004144,3,17226,1590
exeter,other,passenger,E02004156,E02004144,2,17226,1590
exeter,other,driving,E02004156,E02004214,5,28327,1668
exeter,other,driving,E02004157,E02003156,18,34077,1944
exeter,other,passenger,E02004157,E02003156,1,34077,1944
exeter,other,driving,E02004155,E02004132,4,19738,1170
exeter,other,driving,E02004155,E02004147,8,15212,1444
exeter,tiverton,driving,E02004156,E02004168,8,23585,1755
exeter,tiverton,passenger,E02004156,E02004168,3,23585,1755
exeter,other,driving,E02004157,E02004140,8,23984,1988
exeter,other,driving,E02004156,E02004174,5,12933,1107
exeter,other,passenger,E02004156,E02004174,1,12933,1107
exeter,other,driving,E02004155,E02004201,11,10352,1324
exeter,other,passenger,E02004155,E02004201,4,10352,1324
exeter,other,driving,E02004155,E02004148,3,16063,1519
exeter,other,passenger,E02004155,E02004148,2,16063,1519
exeter,other,driving,E02004156,E02004141,6,17981,1577
exeter,other,passenger,E02004156,E02004141,5,17981,1577
exeter,other,driving,E02004159,E02003148,11,73991,3421
exeter,other,driving,E02004155,E02004202,30,9370,926
exeter,other,passenger,E02004155,E02004202,4,9370,926
exeter,other,driving,E02004156,E02004129,4,37231,2408
exeter,other,driving,E02004157,E02004134,45,9197,1143
exeter,other,passenger,E02004157,E02004134,1,9197,1143
exeter,other,driving,E02004155,E02004130,7,25649,1441
exeter,cullompton,driving,E02004155,E02004170,13,20999,1269
exeter,cullompton,passenger,E02004155,E02004170,2,20999,1269
exeter,other,taxi,E02004156,E02004130,1,28569,1927
exeter,other,driving,E02004156,E02004130,7,28569,1927
exeter,other,driving,E02004156,E02004173,3,17922,1665
exeter,other,passenger,E02004156,E02004173,4,17922,1665
exeter,other,driving,E02004155,E02004141,16,14659,1258
exeter,other,passenger,E02004155,E02004141,2,14659,1258
exeter,other,driving,E02004157,E02004130,10,27296,1759
exeter,other,driving,E02004155,E02004146,7,15242,1441
exeter,other,passenger,E02004155,E02004146,1,15242,1441
exeter,other,driving,E02004155,E02004171,13,14658,1277
exeter,cullompton,driving,E02004156,E02004170,15,31396,1700
exeter,cullompton,passenger,E02004156,E02004170,1,31396,1700
exeter,other,driving,E02004155,E02004142,56,9638,933
exeter,other,passenger,E02004155,E02004142,2,9638,933
exeter,other,driving,E02004155,E02004169,11,24663,1461
exeter,other,passenger,E02004155,E02004169,2,24663,1461
exeter,other,driving,E02004156,E02004134,55,9746,1127
exeter,other,passenger,E02004156,E02004134,5,9746,1127
exeter,tiverton,driving,E02004156,E02004167,3,24743,1846
exeter,other,driving,E02004157,E02003148,10,72981,3513
exeter,other,driving,E02004156,E02004132,1,22658,1657
exeter,other,driving,E02004157,E02003126,11,71454,3211
exeter,other,driving,E02004156,E02004136,4,20373,1698
exeter,other,driving,E02004156,E02004207,13,26535,1495
exeter,other,driving,E02004155,E02004129,2,34310,1922
exeter,other,driving,E02004158,E02004174,28,13916,1282
exeter,other,passenger,E02004158,E02004174,3,13916,1282
exeter,other,driving,E02004156,E02003156,14,33573,1897
exeter,other,driving,E02004155,E02004207,9,29212,1615
exeter,other,passenger,E02004155,E02004207,2,29212,1615
exeter,tiverton,driving,E02004155,E02004168,6,38473,1850
exeter,other,driving,E02004156,E02004147,12,18534,1763
exeter,other,driving,E02004156,E02004148,2,19385,1838
exeter,other,driving,E02004154,E02004148,6,16711,1611
exeter,other,driving,E02004155,E02004134,79,5750,634
exeter,other,passenger,E02004155,E02004134,12,5750,634
exeter,other,driving,E02004156,E02004146,2,18564,1760
exeter,other,passenger,E02004156,E02004146,1,18564,1760
exeter,other,driving,E02004155,E02004214,6,31004,1788
exeter,other,passenger,E02004155,E02004214,1,31004,1788
exeter,other,driving,E02004155,E02004144,2,13904,1271
exeter,other,driving,E02004156,E02004142,38,12960,1253
exeter,other,passenger,E02004156,E02004142,4,12960,1253
exeter,other,driving,E02004155,E02004173,9,21089,2048
exeter,other,driving,E02004156,E02004169,12,35061,1892
exeter,other,passenger,E02004156,E02004169,12,35061,1892
exeter,tiverton,driving,E02004155,E02004167,5,35670,1697
exeter,tiverton,passenger,E02004155,E02004167,1,35670,1697
exeter,other,driving,E02004155,E02004136,5,17452,1211
exeter,other,driving,E02004154,E02004202,25,9048,984
exeter,other,passenger,E02004154,E02004202,2,9048,984
exeter,other,driving,E02004154,E02004144,8,14551,1363
exeter,other,passenger,E02004154,E02004144,1,14551,1363
exeter,other,driving,E02004156,E02003148,4,72476,3465
exeter,other,driving,E02004154,E02004129,5,34958,2014
exeter,other,passenger,E02004154,E02004129,1,34958,2014
exeter,other,driving,E02004154,E02004174,18,14410,1286
exeter,other,passenger,E02004154,E02004174,1,14410,1286
exeter,other,driving,E02004154,E02004201,12,9660,1164
exeter,other,driving,E02004154,E02004147,7,15860,1536
exeter,tiverton,driving,E02004154,E02004167,11,36318,1789
exeter,other,driving,E02004155,E02004174,17,16101,1489
exeter,other,passenger,E02004155,E02004174,1,16101,1489
exeter,other,driving,E02004154,E02004136,7,18100,1303
exeter,cullompton,driving,E02004153,E02004170,10,32418,1789
exeter,cullompton,driving,E02004154,E02004170,13,21646,1361
exeter,other,driving,E02004154,E02004141,11,15307,1350
exeter,other,passenger,E02004154,E02004141,1,15307,1350
exeter,other,driving,E02004154,E02004132,9,20385,1263
exeter,other,passenger,E02004154,E02004132,6,20385,1263
exeter,other,driving,E02004154,E02004171,2,15811,1393
exeter,other,driving,E02004156,E02003126,5,70950,3164
exeter,other,driving,E02004154,E02004146,10,15890,1533
exeter,tiverton,driving,E02004154,E02004168,7,22198,1762
exeter,tiverton,driving,E02004153,E02004168,8,23409,1744
exeter,other,taxi,E02004153,E02004134,1,14542,1240
exeter,other,driving,E02004153,E02004134,114,14542,1240
exeter,other,passenger,E02004153,E02004134,11,14542,1240
exeter,other,driving,E02004153,E02004201,28,7520,800
exeter,other,passenger,E02004153,E02004201,3,7520,800
exeter,other,driving,E02004154,E02004130,6,26296,1533
exeter,tiverton,driving,E02004153,E02004167,11,24566,1835
exeter,tiverton,passenger,E02004153,E02004167,2,24566,1835
exeter,other,driving,E02004153,E02004173,19,17259,1574
exeter,other,passenger,E02004153,E02004173,4,17259,1574
exeter,other,driving,E02004154,E02004169,10,25311,1553
exeter,other,passenger,E02004154,E02004169,2,25311,1553
exeter,other,driving,E02004153,E02004169,13,36082,1981
exeter,other,passenger,E02004153,E02004169,4,36082,1981
exeter,other,driving,E02004153,E02004174,23,12271,1016
exeter,other,passenger,E02004153,E02004174,5,12271,1016
exeter,other,driving,E02004156,E02004140,8,25010,2176
exeter,other,driving,E02004153,E02004171,6,16462,1480
exeter,other,passenger,E02004153,E02004171,3,16462,1480
exeter,other,driving,E02004154,E02004134,64,6904,750
exeter,other,passenger,E02004154,E02004134,13,6904,750
exeter,other,driving,E02004154,E02004207,12,29859,1708
exeter,other,taxi,E02004154,E02004142,1,10285,1025
exeter,other,driving,E02004154,E02004142,49,10285,1025
exeter,other,passenger,E02004154,E02004142,5,10285,1025
exeter,other,driving,E02004155,E02004140,6,21688,1856
exeter,other,passenger,E02004155,E02004140,1,21688,1856
exeter,other,driving,E02004152,E02004148,2,18079,1811
exeter,other,driving,E02004153,E02004147,8,24766,1885
exeter,other,driving,E02004155,E02003156,4,36250,2018
exeter,other,driving,E02004153,E02004130,1,37586,2024
exeter,other,driving,E02004152,E02004146,2,17258,1733
exeter,other,driving,E02004155,E02003126,1,73626,3284
exeter,other,driving,E02004154,E02004214,13,31651,1881
exeter,other,driving,E02004153,E02004202,32,10089,1110
exeter,other,driving,E02004154,E02004173,5,19398,1844
exeter,other,passenger,E02004154,E02004173,1,19398,1844
exeter,other,driving,E02004152,E02004171,3,13737,1350
exeter,other,driving,E02004153,E02004146,4,24796,1882
exeter,other,passenger,E02004153,E02004146,1,24796,1882
exeter,other,driving,E02004152,E02004130,3,27664,1733
exeter,other,passenger,E02004152,E02004130,1,27664,1733
exeter,other,taxi,E02004153,E02004132,1,31675,1754
exeter,other,driving,E02004153,E02004132,2,31675,1754
exeter,other,driving,E02004152,E02004144,4,15919,1563
exeter,other,driving,E02004153,E02004144,5,23457,1712
exeter,other,driving,E02004152,E02004201,6,8813,1037
exeter,tiverton,driving,E02004152,E02004168,7,21814,1673
exeter,other,driving,E02004154,E02004140,9,22335,1948
exeter,other,driving,E02004152,E02004129,1,36326,2214
exeter,other,driving,E02004152,E02004134,31,7696,821
exeter,other,passenger,E02004152,E02004134,5,7696,821
exeter,other,driving,E02004152,E02004147,3,17228,1736
exeter,other,driving,E02004153,E02004214,12,29349,1757
exeter,other,driving,E02004152,E02004202,9,9853,1049
exeter,other,driving,E02004154,E02003156,5,36897,2110
exeter,other,driving,E02004153,E02003126,2,71972,3252
exeter,other,driving,E02004151,E02004202,24,9676,1023
exeter,other,passenger,E02004151,E02004202,5,9676,1023
exeter,other,driving,E02004153,E02003156,6,34595,1986
exeter,tiverton,driving,E02004152,E02004167,3,22971,1765
exeter,other,driving,E02004152,E02004141,5,16675,1550
exeter,other,driving,E02004152,E02004214,4,29679,1842
exeter,other,passenger,E02004152,E02004214,1,29679,1842
exeter,other,driving,E02004151,E02004130,7,25033,1463
exeter,other,driving,E02004152,E02004169,8,26679,1753
exeter,other,passenger,E02004152,E02004169,5,26679,1753
exeter,other,driving,E02004153,E02004136,5,29390,1795
exeter,other,passenger,E02004153,E02004136,1,29390,1795
exeter,other,driving,E02004153,E02004141,19,24212,1699
exeter,other,passenger,E02004153,E02004141,1,24212,1699
exeter,other,driving,E02004153,E02004207,13,27557,1583
exeter,other,passenger,E02004153,E02004207,2,27557,1583
exeter,other,driving,E02004151,E02004142,53,9944,1031
exeter,other,passenger,E02004151,E02004142,5,9944,1031
exeter,other,driving,E02004153,E02004129,2,46248,2506
exeter,other,driving,E02004152,E02004207,6,27887,1669
exeter,other,driving,E02004152,E02004136,6,19468,1503
exeter,other,passenger,E02004152,E02004136,1,19468,1503
exeter,other,driving,E02004153,E02004140,10,31241,2298
exeter,other,passenger,E02004153,E02004140,1,31241,2298
exeter,other,driving,E02004151,E02004144,5,14209,1368
exeter,other,driving,E02004151,E02004169,12,24048,1483
exeter,other,passenger,E02004151,E02004169,2,24048,1483
exeter,other,driving,E02004153,E02004148,4,25617,1960
exeter,other,passenger,E02004153,E02004148,1,25617,1960
exeter,other,driving,E02004151,E02004129,3,33695,1944
exeter,other,passenger,E02004151,E02004129,1,33695,1944
exeter,tiverton,driving,E02004151,E02004167,10,35055,1719
exeter,other,driving,E02004151,E02004141,16,14965,1356
exeter,other,passenger,E02004151,E02004141,2,14965,1356
exeter,other,driving,E02004151,E02004171,11,13673,1235
exeter,other,driving,E02004151,E02004207,12,30538,1652
exeter,other,passenger,E02004151,E02004207,3,30538,1652
exeter,other,driving,E02004150,E02004141,14,16665,1463
exeter,other,passenger,E02004150,E02004141,3,16665,1463
exeter,cullompton,driving,E02004152,E02004170,7,23014,1561
exeter,other,driving,E02004151,E02004134,113,4765,593
exeter,other,passenger,E02004151,E02004134,10,4765,593
exeter,other,driving,E02004151,E02004148,6,16369,1617
exeter,other,driving,E02004152,E02004132,3,21753,1463
exeter,other,driving,E02004150,E02004201,8,10664,1267
exeter,other,driving,E02004150,E02004214,6,33010,1993
exeter,other,driving,E02004152,E02004173,2,18542,1725
exeter,other,passenger,E02004152,E02004173,2,18542,1725
exeter,other,driving,E02004154,E02003126,4,74274,3376
exeter,other,driving,E02004151,E02004174,10,16714,1686
exeter,other,passenger,E02004151,E02004174,2,16714,1686
exeter,other,driving,E02004152,E02004174,10,13553,1167
exeter,other,driving,E02004151,E02004136,12,16837,1233
exeter,other,driving,E02004151,E02004173,19,21703,2244
exeter,other,taxi,E02004152,E02004142,2,11653,1226
exeter,other,driving,E02004152,E02004142,29,11653,1226
exeter,other,passenger,E02004152,E02004142,5,11653,1226
exeter,other,driving,E02004154,E02003148,2,75801,3678
exeter,other,driving,E02004151,E02004201,11,11964,1563
exeter,other,driving,E02004151,E02004132,8,19122,1192
exeter,other,passenger,E02004151,E02004132,1,19122,1192
exeter,cullompton,driving,E02004150,E02004170,10,18283,1423
exeter,tiverton,driving,E02004151,E02004168,9,37858,1872
exeter,other,driving,E02004151,E02004214,11,32330,1825
exeter,other,driving,E02004151,E02003156,6,37576,2054
exeter,other,taxi,E02004150,E02004134,1,5869,624
exeter,other,driving,E02004150,E02004134,57,5869,624
exeter,other,passenger,E02004150,E02004134,6,5869,624
exeter,other,driving,E02004150,E02004146,10,17248,1645
exeter,other,passenger,E02004150,E02004146,1,17248,1645
exeter,other,driving,E02004151,E02004147,11,15518,1541
exeter,other,passenger,E02004151,E02004147,1,15518,1541
exeter,other,driving,E02004150,E02004132,4,21043,1355
exeter,other,driving,E02004150,E02004202,15,11376,1130
exeter,other,passenger,E02004150,E02004202,1,11376,1130
exeter,other,driving,E02004151,E02004146,6,15548,1538
exeter,cullompton,driving,E02004151,E02004170,15,20383,1291
exeter,other,driving,E02004150,E02004174,12,14667,1267
exeter,other,passenger,E02004150,E02004174,3,14667,1267
exeter,other,driving,E02004152,E02003148,3,73828,3640
exeter,other,passenger,E02004152,E02003148,1,73828,3640
exeter,other,driving,E02004150,E02004136,6,18758,1396
exeter,other,driving,E02004150,E02004144,2,15910,1476
exeter,other,driving,E02004149,E02004171,5,14222,1336
exeter,other,driving,E02004149,E02004129,2,38193,2384
exeter,other,driving,E02004150,E02004142,36,11644,1138
exeter,other,passenger,E02004150,E02004142,2,11644,1138
exeter,other,driving,E02004150,E02004130,4,26954,1625
exeter,tiverton,driving,E02004150,E02004167,8,22836,1779
exeter,other,driving,E02004150,E02004207,9,31218,1820
exeter,other,driving,E02004152,E02004140,5,23703,2149
exeter,other,driving,E02004150,E02004171,4,14777,1266
exeter,other,driving,E02004149,E02004174,21,12685,1060
exeter,other,driving,E02004149,E02004173,15,17674,1618
exeter,tiverton,driving,E02004150,E02004168,8,21679,1687
exeter,tiverton,passenger,E02004150,E02004168,1,21679,1687
exeter,other,driving,E02004150,E02004169,7,25969,1646
exeter,other,passenger,E02004150,E02004169,5,25969,1646
exeter,other,driving,E02004150,E02004129,7,35616,2106
exeter,tiverton,driving,E02004149,E02004167,8,22327,1691
exeter,other,driving,E02004152,E02003156,2,34925,2071
exeter,other,passenger,E02004152,E02003156,1,34925,2071
exeter,other,driving,E02004149,E02004207,6,29158,1912
exeter,other,passenger,E02004149,E02004207,1,29158,1912
exeter,other,driving,E02004151,E02004140,3,21994,1954
exeter,other,passenger,E02004151,E02004140,1,21994,1954
exeter,other,driving,E02004149,E02004148,1,20647,2002
exeter,other,taxi,E02004149,E02004130,1,29531,1903
exeter,other,driving,E02004149,E02004130,2,29531,1903
exeter,other,passenger,E02004149,E02004130,1,29531,1903
exeter,other,driving,E02004152,E02003126,1,72301,3338
exeter,other,driving,E02004155,E02003148,3,75153,3586
exeter,other,driving,E02004153,E02004142,68,19191,1375
exeter,other,passenger,E02004153,E02004142,4,19191,1375
exeter,tiverton,driving,E02004149,E02004168,7,21170,1599
exeter,other,driving,E02004149,E02004132,7,23620,1633
exeter,other,passenger,E02004149,E02004132,1,23620,1633
exeter,other,driving,E02004151,E02003148,1,76479,3623
exeter,other,driving,E02004149,E02004144,2,18487,1754
exeter,other,driving,E02004151,E02003126,2,74953,3321
exeter,other,driving,E02004149,E02004134,54,8549,914
exeter,other,passenger,E02004149,E02004134,8,8549,914
exeter,other,driving,E02004149,E02003156,9,36196,2314
exeter,other,driving,E02004149,E02004147,4,19796,1927
exeter,other,passenger,E02004149,E02004147,1,19796,1927
exeter,other,driving,E02004150,E02004147,7,17218,1648
exeter,other,driving,E02004150,E02004140,4,23694,2061
exeter,other,driving,E02004149,E02004201,6,10085,1280
exeter,other,driving,E02004149,E02004146,4,19826,1924
exeter,other,passenger,E02004149,E02004146,1,19826,1924
exeter,other,driving,E02004149,E02004214,6,30950,2085
exeter,other,driving,E02004149,E02004136,8,21335,1674
exeter,other,driving,E02004149,E02004202,18,11223,1284
exeter,cullompton,driving,E02004149,E02004170,10,19415,1590
exeter,other,driving,E02004149,E02004142,39,14221,1416
exeter,other,driving,E02004149,E02004141,13,19242,1741
exeter,other,driving,E02004150,E02004173,5,19656,1826
exeter,other,driving,E02004150,E02003156,3,38256,2222
exeter,other,passenger,E02004150,E02003156,1,38256,2222
exeter,other,driving,E02004149,E02004169,12,28546,1924
exeter,other,passenger,E02004149,E02004169,2,28546,1924
exeter,other,driving,E02004149,E02003126,7,73573,3581
exeter,other,driving,E02004150,E02003126,1,75633,3489
exeter,other,driving,E02004149,E02004140,8,26271,2339
exeter,other,passenger,E02004149,E02004140,1,26271,2339
exeter,other,driving,E02004156,E02004230,2,9746,1127
exeter,other,passenger,E02004156,E02004230,3,9746,1127
exeter,taunton,driving,E02004150,E02006104,1,22836,1779
exeter,other,driving,E02004163,E02004208,2,27873,1632
exeter,taunton,driving,E02004163,E02006104,3,38880,1868
exeter,other,driving,E02004163,E02004209,1,6115,676
exeter,other,driving,E02004163,E02004172,2,4246,595
exeter,other,driving,E02004163,E02004210,3,5012,670
exeter,other,driving,E02004163,E02004204,2,7653,1080
exeter,other,driving,E02004163,E02004212,1,8222,1062
exeter,other,driving,E02004163,E02004145,6,7322,1026
exeter,other,passenger,E02004163,E02004145,3,7322,1026
exeter,other,driving,E02004163,E02004229,3,4311,550
exeter,other,driving,E02004163,E02004131,2,6962,817
exeter,other,driving,E02004163,E02003157,2,14676,1209
exeter,other,driving,E02004163,E02004191,1,23508,1861
exeter,other,driving,E02004163,E02004213,3,22565,1450
exeter,taunton,driving,E02004163,E02006108,3,69562,3117
exeter,taunton,passenger,E02004163,E02006108,1,69562,3117
exeter,other,driving,E02004163,E02003166,2,7024,945
exeter,other,driving,E02004163,E02004230,2,10547,1127
exeter,other,driving,E02004162,E02004208,5,32800,1502
exeter,other,driving,E02004162,E02004229,2,6508,657
exeter,taunton,driving,E02004162,E02006104,4,43806,1738
exeter,other,driving,E02004162,E02004210,3,3574,621
exeter,other,driving,E02004162,E02004215,2,2166,351
exeter,other,driving,E02004162,E02004204,4,4479,744
exeter,other,driving,E02004162,E02004137,5,46609,1891
exeter,other,passenger,E02004162,E02004137,1,46609,1891
exeter,taunton,driving,E02004162,E02006109,1,5280,870
exeter,other,driving,E02004162,E02003166,6,4366,736
exeter,other,driving,E02004162,E02003161,9,26107,1316
exeter,other,passenger,E02004162,E02003161,1,26107,1316
exeter,other,driving,E02004162,E02004206,4,6230,957
exeter,other,passenger,E02004162,E02004206,1,6230,957
exeter,other,driving,E02004162,E02004213,8,28392,1275
exeter,other,driving,E02004162,E02004205,9,31312,1506
exeter,taunton,driving,E02004162,E02006108,3,68689,2773
exeter,taunton,passenger,E02004162,E02006108,1,68689,2773
exeter,other,driving,E02004162,E02004203,4,70215,3075
exeter,other,driving,E02004161,E02004208,1,24812,1511
exeter,other,driving,E02004161,E02004209,2,5314,764
exeter,other,driving,E02004161,E02004216,3,4234,612
exeter,other,passenger,E02004161,E02004216,2,4234,612
exeter,other,driving,E02004161,E02004217,2,4290,689
exeter,other,driving,E02004161,E02003157,2,14807,1308
exeter,other,driving,E02004161,E02004131,5,2236,410
exeter,other,driving,E02004161,E02004191,3,21836,1907
exeter,other,driving,E02004160,E02004215,4,861,208
exeter,other,driving,E02004161,E02003161,1,17601,1261
exeter,other,driving,E02004161,E02004230,1,8166,912
exeter,other,driving,E02004161,E02004203,1,71520,3488
exeter,other,driving,E02004160,E02004172,4,4960,782
exeter,other,driving,E02004160,E02004209,1,2339,350
exeter,other,driving,E02004160,E02004137,1,25232,2031
exeter,other,driving,E02004160,E02004208,1,35776,1729
exeter,other,passenger,E02004160,E02004208,2,35776,1729
exeter,taunton,driving,E02004160,E02006109,1,4643,789
exeter,other,driving,E02004160,E02004217,3,5551,871
exeter,other,driving,E02004159,E02004210,4,3492,624
exeter,other,passenger,E02004160,E02003157,1,23906,1447
exeter,other,driving,E02004160,E02004166,1,18885,1122
exeter,other,driving,E02004160,E02004203,4,73192,3302
exeter,other,driving,E02004162,E02004216,9,6180,685
exeter,other,passenger,E02004162,E02004216,2,6180,685
exeter,other,driving,E02004159,E02004137,2,37704,1759
exeter,other,driving,E02004159,E02004145,6,6590,987
exeter,other,driving,E02004159,E02004216,8,5250,643
exeter,other,driving,E02004159,E02004209,10,7564,777
exeter,other,driving,E02004163,E02004217,2,8427,1009
exeter,other,driving,E02004159,E02004208,2,23894,1370
exeter,other,driving,E02004159,E02004215,8,5926,876
exeter,other,driving,E02004163,E02004215,4,6659,915
exeter,taunton,driving,E02004159,E02006109,2,2492,432
exeter,other,driving,E02004162,E02004172,1,6439,701
exeter,other,passenger,E02004162,E02004172,1,6439,701
exeter,other,driving,E02004162,E02004166,3,15908,895
exeter,other,driving,E02004159,E02003166,6,3967,661
exeter,other,driving,E02004161,E02004210,1,2603,405
exeter,taunton,driving,E02004163,E02006109,2,6392,890
exeter,other,driving,E02004159,E02004230,5,6950,756
exeter,other,driving,E02004159,E02004213,2,18969,1079
exeter,other,driving,E02004160,E02004133,1,32111,1536
exeter,other,driving,E02004163,E02004133,6,24209,1440
exeter,other,driving,E02004159,E02003157,3,13497,1093
exeter,other,driving,E02004158,E02004208,1,34505,1809
exeter,other,driving,E02004162,E02003157,1,20930,1220
exeter,other,driving,E02004161,E02004145,2,4913,761
exeter,taunton,driving,E02004158,E02006104,1,25726,2021
exeter,taunton,passenger,E02004158,E02006104,2,25726,2021
exeter,other,driving,E02004158,E02004216,1,6694,969
exeter,other,passenger,E02004158,E02004216,2,6694,969
exeter,other,driving,E02004158,E02004209,2,2226,383
exeter,other,passenger,E02004158,E02004209,1,2226,383
exeter,other,driving,E02004158,E02004172,2,4297,681
exeter,other,driving,E02004161,E02004215,2,4249,650
exeter,other,driving,E02004163,E02004206,4,8374,1177
exeter,taunton,driving,E02004158,E02006109,3,3980,687
exeter,other,driving,E02004158,E02004206,3,4930,774
exeter,other,driving,E02004158,E02004210,7,2274,438
exeter,other,driving,E02004158,E02004131,11,5095,872
exeter,other,passenger,E02004158,E02004131,1,5095,872
exeter,other,driving,E02004158,E02004212,4,2327,439
exeter,other,passenger,E02004158,E02004212,1,2327,439
exeter,other,driving,E02004162,E02004230,3,17638,1079
exeter,other,driving,E02004158,E02004204,7,3179,561
exeter,other,driving,E02004162,E02004133,4,29135,1310
exeter,other,driving,E02004157,E02004133,2,25222,1543
exeter,other,driving,E02004162,E02004212,3,3743,547
exeter,taunton,driving,E02004161,E02006104,2,35818,1747
exeter,taunton,passenger,E02004161,E02006104,1,35818,1747
exeter,other,driving,E02004161,E02004206,2,4863,792
exeter,other,driving,E02004157,E02004216,2,4996,683
exeter,other,driving,E02004161,E02004204,5,4054,720
exeter,other,passenger,E02004161,E02004204,1,4054,720
exeter,other,driving,E02004163,E02004205,3,32185,1850
exeter,other,passenger,E02004157,E02004131,1,3150,606
exeter,other,driving,E02004160,E02004216,1,7358,1070
exeter,other,passenger,E02004160,E02004216,1,7358,1070
exeter,other,driving,E02004162,E02004131,4,9159,924
exeter,other,passenger,E02004162,E02004131,1,9159,924
exeter,other,driving,E02004160,E02004204,2,3842,663
exeter,other,driving,E02004157,E02004212,6,3785,548
exeter,other,driving,E02004160,E02004213,5,31369,1502
exeter,other,driving,E02004157,E02003157,1,16956,1390
exeter,other,driving,E02004163,E02003161,2,20280,1490
exeter,other,driving,E02004157,E02004137,3,23592,1981
exeter,other,driving,E02004161,E02004166,2,9786,984
exeter,other,driving,E02004157,E02004206,2,3589,637
exeter,other,driving,E02004162,E02004191,3,27958,1818
exeter,other,driving,E02004157,E02004230,7,9197,1143
exeter,other,passenger,E02004157,E02004230,1,9197,1143
exeter,other,driving,E02004157,E02004217,7,4060,622
exeter,other,passenger,E02004157,E02004217,1,4060,622
exeter,other,driving,E02004160,E02003166,2,3729,655
exeter,other,passenger,E02004160,E02003166,1,3729,655
exeter,other,driving,E02004159,E02004172,12,1887,307
exeter,other,driving,E02004160,E02004210,4,2937,540
exeter,other,driving,E02004160,E02004131,5,5759,974
exeter,other,driving,E02004156,E02004208,1,35061,1892
exeter,other,driving,E02004156,E02004229,4,4765,794
exeter,other,driving,E02004156,E02004216,3,6022,870
exeter,other,passenger,E02004156,E02004216,1,6022,870
exeter,other,driving,E02004156,E02004209,1,2782,467
exeter,other,driving,E02004156,E02004215,2,1718,353
exeter,other,driving,E02004157,E02004203,6,72981,3513
exeter,other,passenger,E02004157,E02004203,1,72981,3513
exeter,taunton,driving,E02004159,E02006104,8,34901,1606
exeter,other,passenger,E02004157,E02004205,1,34077,1944
exeter,other,driving,E02004162,E02004217,6,6188,953
exeter,other,passenger,E02004162,E02004217,1,6188,953
exeter,other,driving,E02004156,E02004131,3,4423,774
exeter,other,passenger,E02004156,E02004131,2,4423,774
exeter,other,driving,E02004161,E02004205,4,32617,1919
exeter,other,passenger,E02004161,E02004205,1,32617,1919
exeter,other,driving,E02004161,E02004213,3,19886,1221
exeter,other,passenger,E02004161,E02004213,1,19886,1221
exeter,other,driving,E02004159,E02004133,4,20230,1178
exeter,other,driving,E02004156,E02004212,2,2326,378
exeter,other,driving,E02004160,E02004230,5,10688,1393
exeter,other,driving,E02004156,E02003166,3,2413,389
exeter,other,driving,E02004156,E02004206,6,3307,495
exeter,other,driving,E02004156,E02004217,8,4332,620
exeter,other,passenger,E02004156,E02004217,1,4332,620
exeter,other,driving,E02004156,E02004191,2,25010,2176
exeter,other,driving,E02004156,E02004166,6,12960,1253
exeter,other,driving,E02004159,E02004131,16,2018,367
exeter,other,passenger,E02004159,E02004131,2,2018,367
exeter,taunton,driving,E02004156,E02006108,5,70950,3164
exeter,other,driving,E02004160,E02004229,4,6101,994
exeter,other,driving,E02004156,E02004205,5,33573,1897
exeter,other,driving,E02004160,E02004191,4,30935,2045
exeter,other,driving,E02004160,E02003161,5,29083,1542
exeter,taunton,driving,E02004160,E02006108,2,71665,3000
exeter,other,driving,E02004161,E02004133,3,21147,1319
exeter,other,passenger,E02004161,E02004133,1,21147,1319
exeter,taunton,driving,E02004155,E02006104,4,35670,1697
exeter,other,driving,E02004155,E02004216,5,6412,809
exeter,other,driving,E02004158,E02004217,3,4888,770
exeter,other,passenger,E02004158,E02004217,2,4888,770
exeter,other,driving,E02004159,E02004217,6,4830,638
exeter,other,driving,E02004159,E02004166,4,8476,768
exeter,other,driving,E02004158,E02003166,4,3066,553
exeter,other,driving,E02004155,E02004217,4,2332,360
exeter,other,passenger,E02004155,E02004217,2,2332,360
exeter,other,driving,E02004161,E02004137,1,38622,1901
exeter,other,driving,E02004154,E02004133,3,21646,1361
exeter,other,driving,E02004155,E02004205,6,36250,2018
exeter,other,passenger,E02004155,E02004205,1,36250,2018
exeter,taunton,driving,E02004155,E02006108,2,73626,3284
exeter,other,driving,E02004155,E02004212,1,5745,973
exeter,other,driving,E02004155,E02004191,4,21688,1856
exeter,other,passenger,E02004155,E02004191,1,21688,1856
exeter,other,driving,E02004159,E02004204,6,4596,796
exeter,other,driving,E02004157,E02004215,5,2222,401
exeter,other,driving,E02004159,E02004212,4,7489,1023
exeter,other,driving,E02004158,E02004145,2,861,226
exeter,other,passenger,E02004158,E02004145,1,861,226
exeter,other,driving,E02004157,E02004209,2,3287,514
exeter,taunton,driving,E02004154,E02006108,2,74274,3376
exeter,other,driving,E02004159,E02004206,7,5317,893
exeter,other,passenger,E02004159,E02004206,1,5317,893
exeter,other,driving,E02004154,E02004208,1,25311,1553
exeter,other,passenger,E02004154,E02004208,1,25311,1553
exeter,other,driving,E02004158,E02003157,4,22635,1527
exeter,other,passenger,E02004158,E02003157,1,22635,1527
exeter,other,driving,E02004154,E02004229,3,2492,399
exeter,other,driving,E02004154,E02004131,5,1776,288
exeter,other,driving,E02004154,E02004145,2,4579,765
exeter,other,driving,E02004158,E02004166,4,17614,1202
exeter,other,driving,E02004159,E02004205,1,35088,1852
exeter,other,driving,E02004154,E02003166,1,1604,275
exeter,other,driving,E02004158,E02004230,3,10025,1291
exeter,other,passenger,E02004158,E02004230,1,10025,1291
exeter,other,driving,E02004154,E02004217,4,1941,320
exeter,other,passenger,E02004154,E02004217,1,1941,320
exeter,other,driving,E02004154,E02004191,11,22335,1948
exeter,other,passenger,E02004154,E02004191,1,22335,1948
exeter,other,driving,E02004157,E02003166,8,2238,405
exeter,other,driving,E02004154,E02004230,5,6904,750
exeter,other,driving,E02004154,E02004166,2,10285,1025
exeter,taunton,driving,E02004157,E02006109,7,2325,472
exeter,other,driving,E02004154,E02003161,5,18100,1303
exeter,other,driving,E02004154,E02004210,3,2325,444
exeter,other,driving,E02004159,E02003161,6,16683,1120
exeter,other,driving,E02004158,E02004229,9,5438,892
exeter,other,driving,E02004157,E02004204,4,2868,540
exeter,other,driving,E02004157,E02004229,4,4286,634
exeter,other,driving,E02004160,E02004205,3,34288,1733
exeter,other,passenger,E02004160,E02004205,1,34288,1733
exeter,other,driving,E02004153,E02004133,3,32418,1789
exeter,taunton,driving,E02004153,E02006104,2,24566,1835
exeter,other,driving,E02004153,E02004216,4,8182,1091
exeter,taunton,driving,E02004157,E02006104,2,39893,1972
exeter,other,driving,E02004153,E02004229,3,6925,1014
exeter,other,driving,E02004153,E02004145,1,2184,353
exeter,other,passenger,E02004153,E02004145,1,2184,353
exeter,other,driving,E02004153,E02004215,3,2327,415
exeter,other,driving,E02004152,E02004204,2,1691,303
exeter,other,driving,E02004159,E02004191,5,20526,1691
exeter,other,driving,E02004153,E02004206,2,4051,629
exeter,taunton,driving,E02004155,E02006109,2,1789,309
exeter,other,driving,E02004153,E02003161,1,29390,1795
exeter,other,driving,E02004153,E02004191,2,31241,2298
exeter,taunton,driving,E02004159,E02006108,8,72464,3119
exeter,taunton,driving,E02004156,E02006109,1,3307,589
exeter,other,driving,E02004153,E02004205,6,34595,1986
exeter,other,driving,E02004153,E02003166,2,3157,523
exeter,other,driving,E02004153,E02004203,6,73498,3554
exeter,other,driving,E02004157,E02004166,8,11934,1065
exeter,other,driving,E02004158,E02003161,8,27812,1623
exeter,other,driving,E02004152,E02004137,1,21814,1673
exeter,other,driving,E02004158,E02004205,3,33017,1813
exeter,other,driving,E02004152,E02004216,1,6896,932
exeter,other,driving,E02004152,E02004215,4,3069,528
exeter,taunton,driving,E02004152,E02006109,4,1487,253
exeter,other,driving,E02004152,E02004206,1,1550,266
exeter,other,driving,E02004157,E02003161,3,19100,1530
exeter,other,driving,E02004152,E02004212,2,3005,515
exeter,other,passenger,E02004152,E02004212,2,3005,515
exeter,other,driving,E02004152,E02004131,3,3183,457
exeter,other,passenger,E02004152,E02004131,3,3183,457
exeter,other,driving,E02004155,E02004145,4,5271,926
exeter,other,driving,E02004152,E02004172,1,3429,592
exeter,other,driving,E02004152,E02004210,3,2475,402
exeter,other,driving,E02004158,E02004191,3,29664,2126
exeter,other,passenger,E02004158,E02004191,1,29664,2126
exeter,other,driving,E02004155,E02004210,2,3156,574
exeter,other,driving,E02004152,E02004217,3,2282,314
exeter,other,driving,E02004152,E02004205,3,34925,2071
exeter,other,driving,E02004156,E02004137,2,23585,1755
exeter,other,driving,E02004155,E02003157,2,14659,1258
exeter,other,driving,E02004157,E02004208,2,28887,1736
exeter,other,driving,E02004158,E02004203,4,71921,3382
exeter,other,driving,E02004156,E02004172,1,3624,582
exeter,other,passenger,E02004156,E02004172,1,3624,582
exeter,other,driving,E02004152,E02004203,3,73828,3640
exeter,other,driving,E02004157,E02004191,7,23984,1988
exeter,other,driving,E02004152,E02004230,1,7696,821
exeter,other,driving,E02004156,E02004133,1,31396,1700
exeter,other,passenger,E02004156,E02004133,1,31396,1700
exeter,taunton,driving,E02004151,E02006104,3,35055,1719
exeter,taunton,passenger,E02004151,E02006104,1,35055,1719
exeter,other,driving,E02004151,E02004133,4,20383,1291
exeter,other,driving,E02004156,E02004263,7,5575,934
exeter,other,driving,E02004151,E02004216,3,6718,905
exeter,other,driving,E02004155,E02004215,1,4608,815
exeter,other,driving,E02004151,E02004209,2,9032,1039
exeter,other,driving,E02004154,E02004206,2,2955,454
exeter,other,driving,E02004151,E02004172,2,3952,718
exeter,other,driving,E02004155,E02004230,2,5750,634
exeter,other,driving,E02004157,E02004213,3,21385,1489
exeter,other,passenger,E02004157,E02004213,1,21385,1489
exeter,other,driving,E02004155,E02003166,4,3295,478
exeter,other,driving,E02004155,E02004208,2,24663,1461
exeter,other,driving,E02004155,E02004166,4,9638,933
exeter,other,driving,E02004151,E02004131,4,2014,426
exeter,other,passenger,E02004151,E02004131,1,2014,426
exeter,other,driving,E02004151,E02003166,2,3908,674
exeter,other,driving,E02004151,E02004212,1,6535,1145
exeter,other,driving,E02004155,E02003161,5,17452,1211
exeter,other,driving,E02004155,E02004209,1,5673,929
exeter,other,driving,E02004151,E02004206,1,5259,854
exeter,taunton,driving,E02004156,E02006104,5,24743,1846
exeter,other,driving,E02004154,E02004172,2,2062,391
exeter,other,driving,E02004155,E02004137,2,38473,1850
exeter,other,driving,E02004155,E02004206,2,4646,658
exeter,other,driving,E02004151,E02004230,1,4765,593
exeter,other,driving,E02004151,E02003161,4,16837,1233
exeter,other,driving,E02004151,E02004205,2,37576,2054
exeter,other,driving,E02004154,E02004213,1,20385,1263
exeter,other,passenger,E02004154,E02004213,1,20385,1263
exeter,other,driving,E02004151,E02004191,4,21994,1954
exeter,other,driving,E02004151,E02004213,2,19122,1192
exeter,taunton,driving,E02004151,E02006108,6,74953,3321
exeter,other,driving,E02004155,E02004133,1,20999,1269
exeter,other,driving,E02004156,E02003161,3,20373,1698
exeter,other,driving,E02004153,E02004210,4,3762,560
exeter,taunton,driving,E02004158,E02006108,4,70394,3080
exeter,other,driving,E02004153,E02004204,3,2301,416
exeter,other,passenger,E02004153,E02004204,1,2301,416
exeter,other,driving,E02004154,E02004216,1,6091,867
exeter,other,driving,E02004156,E02003157,6,17981,1577
exeter,other,driving,E02004150,E02004209,2,5985,872
exeter,other,driving,E02004153,E02004217,3,5077,755
exeter,other,driving,E02004150,E02004216,3,8419,1012
exeter,other,driving,E02004150,E02004203,3,77159,3791
exeter,other,driving,E02004150,E02004212,1,5013,763
exeter,taunton,driving,E02004150,E02006109,2,1941,325
exeter,other,driving,E02004150,E02004229,3,4068,612
exeter,other,passenger,E02004150,E02004229,1,4068,612
exeter,other,driving,E02004150,E02004166,1,11644,1138
exeter,other,driving,E02004150,E02004230,1,5869,624
exeter,other,driving,E02004150,E02004210,3,4326,632
exeter,other,passenger,E02004150,E02004204,1,3699,551
exeter,other,driving,E02004150,E02003166,3,2311,327
exeter,other,passenger,E02004150,E02003166,1,2311,327
exeter,other,driving,E02004150,E02004191,2,23694,2061
exeter,other,driving,E02004153,E02004209,3,3804,556
exeter,other,driving,E02004153,E02004230,7,14542,1240
exeter,other,driving,E02004149,E02004205,3,36196,2314
exeter,other,driving,E02004149,E02004203,1,75099,3883
exeter,other,driving,E02004155,E02004204,3,4260,746
exeter,other,driving,E02004149,E02004137,3,21170,1599
exeter,other,driving,E02004149,E02004172,3,4799,827
exeter,other,driving,E02004149,E02004145,4,5004,881
exeter,taunton,driving,E02004149,E02006104,1,22327,1691
exeter,other,driving,E02004149,E02004208,1,28546,1924
exeter,other,driving,E02004149,E02004210,2,3845,637
exeter,other,driving,E02004153,E02004172,2,5785,803
exeter,taunton,driving,E02004154,E02006104,3,36318,1789
exeter,other,driving,E02004156,E02004213,2,22658,1657
exeter,other,driving,E02004154,E02004209,5,4980,768
exeter,other,driving,E02004153,E02004166,1,19191,1375
exeter,other,passenger,E02004149,E02004212,1,3937,630
exeter,other,driving,E02004149,E02004230,3,8549,914
exeter,other,driving,E02004149,E02003161,4,21335,1674
exeter,other,driving,E02004149,E02003157,2,19242,1741
exeter,other,taxi,E02004152,E02004229,2,3860,600
exeter,other,driving,E02004153,E02004137,2,23409,1744
exeter,other,driving,E02004149,E02004213,4,23620,1633
exeter,other,passenger,E02004151,E02004217,1,2616,516
exeter,taunton,driving,E02004157,E02006108,2,71454,3211
exeter,other,driving,E02004152,E02004209,3,4134,641
exeter,other,driving,E02004158,E02004213,6,30098,1582
exeter,taunton,driving,E02004153,E02006108,4,71972,3252
exeter,other,driving,E02004156,E02004203,4,72476,3465
exeter,other,driving,E02004151,E02004137,1,37858,1872
exeter,other,driving,E02004152,E02004166,3,11653,1226
exeter,other,passenger,E02004152,E02004166,1,11653,1226
exeter,taunton,driving,E02004152,E02006104,2,22971,1765
exeter,other,driving,E02004152,E02004145,4,3733,638
exeter,other,driving,E02004154,E02004205,3,36897,2110
exeter,taunton,driving,E02004151,E02006109,2,3163,546
exeter,other,driving,E02004150,E02004131,3,2337,355
exeter,other,passenger,E02004150,E02004131,1,2337,355
exeter,other,driving,E02004155,E02004203,1,75153,3586
exeter,other,passenger,E02004155,E02004203,1,75153,3586
exeter,taunton,driving,E02004149,E02006108,1,73573,3581
exeter,taunton,passenger,E02004149,E02006108,1,73573,3581
exeter,other,driving,E02004152,E02003161,1,19468,1503
exeter,other,driving,E02004151,E02004145,5,6884,1165
exeter,other,driving,E02004153,E02004213,7,31675,1754
exeter,other,driving,E02004151,E02004210,4,5626,928
exeter,other,driving,E02004150,E02004206,5,3213,435
exeter,other,driving,E02004150,E02004172,3,4275,647
exeter,other,driving,E02004153,E02004208,1,36082,1981
exeter,other,driving,E02004153,E02004131,1,6077,938
exeter,other,driving,E02004151,E02004204,3,5442,953
exeter,other,driving,E02004151,E02004166,4,9944,1031
exeter,other,driving,E02004149,E02004216,3,8265,1167
exeter,other,driving,E02004157,E02004145,2,2886,512
exeter,other,driving,E02004153,E02003157,5,24212,1699
exeter,other,driving,E02004152,E02004208,2,26679,1753
exeter,other,driving,E02004150,E02004145,1,5584,869
exeter,other,driving,E02004152,E02004133,2,23014,1561
exeter,other,driving,E02004149,E02004131,1,4914,633
exeter,other,driving,E02004149,E02004133,2,19415,1590
exeter,other,driving,E02004154,E02004203,3,75801,3678
exeter,other,driving,E02004149,E02004217,4,3135,407
exeter,other,driving,E02004152,E02004191,2,23703,2149
exeter,other,driving,E02004150,E02004137,1,21679,1687
exeter,other,driving,E02004151,E02003157,2,14965,1356
exeter,taunton,driving,E02004149,E02006109,1,2948,458
exeter,other,driving,E02004151,E02004203,2,76479,3623
exeter,other,driving,E02004150,E02004205,2,38256,2222
exeter,taunton,driving,E02004152,E02006108,1,72301,3338
exeter,taunton,passenger,E02004152,E02006108,1,72301,3338
exeter,other,driving,E02004149,E02004215,1,4341,771
exeter,other,driving,E02004149,E02004166,1,14221,1416
exeter,other,driving,E02004150,E02004208,1,25969,1646
exeter,other,passenger,E02004150,E02004208,1,25969,1646
exeter,other,driving,E02004150,E02003161,1,18758,1396
exeter,other,driving,E02004149,E02004191,4,26271,2339
exeter,taunton,driving,E02004150,E02006108,2,75633,3489
exeter,other,train,E02004159,E02004147,3,18010,3349
exeter,other,train,E02004159,E02004142,3,12796,3218
exeter,other,train,E02004163,E02004130,1,24079,2724
exeter,other,train,E02004163,E02003148,3,90308,7838
exeter,other,train,E02004160,E02003148,1,89138,6797
exeter,other,train,E02004163,E02004147,2,17241,3831
exeter,bristol,train,E02004160,E02003043,1,129356,8654
exeter,other,train,E02004159,E02003148,1,86602,6210
exeter,bristol,train,E02004163,E02003043,1,130526,9695
exeter,other,bus,E02004161,E02004134,7,5364,1271
exeter,other,bus,E02004163,E02004134,5,16294,4269
exeter,other,bus,E02004160,E02004134,12,7227,1800
exeter,other,bus,E02004159,E02004134,12,11617,4823
exeter,other,bus,E02004162,E02004134,14,8027,1727
exeter,other,bus,E02004161,E02004142,7,5364,1271
exeter,other,bus,E02004163,E02004171,3,8700,2133
exeter,other,bus,E02004160,E02004171,4,2277,1809
exeter,other,bus,E02004161,E02004202,6,1941,1577
exeter,other,bus,E02004163,E02004142,8,16294,4269
exeter,other,bus,E02004159,E02004171,3,1544,1244
exeter,other,bus,E02004160,E02004142,6,7227,1800
exeter,other,bus,E02004161,E02004174,1,9210,3235
exeter,other,bus,E02004162,E02004142,2,8027,1727
exeter,other,bus,E02004160,E02004202,1,2053,1573
exeter,other,bus,E02004163,E02004202,5,6771,2531
exeter,other,bus,E02004159,E02004142,8,11617,4823
exeter,other,bus,E02004162,E02004202,1,3564,1337
exeter,other,bus,E02004161,E02004171,5,3762,1304
exeter,other,bus,E02004162,E02004174,4,3521,1511
exeter,other,bus,E02004159,E02004202,2,8880,2538
highbridge_and_burnham,bristol,train,E02006065,E02006887,7,46929,4311
highbridge_and_burnham,bristol,train,E02006065,E02003043,4,47934,5180
highbridge_and_burnham,bristol,train,E02006064,E02003043,5,50727,9012
highbridge_and_burnham,bristol,train,E02006064,E02006887,6,49722,8143
highbridge_and_burnham,other,bus,E02006064,E02006062,5,2251,1814
highbridge_and_burnham,other,bus,E02006065,E02006062,12,5303,2683
highbridge_and_burnham,bridgwater,bus,E02006064,E02006069,7,16963,2915
highbridge_and_burnham,bridgwater,bus,E02006065,E02006069,12,14097,2113
highbridge_and_burnham,other,bicycle,E02006064,E02006062,26,2251,642
highbridge_and_burnham,other,bicycle,E02006065,E02006062,7,3563,920
highbridge_and_burnham,bridgwater,bicycle,E02006064,E02006069,3,16737,3172
highbridge_and_burnham,bridgwater,bicycle,E02006065,E02006069,7,13540,2580
highbridge_and_burnham,bridgwater,foot,E02006064,E02006069,8,14315,11652
highbridge_and_burnham,other,foot,E02006065,E02006062,12,3314,2707
highbridge_and_burnham,other,foot,E02006064,E02006062,21,2251,1814
highbridge_and_burnham,bridgwater,foot,E02006065,E02006069,10,12226,9944
highbridge_and_burnham,bridgwater,foot,E02006065,E02006068,4,11946,9711
highbridge_and_burnham,other,foot,E02006064,E02006061,1,17774,14458
highbridge_and_burnham,bridgwater,foot,E02006064,E02006068,9,14035,11419
highbridge_and_burnham,other,foot,E02006065,E02006061,5,17549,14315
highbridge_and_burnham,other,taxi,E02006065,E02006062,1,3399,398
highbridge_and_burnham,other,driving,E02006065,E02006062,162,3399,398
highbridge_and_burnham,other,passenger,E02006065,E02006062,25,3399,398
highbridge_and_burnham,other,taxi,E02006065,E02006066,1,15749,1519
highbridge_and_burnham,other,driving,E02006065,E02006066,56,15749,1519
highbridge_and_burnham,other,passenger,E02006065,E02006066,7,15749,1519
highbridge_and_burnham,other,driving,E02006065,E02006074,45,21842,1163
highbridge_and_burnham,other,passenger,E02006065,E02006074,2,21842,1163
highbridge_and_burnham,weston-super-mare,driving,E02006065,E02003086,11,16221,1188
highbridge_and_burnham,weston-super-mare,passenger,E02006065,E02003086,1,16221,1188
highbridge_and_burnham,other,driving,E02006065,E02003078,12,24526,1402
highbridge_and_burnham,other,passenger,E02006065,E02003078,2,24526,1402
highbridge_and_burnham,taunton,driving,E02006065,E02006107,5,34567,1721
highbridge_and_burnham,other,driving,E02006065,E02006845,16,20785,1094
highbridge_and_burnham,other,taxi,E02006064,E02006062,1,2358,296
highbridge_and_burnham,other,driving,E02006064,E02006062,208,2358,296
highbridge_and_burnham,other,passenger,E02006064,E02006062,32,2358,296
highbridge_and_burnham,other,driving,E02006065,E02006063,33,12525,1132
highbridge_and_burnham,other,passenger,E02006065,E02006063,5,12525,1132
highbridge_and_burnham,weston-super-mare,driving,E02006065,E02006846,24,22180,1165
highbridge_and_burnham,other,driving,E02006065,E02003069,8,30002,1478
highbridge_and_burnham,other,passenger,E02006065,E02003069,1,30002,1478
highbridge_and_burnham,bridgwater,driving,E02006065,E02006068,63,12512,1091
highbridge_and_burnham,bridgwater,passenger,E02006065,E02006068,10,12512,1091
highbridge_and_burnham,other,driving,E02006065,E02006061,41,17700,1269
highbridge_and_burnham,other,passenger,E02006065,E02006061,2,17700,1269
highbridge_and_burnham,taunton,driving,E02006065,E02006100,8,36234,1912
highbridge_and_burnham,taunton,passenger,E02006065,E02006100,1,36234,1912
highbridge_and_burnham,wellington,driving,E02006065,E02006111,5,45871,2127
highbridge_and_burnham,wellington,passenger,E02006065,E02006111,1,45871,2127
highbridge_and_burnham,other,driving,E02006064,E02006074,39,21961,1113
highbridge_and_burnham,other,passenger,E02006064,E02006074,2,21961,1113
highbridge_and_burnham,weston-super-mare,driving,E02006064,E02003084,51,17490,1297
highbridge_and_burnham,weston-super-mare,passenger,E02006064,E02003084,3,17490,1297
highbridge_and_burnham,taunton,driving,E02006064,E02006105,14,34785,1722
highbridge_and_burnham,taunton,passenger,E02006064,E02006105,2,34785,1722
highbridge_and_burnham,other,driving,E02006065,E02003087,5,18147,1345
highbridge_and_burnham,other,driving,E02006065,E02006112,4,35920,1853
highbridge_and_burnham,other,passenger,E02006065,E02006112,1,35920,1853
highbridge_and_burnham,taunton,driving,E02006064,E02006109,9,37784,2066
highbridge_and_burnham,taunton,passenger,E02006064,E02006109,2,37784,2066
highbridge_and_burnham,weston-super-mare,driving,E02006065,E02003080,4,21033,1155
highbridge_and_burnham,taunton,driving,E02006065,E02006102,5,35236,1811
highbridge_and_burnham,weston-super-mare,driving,E02006064,E02006846,15,22299,1115
highbridge_and_burnham,weston-super-mare,passenger,E02006064,E02006846,2,22299,1115
highbridge_and_burnham,other,driving,E02006065,E02006072,22,16844,1348
highbridge_and_burnham,bristol,driving,E02006064,E02003014,8,44858,1993
highbridge_and_burnham,bristol,passenger,E02006064,E02003014,2,44858,1993
highbridge_and_burnham,other,driving,E02006065,E02006071,11,13930,1212
highbridge_and_burnham,taunton,driving,E02006064,E02006104,11,32570,1487
highbridge_and_burnham,weston-super-mare,driving,E02006065,E02003089,45,14944,1112
highbridge_and_burnham,weston-super-mare,passenger,E02006065,E02003089,1,14944,1112
highbridge_and_burnham,other,driving,E02006064,E02006070,33,18560,1189
highbridge_and_burnham,other,passenger,E02006064,E02006070,5,18560,1189
highbridge_and_burnham,bridgwater,driving,E02006064,E02006069,94,17560,1196
highbridge_and_burnham,bridgwater,passenger,E02006064,E02006069,10,17560,1196
highbridge_and_burnham,bristol,driving,E02006065,E02003019,14,43467,1877
highbridge_and_burnham,bristol,passenger,E02006065,E02003019,1,43467,1877
highbridge_and_burnham,bristol,driving,E02006064,E02003019,14,43586,1826
highbridge_and_burnham,bristol,passenger,E02006064,E02003019,1,43586,1826
highbridge_and_burnham,bristol,driving,E02006065,E02003014,5,44739,2043
highbridge_and_burnham,bristol,passenger,E02006065,E02003014,2,44739,2043
highbridge_and_burnham,other,taxi,E02006064,E02006066,2,15868,1468
highbridge_and_burnham,other,driving,E02006064,E02006066,25,15868,1468
highbridge_and_burnham,other,driving,E02006065,E02003066,3,35416,1886
highbridge_and_burnham,other,driving,E02006065,E02003071,8,29032,1346
highbridge_and_burnham,other,driving,E02006065,E02003068,8,41171,1962
highbridge_and_burnham,other,driving,E02006065,E02006054,15,26591,2231
highbridge_and_burnham,taunton,driving,E02006064,E02006108,31,36080,1928
highbridge_and_burnham,taunton,passenger,E02006064,E02006108,3,36080,1928
highbridge_and_burnham,other,driving,E02006064,E02003087,5,18266,1295
highbridge_and_burnham,weston-super-mare,driving,E02006065,E02003084,58,17371,1348
highbridge_and_burnham,weston-super-mare,passenger,E02006065,E02003084,6,17371,1348
highbridge_and_burnham,other,driving,E02006064,E02006067,4,24480,1711
highbridge_and_burnham,other,passenger,E02006064,E02006067,1,24480,1711
highbridge_and_burnham,other,driving,E02006065,E02006103,1,31678,1962
highbridge_and_burnham,other,driving,E02006065,E02003077,9,29455,2007
highbridge_and_burnham,other,passenger,E02006065,E02003077,1,29455,2007
highbridge_and_burnham,taunton,driving,E02006064,E02006102,7,35355,1761
highbridge_and_burnham,other,driving,E02006064,E02003068,2,41290,1912
highbridge_and_burnham,other,driving,E02006065,E02003100,8,53829,2362
highbridge_and_burnham,weston-super-mare,driving,E02006065,E02003082,11,18689,1460
highbridge_and_burnham,weston-super-mare,passenger,E02006065,E02003082,1,18689,1460
highbridge_and_burnham,bristol,driving,E02006065,E02003027,4,50731,2818
highbridge_and_burnham,other,driving,E02006064,E02006063,26,13328,1135
highbridge_and_burnham,bridgwater,driving,E02006065,E02006069,117,12821,1175
highbridge_and_burnham,bridgwater,passenger,E02006065,E02006069,12,12821,1175
highbridge_and_burnham,taunton,driving,E02006065,E02006108,43,35961,1978
highbridge_and_burnham,taunton,passenger,E02006065,E02006108,4,35961,1978
highbridge_and_burnham,taunton,driving,E02006065,E02006104,25,32451,1537
highbridge_and_burnham,taunton,passenger,E02006065,E02006104,2,32451,1537
highbridge_and_burnham,other,driving,E02006065,E02003094,7,50852,2221
highbridge_and_burnham,other,driving,E02006064,E02006058,7,30346,1862
highbridge_and_burnham,other,passenger,E02006064,E02006058,1,30346,1862
highbridge_and_burnham,taunton,driving,E02006064,E02006100,14,36353,1861
highbridge_and_burnham,taunton,passenger,E02006064,E02006100,1,36353,1861
highbridge_and_burnham,other,driving,E02006064,E02006072,12,21870,1301
highbridge_and_burnham,bridgwater,driving,E02006064,E02006073,18,23225,1253
highbridge_and_burnham,taunton,driving,E02006064,E02006106,7,37813,1969
highbridge_and_burnham,other,driving,E02006064,E02006112,5,36039,1803
highbridge_and_burnham,other,passenger,E02006064,E02006112,1,36039,1803
highbridge_and_burnham,other,driving,E02006064,E02006845,10,20904,1043
highbridge_and_burnham,other,passenger,E02006064,E02006845,1,20904,1043
highbridge_and_burnham,other,driving,E02006064,E02006103,8,31797,1912
highbridge_and_burnham,other,passenger,E02006064,E02006103,1,31797,1912
highbridge_and_burnham,bridgwater,driving,E02006065,E02006073,20,14124,1370
highbridge_and_burnham,bridgwater,passenger,E02006065,E02006073,1,14124,1370
highbridge_and_burnham,other,driving,E02006065,E02003076,18,28238,1617
highbridge_and_burnham,weston-super-mare,driving,E02006064,E02003089,35,15063,1061
highbridge_and_burnham,weston-super-mare,passenger,E02006064,E02003089,1,15063,1061
highbridge_and_burnham,taunton,driving,E02006065,E02006105,16,34666,1772
highbridge_and_burnham,taunton,passenger,E02006065,E02006105,3,34666,1772
highbridge_and_burnham,other,driving,E02006065,E02003070,3,40174,2145
highbridge_and_burnham,other,driving,E02006065,E02003098,7,53596,2326
highbridge_and_burnham,other,driving,E02006064,E02003107,7,58320,2769
highbridge_and_burnham,taunton,driving,E02006065,E02006109,16,37664,2116
highbridge_and_burnham,taunton,passenger,E02006065,E02006109,2,37664,2116
highbridge_and_burnham,other,driving,E02006065,E02003108,7,66291,3127
highbridge_and_burnham,weston-super-mare,driving,E02006064,E02003086,5,16340,1137
highbridge_and_burnham,other,taxi,E02006065,E02006067,1,19741,1691
highbridge_and_burnham,other,driving,E02006065,E02006067,13,19741,1691
highbridge_and_burnham,other,driving,E02006065,E02006051,9,28401,2162
highbridge_and_burnham,other,passenger,E02006065,E02006051,4,28401,2162
highbridge_and_burnham,bristol,driving,E02006065,E02003043,25,47956,2577
highbridge_and_burnham,bristol,passenger,E02006065,E02003043,3,47956,2577
highbridge_and_burnham,taunton,driving,E02006065,E02006106,13,37694,2019
highbridge_and_burnham,other,driving,E02006064,E02003071,10,29151,1296
highbridge_and_burnham,bridgwater,driving,E02006064,E02006068,79,17731,1096
highbridge_and_burnham,bridgwater,passenger,E02006064,E02006068,5,17731,1096
highbridge_and_burnham,other,driving,E02006064,E02006071,6,18669,1233
highbridge_and_burnham,other,passenger,E02006064,E02006071,1,18669,1233
highbridge_and_burnham,weston-super-mare,driving,E02006064,E02003085,10,17067,1260
highbridge_and_burnham,weston-super-mare,passenger,E02006064,E02003085,1,17067,1260
highbridge_and_burnham,weston-super-mare,driving,E02006065,E02003085,17,16948,1311
highbridge_and_burnham,other,driving,E02006064,E02003066,9,35535,1836
highbridge_and_burnham,bristol,driving,E02006064,E02003015,6,53609,2549
highbridge_and_burnham,bristol,driving,E02006065,E02006887,10,66163,2952
highbridge_and_burnham,wellington,driving,E02006064,E02006111,1,45990,2077
highbridge_and_burnham,other,driving,E02006064,E02003078,10,24645,1352
highbridge_and_burnham,other,driving,E02006065,E02003088,16,22135,1724
highbridge_and_burnham,other,driving,E02006064,E02006116,21,41760,3001
highbridge_and_burnham,other,driving,E02006064,E02003094,9,50971,2171
highbridge_and_burnham,weston-super-mare,driving,E02006064,E02003082,17,18808,1410
highbridge_and_burnham,weston-super-mare,passenger,E02006064,E02003082,1,18808,1410
highbridge_and_burnham,other,driving,E02006064,E02003088,15,22255,1674
highbridge_and_burnham,other,passenger,E02006064,E02003088,3,22255,1674
highbridge_and_burnham,weston-super-mare,driving,E02006064,E02003080,15,21152,1104
highbridge_and_burnham,other,driving,E02006064,E02006051,9,28520,2111
highbridge_and_burnham,bristol,driving,E02006065,E02003015,2,53490,2600
highbridge_and_burnham,other,driving,E02006064,E02003098,9,53715,2275
highbridge_and_burnham,other,driving,E02006064,E02003077,18,29575,1957
highbridge_and_burnham,bristol,driving,E02006064,E02006887,12,66282,2902
highbridge_and_burnham,other,driving,E02006064,E02006060,18,30591,1921
highbridge_and_burnham,other,driving,E02006065,E02003106,3,59946,2601
highbridge_and_burnham,other,driving,E02006064,E02003069,7,30121,1427
highbridge_and_burnham,other,passenger,E02006064,E02003069,1,30121,1427
highbridge_and_burnham,other,driving,E02006064,E02003106,14,60065,2551
highbridge_and_burnham,bristol,driving,E02006064,E02003027,7,50850,2767
highbridge_and_burnham,bristol,passenger,E02006064,E02003027,1,50850,2767
highbridge_and_burnham,other,driving,E02006065,E02006116,12,37021,2981
highbridge_and_burnham,other,driving,E02006064,E02006054,5,27394,2233
highbridge_and_burnham,other,passenger,E02006064,E02006054,2,27394,2233
highbridge_and_burnham,other,driving,E02006065,E02006060,18,25565,1968
highbridge_and_burnham,other,passenger,E02006065,E02006060,1,25565,1968
highbridge_and_burnham,other,driving,E02006064,E02003076,13,28357,1566
highbridge_and_burnham,other,driving,E02006065,E02006058,11,25321,1909
highbridge_and_burnham,other,passenger,E02006065,E02006058,1,25321,1909
highbridge_and_burnham,other,driving,E02006065,E02006070,52,13885,1245
highbridge_and_burnham,other,passenger,E02006065,E02006070,3,13885,1245
highbridge_and_burnham,other,driving,E02006065,E02003107,7,58201,2820
highbridge_and_burnham,other,passenger,E02006065,E02003107,1,58201,2820
highbridge_and_burnham,other,driving,E02006064,E02003108,4,66410,3077
highbridge_and_burnham,bristol,driving,E02006064,E02003043,20,48075,2526
highbridge_and_burnham,other,driving,E02006064,E02003070,7,40293,2094
highbridge_and_burnham,other,driving,E02006064,E02003100,8,53948,2311
highbridge_and_burnham,other,passenger,E02006064,E02003100,1,53948,2311
highbridge_and_burnham,other,driving,E02006064,E02006061,33,17820,1218
highbridge_and_burnham,other,passenger,E02006064,E02006061,2,17820,1218
taunton,bristol,train,E02006109,E02006887,5,76880,5158
taunton,bridgwater,train,E02006105,E02006068,8,19719,1578
taunton,bristol,train,E02006108,E02006887,8,74506,4164
taunton,exeter,train,E02006109,E02004156,4,55609,5141
taunton,exeter,train,E02006108,E02004156,6,53297,4032
taunton,bristol,train,E02006106,E02006887,2,79279,5017
taunton,bridgwater,train,E02006100,E02006068,1,20962,2575
taunton,exeter,train,E02006105,E02004156,15,50608,2645
taunton,bristol,train,E02006106,E02003043,3,80284,5886
taunton,exeter,train,E02006106,E02004156,2,58008,5000
taunton,bristol,train,E02006100,E02003043,6,75000,4575
taunton,bristol,train,E02006105,E02006887,15,72725,2682
taunton,bristol,train,E02006109,E02003043,7,77885,6027
taunton,bristol,train,E02006105,E02003043,17,73730,3551
taunton,bristol,train,E02006100,E02006887,21,73995,3706
taunton,exeter,train,E02006100,E02004156,6,52724,3530
taunton,bristol,train,E02006108,E02003043,5,75511,5033
taunton,exeter,train,E02006104,E02004156,2,55045,6004
taunton,bristol,train,E02006104,E02006887,7,76435,6021
taunton,bristol,train,E02006104,E02003043,3,77440,6890
taunton,wellington,bus,E02006105,E02006111,1,15794,2701
taunton,wellington,bus,E02006108,E02006110,8,14419,2297
taunton,wellington,bus,E02006105,E02006110,4,15460,2608
taunton,wellington,bus,E02006106,E02006111,1,11656,2052
taunton,wellington,bus,E02006104,E02006110,4,16870,2699
taunton,other,bus,E02006104,E02006112,4,3469,2886
taunton,other,bus,E02006106,E02006074,1,16916,3750
taunton,other,bus,E02006108,E02006113,1,47776,5476
taunton,wellington,bus,E02006104,E02006111,3,17204,2792
taunton,other,bus,E02006105,E02006113,5,45838,4679
taunton,other,bus,E02006109,E02006112,1,9811,5453
taunton,other,bus,E02006105,E02006074,7,14862,2550
taunton,wellington,bus,E02006102,E02006110,4,15369,4467
taunton,wellington,bus,E02006102,E02006111,4,15300,4742
taunton,wellington,bus,E02006107,E02006110,3,16400,2887
taunton,wellington,bus,E02006108,E02006111,5,14753,2390
taunton,wellington,bus,E02006107,E02006111,1,16734,2980
taunton,other,bus,E02006105,E02006112,3,3895,3254
taunton,wellington,bus,E02006106,E02006110,1,11323,1959
taunton,other,bus,E02006106,E02006112,3,9798,3798
taunton,other,bus,E02006102,E02006074,2,14593,3333
taunton,other,bus,E02006100,E02006112,3,8259,5613
taunton,other,bus,E02006104,E02006074,1,11199,1261
taunton,other,bus,E02006107,E02006112,1,2596,2197
taunton,other,bus,E02006102,E02006112,5,7631,5236
taunton,other,bus,E02006108,E02006112,3,3198,2626
taunton,other,foot,E02006109,E02006112,10,5192,4259
taunton,other,foot,E02006108,E02006112,22,3198,2626
taunton,other,foot,E02006107,E02006112,29,2596,2197
taunton,wellington,foot,E02006108,E02006110,5,10747,8946
taunton,other,foot,E02006105,E02006103,2,6059,4888
taunton,other,foot,E02006106,E02006112,4,6024,4967
taunton,other,foot,E02006106,E02006103,2,9454,7652
taunton,wellington,foot,E02006107,E02006110,2,12762,10589
taunton,other,foot,E02006102,E02006112,4,5500,4552
taunton,other,foot,E02006107,E02006103,5,5104,4171
taunton,other,foot,E02006104,E02006112,10,3469,2886
taunton,other,foot,E02006108,E02006103,1,7019,5754
taunton,other,foot,E02006105,E02006112,16,3895,3254
taunton,wellington,foot,E02006109,E02006110,2,9274,7668
taunton,other,foot,E02006107,E02006116,6,24085,19832
taunton,other,foot,E02006100,E02006112,6,5187,4283
taunton,other,foot,E02006102,E02006116,1,21367,17556
taunton,other,foot,E02006109,E02006116,2,22691,18645
taunton,wellington,foot,E02006102,E02006110,10,13019,10762
taunton,other,foot,E02006105,E02006116,3,21809,17962
taunton,other,foot,E02006104,E02006103,5,4184,3392
taunton,other,foot,E02006102,E02006103,1,5841,4723
taunton,wellington,foot,E02006100,E02006110,1,12706,10483
taunton,wellington,foot,E02006105,E02006110,3,11414,9465
taunton,other,foot,E02006104,E02006116,1,24175,19924
taunton,wellington,foot,E02006104,E02006110,4,13517,11205
taunton,other,foot,E02006108,E02006116,3,22860,18827
taunton,other,foot,E02006102,E02006114,1,38140,31251
taunton,other,foot,E02006108,E02006080,2,39274,31916
taunton,other,foot,E02006109,E02006080,1,41317,33583
taunton,other,foot,E02006104,E02006114,1,40195,33245
taunton,other,foot,E02006106,E02006080,16,42009,34157
taunton,other,foot,E02006107,E02006114,1,40106,33132
taunton,other,foot,E02006109,E02006114,7,38782,32010
taunton,other,driving,E02006109,E02004129,2,21913,1804
taunton,other,driving,E02006109,E02006098,6,27572,1986
taunton,other,driving,E02006109,E02006081,8,23054,1905
taunton,other,driving,E02006109,E02006099,17,8685,741
taunton,other,driving,E02006109,E02006103,22,11432,1519
taunton,other,passenger,E02006109,E02006103,2,11432,1519
taunton,other,driving,E02006109,E02004169,3,26739,1545
taunton,exeter,driving,E02006109,E02004159,21,48200,2372
taunton,exeter,passenger,E02006109,E02004159,3,48200,2372
taunton,other,driving,E02006104,E02006090,6,39353,2263
taunton,bridgwater,driving,E02006109,E02006073,5,20671,1564
taunton,other,driving,E02006108,E02004129,2,21795,1816
taunton,other,driving,E02006109,E02006091,3,36288,2421
taunton,tiverton,driving,E02006109,E02004167,8,31642,1669
taunton,wellington,driving,E02006109,E02006110,54,10009,863
taunton,wellington,passenger,E02006109,E02006110,2,10009,863
taunton,exeter,driving,E02006109,E02004162,10,57765,2580
taunton,other,driving,E02006109,E02006112,39,5990,698
taunton,other,passenger,E02006109,E02006112,5,5990,698
taunton,other,driving,E02006109,E02006067,4,23000,2145
taunton,other,driving,E02006109,E02006074,30,16623,1433
taunton,other,passenger,E02006109,E02006074,2,16623,1433
taunton,wellington,driving,E02006109,E02006111,78,10264,913
taunton,wellington,passenger,E02006109,E02006111,2,10264,913
taunton,other,driving,E02006108,E02006084,7,31708,2182
taunton,other,passenger,E02006108,E02006084,3,31708,2182
taunton,other,driving,E02006108,E02006066,2,28279,2301
taunton,other,passenger,E02006108,E02006066,1,28279,2301
taunton,other,driving,E02006109,E02006116,22,23109,1571
taunton,other,driving,E02006109,E02006115,5,29169,2092
taunton,other,driving,E02006108,E02004164,5,43279,2378
taunton,other,driving,E02006108,E02006091,6,34832,2326
taunton,other,driving,E02006108,E02004166,5,22533,1667
taunton,bridgwater,driving,E02006109,E02006069,27,22160,1810
taunton,bridgwater,passenger,E02006109,E02006069,2,22160,1810
taunton,other,driving,E02006109,E02004166,3,21235,1490
taunton,other,driving,E02006109,E02004142,4,53172,2464
taunton,other,driving,E02006109,E02006084,2,33165,2277
taunton,highbridge_and_burnham,driving,E02006109,E02006064,1,37274,2058
taunton,highbridge_and_burnham,driving,E02006108,E02006064,2,35818,1964
taunton,other,driving,E02006108,E02006098,1,25587,1992
taunton,other,passenger,E02006108,E02006098,2,25587,1992
taunton,other,driving,E02006109,E02006092,12,44595,2826
taunton,highbridge_and_burnham,driving,E02006109,E02006065,3,37052,2092
taunton,other,driving,E02006108,E02006112,39,4533,603
taunton,other,passenger,E02006108,E02006112,9,4533,603
taunton,other,driving,E02006109,E02006088,4,47776,3168
taunton,other,driving,E02006109,E02006070,11,23339,1949
taunton,other,driving,E02006102,E02004134,4,48848,2602
taunton,other,driving,E02006109,E02006066,4,29736,2395
taunton,other,driving,E02006109,E02006096,8,26525,1936
taunton,other,passenger,E02006109,E02006096,1,26525,1936
taunton,other,driving,E02006109,E02006114,4,39983,2803
taunton,other,passenger,E02006109,E02006114,1,39983,2803
taunton,other,driving,E02006108,E02006090,8,43424,2759
taunton,other,driving,E02006109,E02006071,3,24627,2022
taunton,other,driving,E02006109,E02006080,4,46902,2902
taunton,other,driving,E02006109,E02004134,2,42286,2391
taunton,other,passenger,E02006109,E02004134,1,42286,2391
taunton,other,driving,E02006108,E02006099,10,9711,895
taunton,other,passenger,E02006108,E02006099,1,9711,895
taunton,other,driving,E02006108,E02006096,7,24540,1942
taunton,other,passenger,E02006108,E02006096,2,24540,1942
taunton,other,driving,E02006109,E02006093,14,23203,1815
taunton,other,driving,E02006109,E02004164,5,41981,2201
taunton,other,driving,E02006108,E02006072,4,34280,2133
taunton,other,driving,E02006108,E02006087,4,42998,2728
taunton,other,driving,E02006109,E02006058,3,44214,2789
taunton,other,passenger,E02006109,E02006058,1,44214,2789
taunton,exeter,driving,E02006108,E02004162,4,59063,2758
taunton,wellington,taxi,E02006108,E02006110,1,11307,1041
taunton,wellington,driving,E02006108,E02006110,36,11307,1041
taunton,wellington,passenger,E02006108,E02006110,2,11307,1041
taunton,exeter,driving,E02006109,E02004161,5,48889,2476
taunton,other,driving,E02006108,E02006088,2,46320,3073
taunton,wellington,driving,E02006108,E02006111,49,11563,1090
taunton,wellington,passenger,E02006108,E02006111,10,11563,1090
taunton,other,driving,E02006108,E02006116,20,24135,1725
taunton,other,passenger,E02006108,E02006116,1,24135,1725
taunton,exeter,driving,E02006109,E02004156,10,51503,2931
taunton,other,driving,E02006109,E02006101,12,17365,1311
taunton,other,passenger,E02006109,E02006101,3,17365,1311
taunton,other,driving,E02006109,E02006113,5,38681,2711
taunton,other,driving,E02006108,E02006101,17,18391,1465
taunton,other,passenger,E02006108,E02006101,5,18391,1465
taunton,other,taxi,E02006108,E02006089,1,45991,2989
taunton,other,driving,E02006108,E02006089,7,45991,2989
taunton,other,passenger,E02006108,E02006089,1,45991,2989
taunton,other,driving,E02006108,E02006061,3,47626,2705
taunton,other,driving,E02006109,E02006097,5,26012,1881
taunton,other,driving,E02006109,E02006087,1,44455,2823
taunton,weston-super-mare,passenger,E02006109,E02006846,1,52683,2610
taunton,weston-super-mare,driving,E02006109,E02003084,1,48754,2879
taunton,other,driving,E02006108,E02004134,3,43585,2568
taunton,weston-super-mare,driving,E02006108,E02006846,3,51226,2515
taunton,other,driving,E02006107,E02006112,70,2948,322
taunton,other,passenger,E02006107,E02006112,16,2948,322
taunton,other,driving,E02006108,E02006115,4,30195,2246
taunton,other,driving,E02006108,E02006081,11,21597,1811
taunton,other,passenger,E02006108,E02006081,1,21597,1811
taunton,bridgwater,driving,E02006109,E02006068,24,23226,1913
taunton,bridgwater,passenger,E02006109,E02006068,1,23226,1913
taunton,other,driving,E02006108,E02006103,32,9975,1424
taunton,other,passenger,E02006108,E02006103,2,9975,1424
taunton,other,driving,E02006107,E02006066,4,26348,1961
taunton,other,driving,E02006109,E02006117,3,41135,2700
taunton,other,driving,E02006108,E02006093,13,21746,1720
taunton,other,passenger,E02006108,E02006093,2,21746,1720
taunton,other,driving,E02006109,E02006078,5,27420,2249
taunton,other,driving,E02006108,E02006097,9,24027,1887
taunton,other,passenger,E02006108,E02006097,1,24027,1887
taunton,other,driving,E02006109,E02006089,4,47448,3084
taunton,other,driving,E02006108,E02006071,4,23170,1927
taunton,other,taxi,E02006108,E02006057,1,46953,3137
taunton,other,driving,E02006108,E02006057,1,46953,3137
taunton,other,driving,E02006109,E02006060,9,44458,2848
taunton,exeter,driving,E02006108,E02004161,2,50187,2653
taunton,other,driving,E02006108,E02006079,1,62835,3300
taunton,other,driving,E02006107,E02006091,2,31579,1865
taunton,other,driving,E02006109,E02006057,1,48410,3232
taunton,other,driving,E02006107,E02006098,8,24001,1711
taunton,other,passenger,E02006107,E02006098,3,24001,1711
taunton,bristol,driving,E02006109,E02003043,4,78460,4021
taunton,bristol,passenger,E02006109,E02003043,1,78460,4021
taunton,highbridge_and_burnham,driving,E02006107,E02006064,3,33887,1624
taunton,highbridge_and_burnham,driving,E02006108,E02006065,11,35595,1998
taunton,other,driving,E02006108,E02006078,9,25963,2155
taunton,other,driving,E02006108,E02006086,10,43466,2758
taunton,bridgwater,driving,E02006108,E02006073,2,19214,1470
taunton,bridgwater,driving,E02006108,E02006069,24,20703,1716
taunton,bridgwater,passenger,E02006108,E02006069,1,20703,1716
taunton,other,driving,E02006108,E02006070,6,21882,1854
taunton,other,passenger,E02006108,E02006070,1,21882,1854
taunton,other,driving,E02006108,E02006095,5,33919,2566
taunton,other,passenger,E02006108,E02006095,7,33919,2566
taunton,other,driving,E02006107,E02006072,3,32350,1794
taunton,other,driving,E02006107,E02006093,11,18494,1259
taunton,other,driving,E02006107,E02004129,7,24758,1770
taunton,other,driving,E02006107,E02006087,2,39746,2267
taunton,other,passenger,E02006107,E02006087,1,39746,2267
taunton,other,driving,E02006108,E02006092,10,43138,2732
taunton,other,passenger,E02006108,E02006092,1,43138,2732
taunton,tiverton,driving,E02006108,E02004167,8,32941,1846
taunton,other,driving,E02006107,E02004134,3,48315,2557
taunton,other,driving,E02006108,E02004169,3,28038,1722
taunton,other,driving,E02006107,E02006097,10,22442,1606
taunton,other,passenger,E02006107,E02006097,1,22442,1606
taunton,other,driving,E02006107,E02006061,2,45696,2366
taunton,wellington,driving,E02006107,E02006110,36,13026,1255
taunton,wellington,passenger,E02006107,E02006110,3,13026,1255
taunton,other,driving,E02006107,E02006089,3,42739,2528
taunton,other,driving,E02006107,E02006084,2,28456,1721
taunton,other,passenger,E02006107,E02006084,2,28456,1721
taunton,other,driving,E02006108,E02006074,30,15166,1339
taunton,other,passenger,E02006108,E02006074,6,15166,1339
taunton,other,driving,E02006108,E02004142,9,54471,2642
taunton,other,driving,E02006107,E02006117,2,42532,2838
taunton,bristol,driving,E02006108,E02006887,4,95210,4302
taunton,other,driving,E02006108,E02003106,3,88993,3951
taunton,other,driving,E02006109,E02006095,9,35376,2661
taunton,wellington,driving,E02006107,E02006111,67,13282,1304
taunton,wellington,passenger,E02006107,E02006111,5,13282,1304
taunton,other,driving,E02006109,E02006086,8,44923,2852
taunton,weston-super-mare,driving,E02006108,E02003084,5,47297,2784
taunton,other,driving,E02006108,E02006080,7,45445,2808
taunton,other,driving,E02006107,E02006099,19,10082,879
taunton,tiverton,driving,E02006107,E02004167,5,37671,1835
taunton,other,driving,E02006109,E02003106,5,90450,4046
taunton,other,passenger,E02006109,E02003106,1,90450,4046
taunton,bridgwater,driving,E02006107,E02006073,7,17284,1130
taunton,other,driving,E02006108,E02006113,8,39707,2865
taunton,other,driving,E02006107,E02006103,32,8205,1032
taunton,other,passenger,E02006107,E02006103,10,8205,1032
taunton,highbridge_and_burnham,driving,E02006107,E02006065,10,33665,1658
taunton,other,driving,E02006107,E02004169,1,32768,1711
taunton,weston-super-mare,driving,E02006107,E02006846,1,49296,2176
taunton,other,driving,E02006106,E02006115,6,26724,1806
taunton,other,driving,E02006107,E02006058,3,40826,2355
taunton,other,driving,E02006106,E02006112,40,6462,755
taunton,other,passenger,E02006106,E02006112,4,6462,755
taunton,other,driving,E02006107,E02004166,4,24252,1881
taunton,other,driving,E02006106,E02004129,3,23424,1926
taunton,other,passenger,E02006106,E02004129,1,23424,1926
taunton,other,driving,E02006107,E02006071,1,21239,1588
taunton,other,passenger,E02006107,E02006071,2,21239,1588
taunton,other,driving,E02006107,E02006101,18,18761,1449
taunton,other,passenger,E02006107,E02006101,3,18761,1449
taunton,bridgwater,driving,E02006107,E02006069,30,18773,1376
taunton,bridgwater,passenger,E02006107,E02006069,1,18773,1376
taunton,other,driving,E02006107,E02006115,2,30566,2230
taunton,exeter,driving,E02006108,E02004156,5,52802,3108
taunton,other,driving,E02006107,E02006081,8,18345,1350
taunton,other,driving,E02006108,E02006060,7,43001,2753
taunton,other,driving,E02006106,E02006101,32,14920,1025
taunton,other,passenger,E02006106,E02006101,3,14920,1025
taunton,other,driving,E02006106,E02006103,28,11019,1353
taunton,other,passenger,E02006106,E02006103,2,11019,1353
taunton,other,driving,E02006107,E02006096,12,24152,1566
taunton,other,driving,E02006106,E02006072,3,35324,2061
taunton,bridgwater,driving,E02006107,E02006068,14,19839,1479
taunton,bridgwater,passenger,E02006107,E02006068,1,19839,1479
taunton,other,driving,E02006108,E02006067,8,21367,2113
taunton,other,driving,E02006107,E02006080,1,42192,2346
taunton,exeter,driving,E02006106,E02004161,4,48949,2434
taunton,other,driving,E02006106,E02006116,19,20665,1285
taunton,other,passenger,E02006106,E02006116,1,20665,1285
taunton,exeter,driving,E02006107,E02004159,6,54229,2538
taunton,exeter,passenger,E02006107,E02004159,1,54229,2538
taunton,other,driving,E02006107,E02004164,2,48010,2367
taunton,other,driving,E02006107,E02006116,13,24506,1710
taunton,other,passenger,E02006107,E02006116,3,24506,1710
taunton,other,driving,E02006107,E02006088,1,43067,2612
taunton,wellington,driving,E02006106,E02006111,68,10325,871
taunton,wellington,passenger,E02006106,E02006111,5,10325,871
taunton,bridgwater,driving,E02006108,E02006068,20,21769,1818
taunton,other,driving,E02006106,E02006061,2,48670,2634
taunton,other,passenger,E02006106,E02006061,1,48670,2634
taunton,other,driving,E02006106,E02006098,3,27516,2143
taunton,other,passenger,E02006106,E02006098,1,27516,2143
taunton,other,driving,E02006106,E02006113,2,36237,2425
taunton,other,passenger,E02006106,E02006113,1,36237,2425
taunton,wellington,driving,E02006106,E02006110,56,10069,822
taunton,wellington,passenger,E02006106,E02006110,2,10069,822
taunton,other,driving,E02006106,E02006099,28,6241,455
taunton,other,passenger,E02006106,E02006099,2,6241,455
taunton,other,driving,E02006106,E02006091,1,35875,2255
taunton,other,driving,E02006107,E02006060,3,41071,2414
taunton,other,passenger,E02006107,E02006060,1,41071,2414
taunton,other,driving,E02006107,E02006079,1,59583,2839
taunton,other,passenger,E02006107,E02006079,1,59583,2839
taunton,other,driving,E02006107,E02006092,13,39886,2270
taunton,exeter,driving,E02006107,E02004162,7,63794,2747
taunton,other,driving,E02006105,E02006066,7,26322,1956
taunton,exeter,driving,E02006108,E02004159,9,49499,2549
taunton,exeter,driving,E02006107,E02004156,6,57532,3097
taunton,exeter,passenger,E02006107,E02004156,1,57532,3097
taunton,other,driving,E02006106,E02004166,2,21295,1448
taunton,other,driving,E02006107,E02006070,18,19952,1515
taunton,other,passenger,E02006107,E02006070,1,19952,1515
taunton,other,driving,E02006107,E02006113,5,40078,2849
taunton,other,driving,E02006108,E02003100,3,82875,3711
taunton,bristol,driving,E02006109,E02006887,2,96667,4397
taunton,other,driving,E02006107,E02006086,1,40214,2297
taunton,weston-super-mare,driving,E02006107,E02003084,4,45367,2445
taunton,weston-super-mare,passenger,E02006107,E02003084,1,45367,2445
taunton,tiverton,driving,E02006106,E02004167,5,31703,1627
taunton,other,driving,E02006106,E02006071,4,21513,1770
taunton,other,driving,E02006106,E02006090,3,44468,2687
taunton,other,driving,E02006106,E02004134,4,42347,2349
taunton,highbridge_and_burnham,driving,E02006106,E02006065,6,36639,1926
taunton,other,driving,E02006107,E02006074,58,13236,999
taunton,other,passenger,E02006107,E02006074,2,13236,999
taunton,other,driving,E02006105,E02006099,27,7764,632
taunton,other,passenger,E02006105,E02006099,1,7764,632
taunton,other,driving,E02006107,E02006090,1,40172,2298
taunton,other,driving,E02006106,E02006074,26,16210,1267
taunton,other,passenger,E02006106,E02006074,1,16210,1267
taunton,weston-super-mare,driving,E02006106,E02006846,1,52270,2443
taunton,other,driving,E02006105,E02006084,8,29752,1838
taunton,other,passenger,E02006105,E02006084,2,29752,1838
taunton,other,driving,E02006106,E02006067,4,20556,1859
taunton,other,driving,E02006106,E02004164,3,42041,2159
taunton,bridgwater,driving,E02006106,E02006073,8,20258,1398
taunton,bridgwater,passenger,E02006106,E02006073,1,20258,1398
taunton,other,driving,E02006107,E02006067,6,25647,1900
taunton,other,driving,E02006105,E02006117,8,40214,2591
taunton,other,driving,E02006106,E02006078,2,27007,2083
taunton,other,passenger,E02006106,E02006078,1,27007,2083
taunton,other,driving,E02006106,E02006117,5,38691,2414
taunton,bridgwater,driving,E02006106,E02006069,39,21747,1644
taunton,bridgwater,passenger,E02006106,E02006069,1,21747,1644
taunton,other,driving,E02006106,E02006093,9,22790,1649
taunton,other,passenger,E02006106,E02006093,1,22790,1649
taunton,other,driving,E02006107,E02004142,1,59201,2631
taunton,highbridge_and_burnham,driving,E02006105,E02006064,7,33861,1619
taunton,bridgwater,driving,E02006106,E02006068,15,22813,1746
taunton,bridgwater,passenger,E02006106,E02006068,1,22813,1746
taunton,other,driving,E02006107,E02006078,8,22711,1694
taunton,other,passenger,E02006107,E02006078,2,22711,1694
taunton,other,driving,E02006105,E02004164,7,47984,2362
taunton,other,passenger,E02006105,E02004164,1,47984,2362
taunton,highbridge_and_burnham,driving,E02006106,E02006064,3,36861,1892
taunton,other,driving,E02006105,E02006098,15,28392,2011
taunton,other,passenger,E02006105,E02006098,3,28392,2011
taunton,other,driving,E02006108,E02006114,2,41009,2957
taunton,other,driving,E02006105,E02006116,31,22188,1463
taunton,other,driving,E02006105,E02004129,5,26936,2023
taunton,other,passenger,E02006105,E02004129,1,26936,2023
taunton,other,driving,E02006106,E02006114,7,37538,2517
taunton,bridgwater,driving,E02006105,E02006073,15,17258,1125
taunton,bridgwater,passenger,E02006105,E02006073,1,17258,1125
taunton,other,driving,E02006105,E02006103,32,8019,1080
taunton,other,passenger,E02006105,E02006103,4,8019,1080
taunton,other,driving,E02006106,E02003106,1,90037,3880
taunton,highbridge_and_burnham,driving,E02006105,E02006065,14,33639,1653
taunton,wellington,driving,E02006105,E02006111,89,13369,1185
taunton,wellington,passenger,E02006105,E02006111,21,13369,1185
taunton,tiverton,driving,E02006105,E02004167,7,37645,1830
taunton,other,driving,E02006105,E02006061,6,45670,2361
taunton,bridgwater,driving,E02006105,E02006068,37,19813,1473
taunton,other,driving,E02006106,E02006084,1,32752,2111
taunton,bridgwater,driving,E02006105,E02006069,68,18747,1371
taunton,other,driving,E02006107,E02006095,7,30666,2105
taunton,other,driving,E02006106,E02006070,14,22926,1783
taunton,other,driving,E02006106,E02006088,6,47363,3001
taunton,other,passenger,E02006106,E02006088,1,47363,3001
taunton,other,driving,E02006106,E02006086,6,44510,2686
taunton,other,passenger,E02006106,E02006086,1,44510,2686
taunton,other,driving,E02006105,E02006091,5,32875,1982
taunton,other,passenger,E02006105,E02006091,1,32875,1982
taunton,other,driving,E02006106,E02006089,11,47035,2918
taunton,other,passenger,E02006106,E02006089,2,47035,2918
taunton,other,driving,E02006105,E02006093,21,19790,1376
taunton,other,passenger,E02006105,E02006093,1,19790,1376
taunton,exeter,driving,E02006106,E02004159,16,48261,2330
taunton,exeter,passenger,E02006106,E02004159,3,48261,2330
taunton,exeter,driving,E02006105,E02004161,7,54892,2637
taunton,weston-super-mare,driving,E02006105,E02006846,3,49270,2170
taunton,other,driving,E02006105,E02006101,29,16444,1202
taunton,other,passenger,E02006105,E02006101,2,16444,1202
taunton,exeter,driving,E02006105,E02004159,18,54203,2533
taunton,exeter,passenger,E02006105,E02004159,3,54203,2533
taunton,other,driving,E02006105,E02006112,78,5125,575
taunton,other,passenger,E02006105,E02006112,8,5125,575
taunton,weston-super-mare,driving,E02006104,E02006846,2,47156,2019
taunton,other,driving,E02006105,E02006079,8,60879,2955
taunton,other,passenger,E02006105,E02006079,1,60879,2955
taunton,other,driving,E02006105,E02006081,18,19641,1466
taunton,other,passenger,E02006105,E02006081,2,19641,1466
taunton,exeter,driving,E02006106,E02004162,7,57825,2539
taunton,exeter,passenger,E02006106,E02004162,1,57825,2539
taunton,other,driving,E02006105,E02006115,2,28248,1983
taunton,other,driving,E02006104,E02006112,63,3819,424
taunton,other,passenger,E02006104,E02006112,8,3819,424
taunton,other,driving,E02006106,E02006096,6,28448,1956
taunton,other,driving,E02006105,E02006071,11,21214,1583
taunton,other,driving,E02006105,E02006089,10,44034,2645
taunton,other,passenger,E02006105,E02006089,1,44034,2645
taunton,other,driving,E02006105,E02006097,11,24619,1859
taunton,other,passenger,E02006105,E02006097,2,24619,1859
taunton,other,driving,E02006106,E02006060,9,44045,2682
taunton,other,driving,E02006104,E02006066,10,24208,1805
taunton,other,driving,E02006104,E02006072,10,30210,1637
taunton,other,driving,E02006105,E02006080,4,43488,2463
taunton,other,driving,E02006104,E02006103,55,5928,943
taunton,other,passenger,E02006104,E02006103,7,5928,943
taunton,wellington,driving,E02006105,E02006110,65,13113,1136
taunton,wellington,passenger,E02006105,E02006110,17,13113,1136
taunton,other,driving,E02006105,E02006088,6,44363,2728
taunton,other,driving,E02006104,E02006099,17,10838,985
taunton,other,passenger,E02006104,E02006099,1,10838,985
taunton,other,driving,E02006105,E02004169,1,32742,1706
taunton,other,driving,E02006107,E02006057,1,45022,2798
taunton,other,driving,E02006106,E02006058,5,43800,2622
taunton,other,driving,E02006106,E02004142,11,53233,2423
taunton,other,driving,E02006105,E02006096,23,25448,1683
taunton,other,passenger,E02006105,E02006096,7,25448,1683
taunton,other,driving,E02006106,E02006092,18,44182,2660
taunton,exeter,driving,E02006105,E02004162,6,63768,2741
taunton,exeter,passenger,E02006105,E02004162,1,63768,2741
taunton,highbridge_and_burnham,driving,E02006104,E02006064,4,31747,1468
taunton,wellington,driving,E02006104,E02006111,74,17068,1125
taunton,wellington,passenger,E02006104,E02006111,4,17068,1125
taunton,other,driving,E02006106,E02006095,1,34962,2495
taunton,other,passenger,E02006106,E02006095,1,34962,2495
taunton,other,driving,E02006104,E02006084,1,27638,1687
taunton,other,passenger,E02006104,E02006084,1,27638,1687
taunton,other,driving,E02006104,E02006074,26,11119,857
taunton,other,driving,E02006106,E02006087,4,44042,2656
taunton,other,passenger,E02006106,E02006087,1,44042,2656
taunton,other,driving,E02006106,E02006066,2,29322,2229
taunton,other,driving,E02006104,E02004166,6,28039,1702
taunton,other,driving,E02006105,E02006074,67,13210,994
taunton,other,passenger,E02006105,E02006074,9,13210,994
taunton,other,driving,E02006106,E02006097,3,25956,2039
taunton,other,driving,E02006104,E02006091,3,30761,1831
taunton,other,driving,E02006104,E02006081,14,17527,1315
taunton,other,driving,E02006105,E02006113,13,37760,2602
taunton,other,driving,E02006105,E02006087,7,41042,2383
taunton,other,driving,E02006105,E02003106,1,87036,3607
taunton,other,driving,E02006105,E02006070,19,19926,1510
taunton,other,passenger,E02006105,E02006070,4,19926,1510
taunton,other,driving,E02006107,E02006114,1,41379,2941
taunton,bristol,driving,E02006108,E02003043,1,77003,3926
taunton,other,driving,E02006106,E02006081,16,22641,1739
taunton,other,driving,E02006105,E02006095,9,31962,2222
taunton,other,passenger,E02006105,E02006095,2,31962,2222
taunton,other,driving,E02006104,E02004169,6,30628,1555
taunton,weston-super-mare,driving,E02006106,E02003084,3,48341,2713
taunton,other,driving,E02006105,E02006058,5,40800,2349
taunton,other,passenger,E02006105,E02006058,1,40800,2349
taunton,other,driving,E02006106,E02006080,11,46489,2736
taunton,other,driving,E02006104,E02006117,1,43287,2944
taunton,other,driving,E02006105,E02004142,12,59175,2625
taunton,other,passenger,E02006105,E02004142,1,59175,2625
taunton,other,driving,E02006105,E02006078,7,24007,1810
taunton,other,driving,E02006106,E02004169,5,26800,1503
taunton,bridgwater,driving,E02006104,E02006073,5,15144,974
taunton,other,driving,E02006104,E02006060,7,38931,2258
taunton,other,driving,E02006104,E02006098,10,26277,1860
taunton,exeter,driving,E02006106,E02004156,8,51564,2889
taunton,exeter,passenger,E02006106,E02004156,1,51564,2889
taunton,other,driving,E02006105,E02004134,6,48289,2552
taunton,tiverton,driving,E02006104,E02004167,8,35531,1679
taunton,tiverton,passenger,E02006104,E02004167,2,35531,1679
taunton,other,driving,E02006105,E02006092,19,41182,2387
taunton,other,passenger,E02006105,E02006092,4,41182,2387
taunton,other,driving,E02006104,E02006096,11,23333,1532
taunton,other,driving,E02006104,E02006061,3,43556,2210
taunton,other,driving,E02006104,E02006086,10,39395,2262
taunton,other,driving,E02006105,E02006072,10,32324,1788
taunton,other,passenger,E02006105,E02006072,1,32324,1788
taunton,other,driving,E02006104,E02006115,2,31321,2336
taunton,other,driving,E02006105,E02006090,4,41468,2414
taunton,other,driving,E02006104,E02006089,5,41920,2494
taunton,other,passenger,E02006104,E02006089,1,41920,2494
taunton,other,taxi,E02006104,E02006070,2,17812,1359
taunton,other,driving,E02006104,E02006070,22,17812,1359
taunton,other,passenger,E02006104,E02006070,2,17812,1359
taunton,other,driving,E02006104,E02006067,3,23507,1744
taunton,other,driving,E02006106,E02003100,2,83919,3640
taunton,other,driving,E02006104,E02006097,10,23313,1707
taunton,exeter,driving,E02006104,E02004162,9,61654,2590
taunton,bridgwater,driving,E02006104,E02006068,31,17699,1322
taunton,bridgwater,passenger,E02006104,E02006068,3,17699,1322
taunton,other,driving,E02006104,E02006078,8,21893,1659
taunton,other,driving,E02006102,E02006112,56,5684,625
taunton,other,passenger,E02006102,E02006112,5,5684,625
taunton,other,driving,E02006104,E02006116,18,25261,1816
taunton,other,passenger,E02006104,E02006116,5,25261,1816
taunton,other,driving,E02006104,E02006093,16,17675,1225
taunton,other,passenger,E02006104,E02006093,2,17675,1225
taunton,other,driving,E02006104,E02006080,7,41374,2312
taunton,other,driving,E02006104,E02006101,21,19517,1555
taunton,other,passenger,E02006104,E02006101,1,19517,1555
taunton,other,driving,E02006105,E02006067,7,19163,1757
taunton,other,driving,E02006102,E02006116,13,23182,1613
taunton,other,passenger,E02006102,E02006116,2,23182,1613
taunton,other,driving,E02006105,E02006086,13,41510,2413
taunton,other,driving,E02006102,E02004129,2,27495,2072
taunton,other,driving,E02006104,E02004164,2,45870,2211
taunton,other,driving,E02006104,E02006095,3,29848,2071
taunton,other,passenger,E02006104,E02006095,3,29848,2071
taunton,other,driving,E02006105,E02003100,7,80919,3367
taunton,exeter,driving,E02006105,E02004156,5,57506,3092
taunton,wellington,driving,E02006102,E02006111,75,19741,1326
taunton,wellington,passenger,E02006102,E02006111,10,19741,1326
taunton,other,driving,E02006104,E02006087,2,38928,2232
taunton,other,driving,E02006104,E02004142,9,57061,2474
taunton,other,driving,E02006102,E02006066,3,26881,2006
taunton,other,passenger,E02006102,E02006066,1,26881,2006
taunton,other,driving,E02006105,E02006057,6,44996,2792
taunton,other,driving,E02006100,E02006088,2,45974,2886
taunton,exeter,driving,E02006104,E02004161,4,52778,2486
taunton,other,driving,E02006102,E02006117,2,41208,2741
taunton,other,passenger,E02006102,E02006117,1,41208,2741
taunton,highbridge_and_burnham,driving,E02006104,E02006065,10,31525,1502
taunton,highbridge_and_burnham,passenger,E02006104,E02006065,1,31525,1502
taunton,other,driving,E02006105,E02004166,3,24340,1762
taunton,other,driving,E02006102,E02006088,1,44922,2778
taunton,other,driving,E02006102,E02006097,6,25178,1909
taunton,other,driving,E02006102,E02006099,20,8758,783
taunton,other,passenger,E02006102,E02006099,2,8758,783
taunton,other,driving,E02006102,E02006072,2,32883,1838
taunton,other,driving,E02006105,E02006060,18,41045,2409
taunton,other,driving,E02006102,E02006091,1,33434,2032
taunton,other,driving,E02006104,E02003100,6,78805,3216
taunton,weston-super-mare,driving,E02006102,E02006846,2,49829,2220
taunton,other,driving,E02006102,E02006101,14,17437,1353
taunton,other,passenger,E02006102,E02006101,3,17437,1353
taunton,other,driving,E02006104,E02006114,3,42135,3047
taunton,bristol,driving,E02006105,E02006887,7,93253,3958
taunton,bristol,passenger,E02006105,E02006887,1,93253,3958
taunton,bridgwater,driving,E02006104,E02006069,52,16633,1220
taunton,bridgwater,passenger,E02006104,E02006069,1,16633,1220
taunton,tiverton,driving,E02006102,E02004167,1,38204,1879
taunton,other,driving,E02006104,E02006113,8,40833,2955
taunton,other,passenger,E02006104,E02006113,1,40833,2955
taunton,other,driving,E02006102,E02006081,3,20200,1516
taunton,other,passenger,E02006102,E02006081,1,20200,1516
taunton,bristol,driving,E02006104,E02006887,5,91139,3806
taunton,weston-super-mare,driving,E02006104,E02003084,4,43227,2289
taunton,other,driving,E02006104,E02006071,3,19099,1432
taunton,other,passenger,E02006104,E02006071,1,19099,1432
taunton,other,driving,E02006105,E02006114,6,39062,2694
taunton,other,passenger,E02006105,E02006114,2,39062,2694
taunton,weston-super-mare,driving,E02006105,E02003084,9,45341,2440
taunton,other,driving,E02006102,E02006071,5,21772,1633
taunton,other,driving,E02006102,E02006103,52,9572,982
taunton,other,passenger,E02006102,E02006103,5,9572,982
taunton,bristol,driving,E02006106,E02006887,1,96253,4230
taunton,other,driving,E02006102,E02006096,11,26006,1733
taunton,other,passenger,E02006102,E02006096,1,26006,1733
taunton,exeter,driving,E02006102,E02004162,7,64327,2791
taunton,other,driving,E02006102,E02004164,4,48543,2411
taunton,other,driving,E02006102,E02006093,11,20348,1425
taunton,other,driving,E02006102,E02006098,3,28950,2061
taunton,other,driving,E02006100,E02006103,43,10627,1110
taunton,other,passenger,E02006100,E02006103,3,10627,1110
taunton,other,driving,E02006104,E02004134,4,46175,2401
taunton,exeter,driving,E02006102,E02004159,9,54762,2583
taunton,exeter,driving,E02006104,E02004159,26,52089,2382
taunton,wellington,taxi,E02006100,E02006111,1,14057,1296
taunton,wellington,driving,E02006100,E02006111,57,14057,1296
taunton,wellington,passenger,E02006100,E02006111,3,14057,1296
taunton,highbridge_and_burnham,driving,E02006102,E02006065,8,34198,1703
taunton,other,driving,E02006100,E02006115,2,28238,2011
taunton,bristol,driving,E02006106,E02003043,3,78047,3855
taunton,bridgwater,driving,E02006102,E02006069,26,19305,1421
taunton,bridgwater,passenger,E02006102,E02006069,1,19305,1421
taunton,bristol,driving,E02006104,E02003043,4,72932,3431
taunton,bristol,passenger,E02006104,E02003043,1,72932,3431
taunton,other,driving,E02006102,E02006084,4,30311,1888
taunton,other,driving,E02006102,E02006058,1,30784,2177
taunton,other,driving,E02006102,E02006086,1,42068,2463
taunton,other,driving,E02006102,E02006061,3,46229,2410
taunton,exeter,driving,E02006104,E02004156,14,55392,2941
taunton,other,driving,E02006104,E02006092,25,39068,2236
taunton,highbridge_and_burnham,driving,E02006100,E02006064,4,35472,1777
taunton,bridgwater,driving,E02006100,E02006073,7,18869,1283
taunton,bridgwater,passenger,E02006100,E02006073,3,18869,1283
taunton,other,driving,E02006104,E02006057,6,42882,2641
taunton,other,driving,E02006102,E02004142,4,59734,2675
taunton,other,driving,E02006102,E02004166,2,30712,1903
taunton,other,driving,E02006102,E02006115,3,29242,2133
taunton,other,passenger,E02006102,E02006115,1,29242,2133
taunton,wellington,driving,E02006102,E02006110,36,19486,1277
taunton,wellington,passenger,E02006102,E02006110,6,19486,1277
taunton,other,driving,E02006106,E02006057,1,47996,3065
taunton,other,driving,E02006104,E02006079,1,58765,2804
taunton,other,driving,E02006102,E02006057,1,34980,2620
taunton,other,driving,E02006102,E02006078,3,24566,1860
taunton,other,driving,E02006100,E02006074,37,12773,1019
taunton,other,passenger,E02006100,E02006074,3,12773,1019
taunton,bridgwater,driving,E02006102,E02006068,22,20372,1523
taunton,wellington,driving,E02006100,E02006110,43,13802,1247
taunton,wellington,passenger,E02006100,E02006110,5,13802,1247
taunton,other,driving,E02006100,E02004169,6,34353,1864
taunton,other,driving,E02006100,E02006090,4,43078,2572
taunton,exeter,driving,E02006102,E02004161,1,55451,2686
taunton,bristol,driving,E02006102,E02006887,3,93812,4007
taunton,other,driving,E02006102,E02006113,8,38754,2752
taunton,other,passenger,E02006102,E02006113,2,38754,2752
taunton,other,driving,E02006100,E02006116,24,22178,1490
taunton,other,passenger,E02006100,E02006116,1,22178,1490
taunton,other,driving,E02006100,E02006099,28,7755,660
taunton,other,passenger,E02006100,E02006099,2,7755,660
taunton,other,driving,E02006100,E02006087,4,42652,2541
taunton,tiverton,driving,E02006100,E02004167,5,39256,1988
taunton,other,driving,E02006102,E02006070,14,20485,1560
taunton,highbridge_and_burnham,driving,E02006100,E02006065,8,35250,1811
taunton,other,driving,E02006102,E02006080,3,44047,2513
taunton,other,driving,E02006102,E02006090,3,42026,2464
taunton,other,driving,E02006100,E02006091,2,34486,2140
taunton,bridgwater,driving,E02006102,E02006073,4,17817,1175
taunton,bridgwater,passenger,E02006102,E02006073,1,17817,1175
taunton,other,driving,E02006100,E02006114,7,39052,2722
taunton,other,passenger,E02006100,E02006114,1,39052,2722
taunton,wellington,driving,E02006104,E02006110,44,16813,1076
taunton,wellington,passenger,E02006104,E02006110,2,16813,1076
taunton,other,driving,E02006100,E02004134,4,49900,2710
taunton,other,driving,E02006102,E02004169,3,33301,1755
taunton,exeter,driving,E02006100,E02004162,1,65379,2899
taunton,exeter,passenger,E02006100,E02004162,2,65379,2899
taunton,other,driving,E02006100,E02004142,6,60786,2783
taunton,other,driving,E02006102,E02006074,32,11717,891
taunton,other,passenger,E02006102,E02006074,1,11717,891
taunton,other,driving,E02006100,E02006070,22,21537,1668
taunton,other,passenger,E02006100,E02006070,1,21537,1668
taunton,exeter,driving,E02006102,E02004156,5,58065,3142
taunton,other,driving,E02006100,E02006066,4,27933,2114
taunton,other,driving,E02006102,E02006060,3,31029,2236
taunton,other,passenger,E02006102,E02006060,1,31029,2236
taunton,other,driving,E02006100,E02006058,5,31840,2305
taunton,other,driving,E02006100,E02006101,17,16434,1230
taunton,other,passenger,E02006100,E02006101,3,16434,1230
taunton,other,driving,E02006100,E02006098,1,30002,2169
taunton,other,driving,E02006102,E02006089,5,44593,2694
taunton,other,driving,E02006102,E02006095,4,32521,2271
taunton,other,driving,E02006100,E02006072,4,33934,1946
taunton,other,passenger,E02006100,E02006072,1,33934,1946
taunton,other,driving,E02006102,E02006092,10,41741,2437
taunton,other,driving,E02006100,E02006095,5,33573,2380
taunton,other,passenger,E02006100,E02006095,5,33573,2380
taunton,other,driving,E02006100,E02006113,6,37750,2630
taunton,other,passenger,E02006100,E02006113,2,37750,2630
taunton,other,driving,E02006100,E02006081,11,21252,1624
taunton,other,passenger,E02006100,E02006081,1,21252,1624
taunton,other,driving,E02006100,E02006112,49,6736,733
taunton,other,passenger,E02006100,E02006112,7,6736,733
taunton,other,driving,E02006100,E02006071,7,19109,1523
taunton,other,driving,E02006102,E02006114,1,40055,2845
taunton,other,driving,E02006100,E02006061,2,47281,2519
taunton,other,passenger,E02006100,E02006061,1,47281,2519
taunton,other,driving,E02006100,E02006067,12,18152,1612
taunton,other,passenger,E02006100,E02006067,1,18152,1612
taunton,other,driving,E02006100,E02006096,6,27058,1841
taunton,bridgwater,driving,E02006100,E02006069,48,20357,1529
taunton,other,driving,E02006100,E02006089,2,45645,2803
taunton,other,passenger,E02006100,E02006089,1,45645,2803
taunton,other,driving,E02006100,E02006086,9,43120,2571
taunton,other,driving,E02006100,E02004166,3,25028,1873
taunton,exeter,driving,E02006100,E02004161,1,56502,2795
taunton,other,driving,E02006104,E02006058,5,38686,2198
taunton,other,passenger,E02006104,E02006058,1,38686,2198
taunton,bristol,driving,E02006100,E02003043,7,76657,3740
taunton,other,driving,E02006100,E02006060,10,32084,2364
taunton,other,driving,E02006100,E02003106,4,88647,3765
taunton,other,driving,E02006100,E02006078,11,25618,1968
taunton,other,passenger,E02006100,E02006078,1,25618,1968
taunton,bristol,driving,E02006105,E02003043,3,75046,3582
taunton,other,driving,E02006100,E02006080,6,45099,2621
taunton,other,driving,E02006100,E02004129,1,28547,2181
taunton,weston-super-mare,driving,E02006100,E02003084,6,46952,2598
taunton,weston-super-mare,driving,E02006100,E02006846,6,50881,2328
taunton,other,driving,E02006100,E02006079,1,62490,3113
taunton,bristol,driving,E02006102,E02003043,2,75605,3632
taunton,bridgwater,driving,E02006100,E02006068,30,21424,1631
taunton,exeter,driving,E02006100,E02004156,20,59117,3250
taunton,exeter,passenger,E02006100,E02004156,2,59117,3250
taunton,exeter,driving,E02006100,E02004159,21,55814,2691
taunton,other,driving,E02006100,E02003100,3,82530,3525
taunton,other,passenger,E02006100,E02003100,1,82530,3525
taunton,other,driving,E02006100,E02006097,10,26230,2017
taunton,other,driving,E02006100,E02004164,2,34880,2437
taunton,other,driving,E02006100,E02006093,16,21400,1534
taunton,other,passenger,E02006100,E02006093,1,21400,1534
taunton,other,driving,E02006100,E02006084,4,31363,1996
taunton,other,driving,E02006102,E02003100,2,81478,3417
taunton,other,driving,E02006100,E02006092,13,42793,2545
taunton,other,driving,E02006100,E02006117,2,40204,2619
taunton,other,bicycle,E02006108,E02006112,11,3294,661
taunton,other,bicycle,E02006105,E02006103,7,6169,1190
taunton,other,bicycle,E02006107,E02006112,11,2818,629
taunton,other,bicycle,E02006102,E02006103,1,5827,1088
taunton,other,bicycle,E02006100,E02006103,5,7307,1403
taunton,other,bicycle,E02006104,E02006103,8,4379,801
taunton,other,bicycle,E02006105,E02006112,15,4370,936
taunton,other,bicycle,E02006108,E02006103,1,8001,1692
taunton,other,bicycle,E02006106,E02006112,5,6399,1376
taunton,other,bicycle,E02006106,E02006103,2,9600,1889
taunton,other,bicycle,E02006107,E02006103,10,6944,1396
taunton,wellington,bicycle,E02006102,E02006111,4,17456,3660
taunton,other,bicycle,E02006104,E02006112,15,3739,833
taunton,wellington,bicycle,E02006109,E02006111,6,10639,2411
taunton,other,bicycle,E02006109,E02006112,13,5314,1130
taunton,wellington,bicycle,E02006107,E02006111,6,17818,3707
taunton,wellington,bicycle,E02006106,E02006111,3,12304,2576
taunton,wellington,bicycle,E02006105,E02006111,1,15851,3337
taunton,other,bicycle,E02006102,E02006112,3,5772,1211
taunton,other,bicycle,E02006109,E02006103,1,10090,1949
taunton,other,bicycle,E02006100,E02006112,1,5930,1232
taunton,wellington,bicycle,E02006104,E02006111,4,18499,3934
taunton,wellington,bicycle,E02006108,E02006111,1,15766,3307
taunton,wellington,bicycle,E02006100,E02006111,4,16410,3426
tiverton,wellington,driving,E02004167,E02006110,14,26511,1305
tiverton,wellington,passenger,E02004167,E02006110,4,26511,1305
tiverton,other,driving,E02004167,E02004166,32,18544,1073
tiverton,other,passenger,E02004167,E02004166,1,18544,1073
tiverton,cullompton,driving,E02004168,E02004170,39,10222,902
tiverton,cullompton,passenger,E02004168,E02004170,3,10222,902
tiverton,wellington,driving,E02004168,E02006111,17,25930,1487
tiverton,taunton,driving,E02004168,E02006104,11,37789,1738
tiverton,cullompton,driving,E02004165,E02004170,104,11596,1050
tiverton,cullompton,passenger,E02004165,E02004170,6,11596,1050
tiverton,taunton,driving,E02004167,E02006107,4,37368,1749
tiverton,other,driving,E02004168,E02004188,12,25666,1467
tiverton,other,passenger,E02004168,E02004188,1,25666,1467
tiverton,other,driving,E02004167,E02004184,2,48050,2373
tiverton,taunton,driving,E02004168,E02006100,3,41572,2112
tiverton,taunton,driving,E02004168,E02006105,10,40005,1973
tiverton,other,taxi,E02004167,E02004164,1,12492,810
tiverton,other,driving,E02004167,E02004164,33,12492,810
tiverton,other,passenger,E02004167,E02004164,6,12492,810
tiverton,other,driving,E02004168,E02004130,5,35972,2120
tiverton,other,driving,E02004167,E02004183,4,51586,2550
tiverton,other,passenger,E02004167,E02004183,1,51586,2550
tiverton,other,driving,E02004168,E02004166,22,21081,1246
tiverton,other,passenger,E02004168,E02004166,2,21081,1246
tiverton,other,driving,E02004168,E02004171,27,12745,1189
tiverton,other,passenger,E02004168,E02004171,5,12745,1189
tiverton,other,driving,E02004167,E02004171,33,12022,1171
tiverton,other,passenger,E02004167,E02004171,3,12022,1171
tiverton,exeter,driving,E02004168,E02004149,9,21120,1602
tiverton,wellington,driving,E02004167,E02006111,23,23393,1314
tiverton,other,driving,E02004168,E02004229,9,46069,3088
tiverton,taunton,driving,E02004167,E02006104,7,35252,1565
tiverton,taunton,passenger,E02004167,E02006104,2,35252,1565
tiverton,other,driving,E02004165,E02004171,50,14119,1336
tiverton,other,passenger,E02004165,E02004171,6,14119,1336
tiverton,other,driving,E02004168,E02004173,11,23783,1894
tiverton,other,driving,E02004167,E02004188,7,27185,1458
tiverton,exeter,taxi,E02004168,E02004151,1,38262,1927
tiverton,exeter,driving,E02004168,E02004151,8,38262,1927
tiverton,exeter,passenger,E02004168,E02004151,1,38262,1927
tiverton,other,driving,E02004165,E02004202,4,43006,2124
tiverton,exeter,driving,E02004167,E02004151,10,35725,1753
tiverton,other,driving,E02004165,E02004134,49,23794,1751
tiverton,other,passenger,E02004165,E02004134,3,23794,1751
tiverton,exeter,driving,E02004168,E02004159,61,38242,1868
tiverton,exeter,passenger,E02004168,E02004159,7,38242,1868
tiverton,other,driving,E02004168,E02004182,7,48211,2532
tiverton,taunton,driving,E02004167,E02006106,3,31479,1611
tiverton,taunton,driving,E02004167,E02006109,16,31400,1627
tiverton,taunton,driving,E02004168,E02006106,4,34016,1784
tiverton,other,driving,E02004168,E02004134,30,19707,1478
tiverton,other,passenger,E02004168,E02004134,3,19707,1478
tiverton,taunton,driving,E02004167,E02006100,6,39035,1939
tiverton,other,driving,E02004165,E02004164,48,11081,830
tiverton,other,passenger,E02004165,E02004164,4,11081,830
tiverton,other,driving,E02004165,E02004132,5,30955,1973
tiverton,other,passenger,E02004165,E02004132,2,30955,1973
tiverton,other,driving,E02004168,E02004181,8,49115,2641
tiverton,other,driving,E02004168,E02004184,6,46532,2382
tiverton,other,passenger,E02004167,E02006070,1,49861,2456
tiverton,other,driving,E02004165,E02004173,10,27110,2211
tiverton,exeter,driving,E02004165,E02004159,144,36421,1803
tiverton,exeter,passenger,E02004165,E02004159,8,36421,1803
tiverton,other,driving,E02004165,E02004169,143,14929,940
tiverton,other,passenger,E02004165,E02004169,36,14929,940
tiverton,other,driving,E02004167,E02004174,19,21508,1643
tiverton,exeter,driving,E02004168,E02004160,1,24839,2005
tiverton,taunton,driving,E02004165,E02006100,8,39751,2047
tiverton,other,driving,E02004165,E02004130,9,34150,2055
tiverton,other,passenger,E02004165,E02004130,1,34150,2055
tiverton,exeter,driving,E02004167,E02004161,25,36393,1799
tiverton,exeter,passenger,E02004167,E02004161,2,36393,1799
tiverton,taunton,driving,E02004165,E02006108,17,33517,1918
tiverton,taunton,passenger,E02004165,E02006108,1,33517,1918
tiverton,exeter,driving,E02004168,E02004152,5,21775,1661
tiverton,exeter,passenger,E02004168,E02004152,2,21775,1661
tiverton,wellington,driving,E02004168,E02006110,18,29049,1478
tiverton,wellington,passenger,E02004168,E02006110,3,29049,1478
tiverton,exeter,driving,E02004168,E02004157,10,23790,1965
tiverton,exeter,passenger,E02004168,E02004157,1,23790,1965
tiverton,other,driving,E02004168,E02004164,33,10973,821
tiverton,other,passenger,E02004168,E02004164,3,10973,821
tiverton,wellington,driving,E02004165,E02006110,24,27228,1413
tiverton,other,driving,E02004167,E02004187,13,32891,1724
tiverton,other,passenger,E02004167,E02004187,2,32891,1724
tiverton,other,driving,E02004168,E02004131,3,37615,2309
tiverton,other,driving,E02004167,E02004131,6,35077,2135
tiverton,other,passenger,E02004167,E02004131,1,35077,2135
tiverton,other,driving,E02004168,E02004174,20,20279,1491
tiverton,other,passenger,E02004168,E02004174,2,20279,1491
tiverton,other,driving,E02004168,E02004202,5,44827,2189
tiverton,other,passenger,E02004168,E02004202,1,44827,2189
tiverton,exeter,driving,E02004165,E02004160,5,48155,2115
tiverton,other,driving,E02004165,E02004141,3,46414,2221
tiverton,other,passenger,E02004165,E02004141,1,46414,2221
tiverton,other,driving,E02004165,E02004188,18,25774,1477
tiverton,other,passenger,E02004165,E02004188,1,25774,1477
tiverton,exeter,driving,E02004168,E02004161,16,38930,1972
tiverton,exeter,passenger,E02004168,E02004161,1,38930,1972
tiverton,wellington,driving,E02004165,E02006111,27,24109,1422
tiverton,wellington,passenger,E02004165,E02006111,2,24109,1422
tiverton,other,driving,E02004165,E02004184,5,46639,2392
tiverton,other,driving,E02004167,E02004229,3,47298,3239
tiverton,other,passenger,E02004167,E02004229,1,47298,3239
tiverton,exeter,driving,E02004165,E02004152,14,25102,1977
tiverton,exeter,passenger,E02004165,E02004152,2,25102,1977
tiverton,exeter,driving,E02004167,E02004160,2,47439,2007
tiverton,exeter,passenger,E02004167,E02004160,1,47439,2007
tiverton,other,driving,E02004168,E02006070,5,52398,2629
tiverton,other,passenger,E02004168,E02006070,1,52398,2629
tiverton,exeter,driving,E02004167,E02004162,35,45269,1903
tiverton,exeter,passenger,E02004167,E02004162,3,45269,1903
tiverton,other,driving,E02004167,E02004202,4,42289,2016
tiverton,other,driving,E02004167,E02004141,2,45698,2112
tiverton,taunton,driving,E02004167,E02006108,13,32801,1810
tiverton,other,driving,E02004165,E02004183,6,50175,2569
tiverton,other,passenger,E02004165,E02004183,1,50175,2569
tiverton,taunton,driving,E02004165,E02006105,9,38184,1908
tiverton,exeter,taxi,E02004167,E02004159,2,35705,1695
tiverton,exeter,driving,E02004167,E02004159,74,35705,1695
tiverton,exeter,passenger,E02004167,E02004159,5,35705,1695
tiverton,other,driving,E02004167,E02006101,6,28786,1848
tiverton,taunton,driving,E02004168,E02006109,7,33937,1800
tiverton,other,driving,E02004165,E02004187,22,31480,1743
tiverton,other,passenger,E02004165,E02004187,3,31480,1743
tiverton,taunton,driving,E02004165,E02006106,10,32195,1719
tiverton,other,driving,E02004167,E02004181,1,50634,2632
tiverton,exeter,driving,E02004167,E02004149,6,22349,1754
tiverton,exeter,passenger,E02004167,E02004149,1,22349,1754
tiverton,exeter,driving,E02004168,E02004158,1,24770,1997
tiverton,other,driving,E02004165,E02004166,35,19260,1181
tiverton,other,passenger,E02004165,E02004166,1,19260,1181
tiverton,exeter,driving,E02004167,E02004152,10,23004,1812
tiverton,other,driving,E02004165,E02006117,8,30703,2130
tiverton,other,passenger,E02004165,E02006117,1,30703,2130
tiverton,other,driving,E02004167,E02004142,17,40677,1787
tiverton,exeter,driving,E02004165,E02004157,26,41256,2131
tiverton,exeter,passenger,E02004165,E02004157,2,41256,2131
tiverton,taunton,driving,E02004165,E02006104,13,35968,1673
tiverton,exeter,driving,E02004168,E02004162,26,25834,2110
tiverton,exeter,passenger,E02004168,E02004162,3,25834,2110
tiverton,other,driving,E02004167,E02004173,18,25012,2045
tiverton,exeter,driving,E02004167,E02004157,15,40540,2023
tiverton,exeter,passenger,E02004167,E02004157,1,40540,2023
tiverton,other,driving,E02004165,E02004182,12,48319,2541
tiverton,taunton,driving,E02004168,E02006107,2,39905,1922
tiverton,taunton,driving,E02004168,E02006108,25,35338,1983
tiverton,taunton,passenger,E02004168,E02006108,2,35338,1983
tiverton,other,driving,E02004165,E02004131,3,35793,2244
tiverton,other,passenger,E02004165,E02004131,1,35793,2244
tiverton,taunton,driving,E02004165,E02006107,9,38084,1857
tiverton,exeter,driving,E02004167,E02004156,59,24587,1915
tiverton,exeter,passenger,E02004167,E02004156,6,24587,1915
tiverton,other,driving,E02004167,E02004130,3,33434,1947
tiverton,other,driving,E02004167,E02004169,121,14213,832
tiverton,other,passenger,E02004167,E02004169,44,14213,832
tiverton,other,driving,E02004167,E02004182,4,49730,2523
tiverton,other,passenger,E02004167,E02004182,1,49730,2523
tiverton,other,driving,E02004168,E02004142,10,43214,1961
tiverton,other,passenger,E02004168,E02004142,1,43214,1961
tiverton,other,driving,E02004168,E02004132,4,32777,2038
tiverton,bridgwater,driving,E02004168,E02006068,1,52285,2593
tiverton,exeter,driving,E02004165,E02004158,8,47223,2191
tiverton,other,driving,E02004168,E02004187,13,31373,1734
tiverton,other,driving,E02004167,E02004132,6,30239,1865
tiverton,bridgwater,driving,E02004165,E02006068,5,50464,2528
tiverton,bridgwater,passenger,E02004165,E02006068,1,50464,2528
tiverton,other,driving,E02004168,E02004141,8,48235,2285
tiverton,other,driving,E02004165,E02004174,18,23605,1808
tiverton,other,passenger,E02004165,E02004174,6,23605,1808
tiverton,exeter,driving,E02004165,E02004161,25,37109,1907
tiverton,exeter,passenger,E02004165,E02004161,2,37109,1907
tiverton,other,driving,E02004167,E02006117,10,32114,2110
tiverton,other,passenger,E02004167,E02006117,1,32114,2110
tiverton,other,driving,E02004165,E02004142,20,41393,1896
tiverton,other,passenger,E02004165,E02004142,1,41393,1896
tiverton,other,driving,E02004165,E02006070,2,50577,2565
tiverton,other,passenger,E02004165,E02006070,1,50577,2565
tiverton,taunton,driving,E02004167,E02006105,9,37467,1800
tiverton,other,driving,E02004167,E02004134,38,21697,1586
tiverton,other,passenger,E02004167,E02004134,4,21697,1586
tiverton,taunton,driving,E02004165,E02006109,20,32116,1735
tiverton,cullompton,driving,E02004167,E02004170,71,9499,885
tiverton,cullompton,passenger,E02004167,E02004170,8,9499,885
tiverton,bridgwater,driving,E02004167,E02006068,1,49748,2420
tiverton,bridgwater,passenger,E02004167,E02006068,1,49748,2420
tiverton,exeter,driving,E02004168,E02004156,39,23358,1763
tiverton,exeter,passenger,E02004168,E02004156,4,23358,1763
tiverton,exeter,driving,E02004165,E02004149,14,24446,1919
tiverton,exeter,passenger,E02004165,E02004149,2,24446,1919
tiverton,other,driving,E02004168,E02006117,4,30595,2120
tiverton,exeter,driving,E02004165,E02004151,13,36441,1862
tiverton,exeter,passenger,E02004165,E02004151,2,36441,1862
tiverton,other,taxi,E02004168,E02004169,1,10220,935
tiverton,other,driving,E02004168,E02004169,95,10220,935
tiverton,other,passenger,E02004168,E02004169,18,10220,935
tiverton,exeter,driving,E02004167,E02004158,3,25999,2148
tiverton,other,driving,E02004165,E02006101,4,27658,1881
tiverton,other,driving,E02004165,E02004181,10,49223,2650
tiverton,exeter,driving,E02004165,E02004156,80,26684,2080
tiverton,exeter,passenger,E02004165,E02004156,11,26684,2080
tiverton,other,driving,E02004165,E02004229,5,49396,3404
tiverton,exeter,driving,E02004165,E02004162,32,45985,2012
tiverton,exeter,passenger,E02004165,E02004162,1,45985,2012
tiverton,other,driving,E02004168,E02006101,5,27551,1872
tiverton,cullompton,foot,E02004165,E02004170,3,9896,8331
tiverton,other,foot,E02004168,E02004174,7,19757,16421
tiverton,cullompton,foot,E02004167,E02004170,7,9075,7669
tiverton,cullompton,foot,E02004168,E02004170,4,9716,8251
tiverton,other,foot,E02004168,E02004169,3,9362,7692
tiverton,other,foot,E02004165,E02004169,2,8981,7328
tiverton,other,foot,E02004165,E02004164,5,9209,7850
tiverton,other,foot,E02004168,E02004164,3,10003,8499
tiverton,other,foot,E02004165,E02004174,4,21573,17868
tiverton,other,foot,E02004167,E02004164,5,10194,8658
tiverton,other,foot,E02004167,E02004169,5,8079,6617
tiverton,other,foot,E02004167,E02004174,5,20950,17358
tiverton,exeter,foot,E02004168,E02004159,5,23825,19559
tiverton,exeter,foot,E02004167,E02004159,2,25018,20496
tiverton,other,bus,E02004167,E02004169,4,51261,7877
tiverton,exeter,bus,E02004168,E02004152,4,24266,3027
tiverton,exeter,bus,E02004165,E02004156,18,25731,8851
tiverton,exeter,bus,E02004167,E02004156,21,24764,3586
tiverton,exeter,bus,E02004167,E02004152,7,25824,3777
tiverton,exeter,bus,E02004168,E02004156,31,23206,2836
tiverton,exeter,bus,E02004168,E02004159,1,29602,4172
tiverton,exeter,bus,E02004165,E02004157,1,27731,9634
tiverton,exeter,bus,E02004167,E02004159,6,31160,4922
tiverton,cullompton,bus,E02004168,E02004170,2,48790,7326
tiverton,cullompton,bus,E02004167,E02004170,6,50348,8076
tiverton,other,bus,E02004168,E02004169,10,49702,7127
tiverton,exeter,bus,E02004165,E02004152,1,26791,9042
tiverton,exeter,bus,E02004165,E02004159,3,32416,10719
tiverton,other,bus,E02004165,E02004169,2,52228,13142
tiverton,exeter,bus,E02004168,E02004157,5,25205,3619
wellington,bristol,train,E02006111,E02006887,7,86232,6404
wellington,taunton,bus,E02006111,E02006108,37,12879,2086
wellington,taunton,bus,E02006110,E02006108,44,12493,2030
wellington,taunton,bus,E02006110,E02006105,16,13366,2500
wellington,taunton,bus,E02006111,E02006109,8,11128,2345
wellington,taunton,bus,E02006110,E02006109,18,10742,2289
wellington,taunton,bus,E02006111,E02006105,8,13752,2556
wellington,other,driving,E02006110,E02004129,7,23846,1884
wellington,other,driving,E02006111,E02006096,4,27813,1932
wellington,other,driving,E02006111,E02004166,32,11949,888
wellington,other,passenger,E02006111,E02004166,4,11949,888
wellington,taunton,driving,E02006110,E02006109,139,9869,845
wellington,taunton,passenger,E02006110,E02006109,12,9869,845
wellington,bridgwater,driving,E02006111,E02006069,39,30174,1797
wellington,bridgwater,passenger,E02006111,E02006069,1,30174,1797
wellington,other,driving,E02006111,E02006097,8,27300,1877
wellington,other,driving,E02006110,E02004142,8,48323,2146
wellington,other,passenger,E02006110,E02004142,1,48323,2146
wellington,taunton,driving,E02006110,E02006100,57,13717,1209
wellington,taunton,passenger,E02006110,E02006100,4,13717,1209
wellington,other,driving,E02006111,E02006099,15,16261,1291
wellington,other,passenger,E02006111,E02006099,3,16261,1291
wellington,highbridge_and_burnham,driving,E02006111,E02006065,8,45066,2079
wellington,taunton,driving,E02006110,E02006102,26,19189,1245
wellington,taunton,passenger,E02006110,E02006102,2,19189,1245
wellington,taunton,driving,E02006111,E02006105,165,13305,1231
wellington,taunton,passenger,E02006111,E02006105,7,13305,1231
wellington,taunton,driving,E02006110,E02006106,80,9948,829
wellington,taunton,passenger,E02006110,E02006106,7,9948,829
wellington,other,taxi,E02006110,E02006098,1,29505,2065
wellington,other,driving,E02006110,E02006098,5,29505,2065
wellington,other,passenger,E02006110,E02006098,1,29505,2065
wellington,other,driving,E02006111,E02004142,13,43952,2135
wellington,other,passenger,E02006111,E02004142,1,43952,2135
wellington,other,driving,E02006111,E02006066,6,37750,2382
wellington,taunton,driving,E02006111,E02006109,263,10209,919
wellington,taunton,passenger,E02006111,E02006109,18,10209,919
wellington,other,driving,E02006110,E02006101,50,11119,910
wellington,other,passenger,E02006110,E02006101,9,11119,910
wellington,other,driving,E02006111,E02006081,7,31131,1950
wellington,other,passenger,E02006111,E02006081,2,31131,1950
wellington,tiverton,driving,E02006111,E02004167,29,22391,1301
wellington,tiverton,passenger,E02006111,E02004167,1,22391,1301
wellington,other,driving,E02006111,E02006101,66,11812,1090
wellington,other,passenger,E02006111,E02006101,8,11812,1090
wellington,other,driving,E02006111,E02004164,17,32730,1833
wellington,other,passenger,E02006111,E02004164,1,32730,1833
wellington,taunton,driving,E02006111,E02006106,146,10288,903
wellington,taunton,passenger,E02006111,E02006106,10,10288,903
wellington,other,driving,E02006111,E02006116,19,30685,2122
wellington,other,driving,E02006111,E02006103,18,20991,1630
wellington,other,passenger,E02006111,E02006103,1,20991,1630
wellington,other,driving,E02006110,E02006099,14,15921,1218
wellington,other,passenger,E02006110,E02006099,2,15921,1218
wellington,other,driving,E02006110,E02006067,5,36708,2247
wellington,other,driving,E02006111,E02006112,47,14338,1381
wellington,other,passenger,E02006111,E02006112,7,14338,1381
wellington,other,driving,E02006111,E02004169,27,15967,1062
wellington,other,passenger,E02006111,E02004169,3,15967,1062
wellington,other,driving,E02006111,E02006098,6,28860,1982
wellington,tiverton,taxi,E02006111,E02004168,1,25194,1454
wellington,tiverton,driving,E02006111,E02004168,18,25194,1454
wellington,tiverton,passenger,E02006111,E02004168,1,25194,1454
wellington,other,driving,E02006111,E02004129,9,23201,1801
wellington,other,driving,E02006110,E02006114,3,38095,3112
wellington,other,driving,E02006111,E02006117,7,36921,2994
wellington,taunton,taxi,E02006111,E02006108,1,11610,1102
wellington,taunton,driving,E02006111,E02006108,308,11610,1102
wellington,taunton,passenger,E02006111,E02006108,34,11610,1102
wellington,other,driving,E02006111,E02004130,12,23841,2023
wellington,other,driving,E02006110,E02006115,5,28916,2460
wellington,other,passenger,E02006110,E02006115,1,28916,2460
wellington,other,driving,E02006110,E02006117,3,36228,2814
wellington,taunton,driving,E02006110,E02006108,173,11270,1028
wellington,taunton,passenger,E02006110,E02006108,21,11270,1028
wellington,other,driving,E02006110,E02004130,2,24487,2107
wellington,cullompton,driving,E02006111,E02004170,25,21032,1366
wellington,other,driving,E02006111,E02006093,8,27759,1831
wellington,tiverton,driving,E02006110,E02004167,10,26793,1350
wellington,tiverton,passenger,E02006110,E02004167,4,26793,1350
wellington,taunton,driving,E02006110,E02006104,76,16404,971
wellington,taunton,passenger,E02006110,E02006104,9,16404,971
wellington,other,driving,E02006110,E02004169,19,16325,1114
wellington,other,passenger,E02006110,E02004169,2,16325,1114
wellington,other,driving,E02006110,E02006112,43,13998,1307
wellington,other,passenger,E02006110,E02006112,4,13998,1307
wellington,taunton,driving,E02006111,E02006102,38,19529,1318
wellington,taunton,passenger,E02006111,E02006102,3,19529,1318
wellington,other,driving,E02006111,E02006067,6,37048,2321
wellington,other,driving,E02006111,E02004134,14,33066,2061
wellington,exeter,driving,E02006111,E02004159,49,38980,2042
wellington,exeter,passenger,E02006111,E02004159,4,38980,2042
wellington,other,driving,E02006110,E02006113,8,36794,3019
wellington,other,driving,E02006110,E02006093,11,30940,1786
wellington,taunton,driving,E02006110,E02006105,114,12965,1158
wellington,taunton,passenger,E02006110,E02006105,4,12965,1158
wellington,exeter,driving,E02006110,E02004157,2,48186,2381
wellington,other,driving,E02006110,E02004131,1,27581,2326
wellington,other,driving,E02006110,E02004134,11,37437,2072
wellington,other,driving,E02006110,E02006097,9,27945,1960
wellington,bridgwater,driving,E02006110,E02006073,9,28345,1478
wellington,highbridge_and_burnham,driving,E02006110,E02006065,7,44726,2006
wellington,other,driving,E02006110,E02006116,14,30345,2048
wellington,other,passenger,E02006110,E02006116,1,30345,2048
wellington,bridgwater,driving,E02006111,E02006073,6,28685,1551
wellington,other,driving,E02006111,E02006089,9,52004,3100
wellington,other,passenger,E02006111,E02006089,1,52004,3100
wellington,other,driving,E02006111,E02006086,8,49479,2869
wellington,exeter,driving,E02006110,E02004161,4,44039,2157
wellington,other,driving,E02006111,E02006074,23,27421,1412
wellington,other,passenger,E02006111,E02006074,1,27421,1412
wellington,other,driving,E02006110,E02004166,19,12307,940
wellington,exeter,driving,E02006111,E02004157,6,43815,2370
wellington,other,driving,E02006110,E02006081,6,30791,1876
wellington,exeter,driving,E02006111,E02004161,11,39668,2146
wellington,exeter,driving,E02006111,E02004162,11,48544,2251
wellington,exeter,passenger,E02006111,E02004162,1,48544,2251
wellington,other,driving,E02006110,E02006070,7,31013,1862
wellington,other,passenger,E02006110,E02006070,1,31013,1862
wellington,other,driving,E02006110,E02006074,11,27081,1338
wellington,other,passenger,E02006110,E02006074,1,27081,1338
wellington,other,driving,E02006110,E02006096,9,28459,2015
wellington,other,driving,E02006110,E02006086,3,52660,2823
wellington,other,driving,E02006111,E02006080,6,51458,2919
wellington,other,driving,E02006111,E02006078,6,35497,2294
wellington,exeter,driving,E02006110,E02004159,29,43351,2053
wellington,exeter,passenger,E02006110,E02004159,3,43351,2053
wellington,other,driving,E02006111,E02006070,13,31353,1936
wellington,other,passenger,E02006111,E02006070,1,31353,1936
wellington,other,driving,E02006110,E02006080,1,54638,2873
wellington,other,driving,E02006111,E02006092,21,49151,2843
wellington,taunton,taxi,E02006111,E02006104,1,16744,1045
wellington,taunton,driving,E02006111,E02006104,106,16744,1045
wellington,taunton,passenger,E02006111,E02006104,7,16744,1045
wellington,other,driving,E02006111,E02003106,9,98464,4033
wellington,tiverton,driving,E02006110,E02004168,17,29596,1503
wellington,tiverton,passenger,E02006110,E02004168,1,29596,1503
wellington,taunton,driving,E02006111,E02006100,76,14057,1283
wellington,taunton,passenger,E02006111,E02006100,7,14057,1283
wellington,other,driving,E02006110,E02006095,2,43112,2632
wellington,other,driving,E02006110,E02004164,12,37131,1882
wellington,other,passenger,E02006110,E02004164,2,37131,1882
wellington,bridgwater,driving,E02006110,E02006069,20,29834,1724
wellington,bridgwater,passenger,E02006110,E02006069,2,29834,1724
wellington,exeter,driving,E02006110,E02004162,6,52915,2262
wellington,other,driving,E02006111,E02006113,10,46257,3261
wellington,other,passenger,E02006111,E02006113,3,46257,3261
wellington,bridgwater,driving,E02006111,E02006068,22,31240,1900
wellington,bridgwater,passenger,E02006111,E02006068,1,31240,1900
wellington,other,driving,E02006110,E02006103,12,20651,1556
wellington,other,passenger,E02006110,E02006103,2,20651,1556
wellington,other,driving,E02006111,E02003100,6,92346,3793
wellington,other,driving,E02006110,E02006092,9,52332,2797
wellington,other,driving,E02006110,E02006078,3,35157,2220
wellington,exeter,driving,E02006110,E02004156,17,46654,2612
wellington,exeter,passenger,E02006110,E02004156,3,46654,2612
wellington,other,driving,E02006111,E02006115,3,36744,2642
wellington,exeter,driving,E02006111,E02004156,33,42283,2601
wellington,other,driving,E02006110,E02003106,2,98124,3959
wellington,other,driving,E02006111,E02006114,9,47558,3353
wellington,other,passenger,E02006111,E02006114,1,47558,3353
wellington,cullompton,driving,E02006110,E02004170,10,25403,1377
wellington,other,driving,E02006110,E02006066,1,37410,2309
wellington,other,passenger,E02006110,E02006066,1,37410,2309
wellington,other,driving,E02006110,E02006089,1,55184,3055
wellington,bridgwater,driving,E02006110,E02006068,16,30900,1826
wellington,bridgwater,passenger,E02006110,E02006068,2,30900,1826
wellington,other,driving,E02006111,E02006095,5,40126,2692
wellington,other,passenger,E02006111,E02006095,1,40126,2692
wellington,other,driving,E02006111,E02004131,5,26936,2242
wellington,other,passenger,E02006111,E02004131,1,26936,2242
wellington,taunton,bicycle,E02006111,E02006106,1,12137,2240
wellington,taunton,bicycle,E02006110,E02006108,6,15596,3052
wellington,taunton,bicycle,E02006111,E02006109,9,10698,2148
wellington,taunton,bicycle,E02006110,E02006106,6,11978,2227
wellington,taunton,bicycle,E02006110,E02006105,1,15750,3011
wellington,taunton,bicycle,E02006110,E02006107,5,17460,3413
wellington,taunton,bicycle,E02006110,E02006109,5,14047,2705
wellington,taunton,bicycle,E02006111,E02006107,6,17619,3427
wellington,taunton,bicycle,E02006111,E02006108,7,15756,3066
wellington,taunton,bicycle,E02006111,E02006105,8,15909,3025
wellington,other,foot,E02006111,E02006101,3,11193,9312
wellington,taunton,foot,E02006111,E02006109,5,9349,7491
wellington,taunton,foot,E02006111,E02006105,3,11490,9219
wellington,taunton,foot,E02006110,E02006108,14,10747,8665
wellington,other,foot,E02006110,E02006101,5,10370,8673
wellington,taunton,foot,E02006110,E02006109,7,9274,7463
wellington,taunton,foot,E02006110,E02006100,5,12706,10277
wellington,taunton,foot,E02006110,E02006105,12,11414,9190
wellington,taunton,foot,E02006111,E02006108,13,10823,8693
wellington,taunton,foot,E02006111,E02006100,2,12782,10306
wellington,other,foot,E02006110,E02002911,10,164016,134997
wellington,other,foot,E02006111,E02002911,3,164091,135026
weston-super-mare,other,bicycle,E02003086,E02006845,2,6802,1353
weston-super-mare,other,bicycle,E02003089,E02006845,1,7235,1337
weston-super-mare,other,bicycle,E02003080,E02006845,8,1956,411
weston-super-mare,other,bicycle,E02003085,E02006845,4,5884,1111
weston-super-mare,other,bicycle,E02006846,E02006845,10,2479,431
weston-super-mare,other,bicycle,E02003081,E02006845,6,4165,832
weston-super-mare,other,bicycle,E02003079,E02003078,5,8490,1609
weston-super-mare,other,bicycle,E02003079,E02006845,19,2533,495
weston-super-mare,other,bicycle,E02003080,E02003078,3,9608,1891
weston-super-mare,other,bicycle,E02003084,E02006845,6,6363,1211
weston-super-mare,other,bicycle,E02006846,E02003078,1,10612,2056
weston-super-mare,other,bicycle,E02003086,E02003078,2,14935,2978
weston-super-mare,other,bicycle,E02003082,E02006845,6,6683,1306
weston-super-mare,other,bicycle,E02003085,E02003078,2,14017,2736
weston-super-mare,other,bicycle,E02003084,E02003078,2,14495,2836
weston-super-mare,other,bicycle,E02003081,E02003078,2,11284,2181
weston-super-mare,other,bicycle,E02003082,E02003078,3,13383,2598
weston-super-mare,bristol,bus,E02003085,E02003043,2,38885,5071
weston-super-mare,bristol,bus,E02003082,E02003043,8,35396,4703
weston-super-mare,bristol,bus,E02003084,E02003043,8,33833,4134
weston-super-mare,bristol,bus,E02003080,E02003043,10,30347,3604
weston-super-mare,bristol,bus,E02006846,E02003043,10,32469,4650
weston-super-mare,bristol,bus,E02003080,E02006887,5,31721,4831
weston-super-mare,bristol,bus,E02003086,E02003043,4,38890,5312
weston-super-mare,bristol,bus,E02003089,E02003043,3,38940,4964
weston-super-mare,bristol,bus,E02003081,E02003043,10,32326,4233
weston-super-mare,bristol,bus,E02003079,E02003043,15,29990,4246
weston-super-mare,bristol,bus,E02003084,E02006887,3,35208,5361
weston-super-mare,bristol,bus,E02003079,E02006887,1,31365,5473
weston-super-mare,bristol,bus,E02003081,E02006887,4,34020,5062
weston-super-mare,bristol,bus,E02003086,E02006887,2,40583,6141
weston-super-mare,bristol,bus,E02003082,E02006887,3,37090,5532
weston-super-mare,bristol,bus,E02003089,E02006887,1,41836,7371
weston-super-mare,bristol,bus,E02003085,E02006887,1,40578,5900
weston-super-mare,other,foot,E02006846,E02006845,34,2390,1934
weston-super-mare,other,foot,E02003089,E02006845,3,6761,5545
weston-super-mare,other,foot,E02003089,E02003077,2,23452,19661
weston-super-mare,other,foot,E02003084,E02003088,1,13385,11307
weston-super-mare,other,foot,E02003089,E02003078,1,13580,11060
weston-super-mare,other,foot,E02003085,E02003088,4,12981,10943
weston-super-mare,other,foot,E02003081,E02006845,11,3435,2791
weston-super-mare,other,foot,E02006846,E02003088,1,10796,9174
weston-super-mare,other,foot,E02003084,E02006845,6,5376,4396
weston-super-mare,other,foot,E02003085,E02003078,3,13529,11021
weston-super-mare,other,foot,E02003080,E02003078,2,9047,7346
weston-super-mare,other,foot,E02003085,E02006845,1,5721,4671
weston-super-mare,other,foot,E02003081,E02003088,1,12219,10340
weston-super-mare,other,foot,E02003086,E02003072,2,25015,20535
weston-super-mare,other,foot,E02003082,E02003088,5,14270,12020
weston-super-mare,other,foot,E02003079,E02006845,37,2161,1772
weston-super-mare,other,foot,E02003086,E02003077,5,24926,20832
weston-super-mare,other,foot,E02003082,E02006845,4,5708,4638
weston-super-mare,other,foot,E02003080,E02003088,1,10840,9263
weston-super-mare,other,foot,E02003080,E02006845,24,1830,1494
weston-super-mare,other,foot,E02003084,E02003078,5,12675,10341
weston-super-mare,other,foot,E02003085,E02003065,2,30939,25268
weston-super-mare,other,foot,E02006846,E02003065,1,27850,22721
weston-super-mare,other,foot,E02003086,E02003078,4,14053,11506
weston-super-mare,other,foot,E02003079,E02003072,1,18649,15246
weston-super-mare,other,foot,E02003082,E02003078,3,12646,10312
weston-super-mare,other,foot,E02003086,E02003088,1,13961,11760
weston-super-mare,other,foot,E02003079,E02003077,1,20676,17460
weston-super-mare,other,foot,E02003081,E02003072,3,21699,17759
weston-super-mare,other,foot,E02003080,E02003065,3,26457,21593
weston-super-mare,other,foot,E02003085,E02003072,1,24491,20051
weston-super-mare,other,foot,E02003079,E02003065,1,25097,20463
weston-super-mare,other,foot,E02003086,E02003065,3,31464,25753
weston-super-mare,other,foot,E02003082,E02003072,1,23608,19342
weston-super-mare,other,foot,E02006846,E02003072,3,21402,17504
weston-super-mare,other,foot,E02003079,E02003078,4,7687,6217
weston-super-mare,other,foot,E02003082,E02003077,2,25235,21088
weston-super-mare,other,foot,E02003084,E02003072,8,23637,19371
weston-super-mare,other,foot,E02003080,E02003072,1,20009,16376
weston-super-mare,other,foot,E02003081,E02003078,5,10737,8730
weston-super-mare,other,foot,E02003082,E02003065,1,30056,24559
weston-super-mare,other,foot,E02003084,E02003065,6,30085,24588
weston-super-mare,other,foot,E02003079,E02003088,1,11466,9761
weston-super-mare,other,driving,E02006846,E02006845,79,3046,281
weston-super-mare,other,passenger,E02006846,E02006845,10,3046,281
weston-super-mare,other,driving,E02006846,E02003088,88,10995,1140
weston-super-mare,other,passenger,E02006846,E02003088,27,10995,1140
weston-super-mare,other,driving,E02006846,E02003087,41,3346,402
weston-super-mare,other,passenger,E02006846,E02003087,3,3346,402
weston-super-mare,other,driving,E02006846,E02006062,32,22716,1231
weston-super-mare,other,driving,E02006846,E02003071,21,14055,782
weston-super-mare,other,passenger,E02006846,E02003071,2,14055,782
weston-super-mare,other,driving,E02006846,E02003077,53,20663,1634
weston-super-mare,other,driving,E02006846,E02006061,27,15893,1355
weston-super-mare,other,passenger,E02006846,E02006061,3,15893,1355
weston-super-mare,other,driving,E02006846,E02003066,27,20439,1321
weston-super-mare,other,taxi,E02006846,E02003069,1,15025,913
weston-super-mare,other,driving,E02006846,E02003069,34,15025,913
weston-super-mare,other,passenger,E02006846,E02003069,4,15025,913
weston-super-mare,other,driving,E02006846,E02003065,19,27798,1354
weston-super-mare,bridgwater,driving,E02006846,E02006068,8,32668,1634
weston-super-mare,other,driving,E02006846,E02003074,29,14420,800
weston-super-mare,other,passenger,E02006846,E02003074,2,14420,800
weston-super-mare,other,driving,E02006846,E02003107,16,43224,2255
weston-super-mare,other,driving,E02006846,E02003078,53,9501,800
weston-super-mare,other,passenger,E02006846,E02003078,8,9501,800
weston-super-mare,highbridge_and_burnham,driving,E02006846,E02006065,41,22531,1193
weston-super-mare,highbridge_and_burnham,passenger,E02006846,E02006065,15,22531,1193
weston-super-mare,other,driving,E02006846,E02003072,26,21285,1394
weston-super-mare,other,passenger,E02006846,E02003072,1,21285,1394
weston-super-mare,bristol,driving,E02006846,E02003014,22,29762,1478
weston-super-mare,bristol,passenger,E02006846,E02003014,1,29762,1478
weston-super-mare,bristol,taxi,E02006846,E02003019,1,28490,1312
weston-super-mare,bristol,driving,E02006846,E02003019,39,28490,1312
weston-super-mare,bristol,passenger,E02006846,E02003019,2,28490,1312
weston-super-mare,other,driving,E02006846,E02003067,9,27813,1376
weston-super-mare,other,passenger,E02006846,E02003067,1,27813,1376
weston-super-mare,bristol,driving,E02006846,E02006889,11,50462,2285
weston-super-mare,bristol,passenger,E02006846,E02006889,1,50462,2285
weston-super-mare,other,driving,E02006846,E02003073,5,22031,1424
weston-super-mare,other,driving,E02003089,E02006062,21,15174,1174
weston-super-mare,other,passenger,E02003089,E02006062,2,15174,1174
weston-super-mare,other,driving,E02006846,E02003068,35,26194,1397
weston-super-mare,other,passenger,E02006846,E02003068,1,26194,1397
weston-super-mare,bristol,driving,E02003079,E02003015,5,37437,2073
weston-super-mare,other,driving,E02006846,E02003108,6,51314,2562
weston-super-mare,other,driving,E02006846,E02003093,8,42628,2045
weston-super-mare,other,passenger,E02006846,E02003093,3,42628,2045
weston-super-mare,bristol,driving,E02006846,E02006888,6,50524,2288
weston-super-mare,other,driving,E02006846,E02006074,6,36897,1651
weston-super-mare,other,passenger,E02006846,E02006074,1,36897,1651
weston-super-mare,other,driving,E02006846,E02003100,25,38852,1797
weston-super-mare,other,passenger,E02006846,E02003100,4,38852,1797
weston-super-mare,other,driving,E02006846,E02003076,55,13213,1015
weston-super-mare,other,passenger,E02006846,E02003076,8,13213,1015
weston-super-mare,highbridge_and_burnham,driving,E02003089,E02006065,25,14989,1136
weston-super-mare,highbridge_and_burnham,passenger,E02003089,E02006065,4,14989,1136
weston-super-mare,other,driving,E02003080,E02006074,4,35753,1669
weston-super-mare,other,driving,E02003084,E02003107,7,46241,2601
weston-super-mare,other,passenger,E02003084,E02003107,2,46241,2601
weston-super-mare,bridgwater,driving,E02006846,E02006069,14,32497,1734
weston-super-mare,other,driving,E02006846,E02003070,27,25197,1580
weston-super-mare,other,passenger,E02006846,E02003070,4,25197,1580
weston-super-mare,other,driving,E02003089,E02003067,7,31740,1806
weston-super-mare,other,driving,E02006846,E02003098,15,38620,1761
weston-super-mare,other,taxi,E02003089,E02003087,1,4018,465
weston-super-mare,other,driving,E02003089,E02003087,26,4018,465
weston-super-mare,other,passenger,E02003089,E02003087,3,4018,465
weston-super-mare,taunton,driving,E02006846,E02006109,6,52720,2604
weston-super-mare,other,driving,E02006846,E02003075,12,17754,1306
weston-super-mare,other,passenger,E02006846,E02003075,1,17754,1306
weston-super-mare,other,driving,E02006846,E02003092,10,55369,2392
weston-super-mare,other,passenger,E02006846,E02003092,1,55369,2392
weston-super-mare,bristol,driving,E02006846,E02006887,43,51187,2387
weston-super-mare,bristol,passenger,E02006846,E02006887,5,51187,2387
weston-super-mare,other,driving,E02003089,E02006063,10,19880,1578
weston-super-mare,other,passenger,E02003089,E02006063,1,19880,1578
weston-super-mare,taunton,driving,E02006846,E02006108,13,51016,2466
weston-super-mare,other,driving,E02003089,E02006845,26,6972,711
weston-super-mare,other,passenger,E02003089,E02006845,3,6972,711
weston-super-mare,bristol,driving,E02006846,E02003033,3,33310,2069
weston-super-mare,bridgwater,driving,E02003089,E02006068,4,26612,1686
weston-super-mare,other,driving,E02003089,E02003088,26,12661,1382
weston-super-mare,other,passenger,E02003089,E02003088,3,12661,1382
weston-super-mare,other,driving,E02006846,E02003094,46,35875,1656
weston-super-mare,other,passenger,E02006846,E02003094,4,35875,1656
weston-super-mare,other,driving,E02003089,E02003078,15,13428,1230
weston-super-mare,other,passenger,E02003089,E02003078,2,13428,1230
weston-super-mare,other,driving,E02006846,E02003106,32,44970,2036
weston-super-mare,other,passenger,E02006846,E02003106,6,44970,2036
weston-super-mare,other,driving,E02006846,E02006060,3,45527,2459
weston-super-mare,bristol,driving,E02006846,E02003037,7,32133,1869
weston-super-mare,bristol,passenger,E02006846,E02003037,1,32133,1869
weston-super-mare,other,driving,E02003089,E02003071,6,17982,1211
weston-super-mare,other,passenger,E02003089,E02003071,2,17982,1211
weston-super-mare,other,driving,E02003089,E02003066,3,24366,1751
weston-super-mare,bristol,driving,E02006846,E02003047,4,33579,1918
weston-super-mare,highbridge_and_burnham,driving,E02006846,E02006064,17,22753,1159
weston-super-mare,bristol,driving,E02006846,E02003050,10,33995,2020
weston-super-mare,taunton,driving,E02003089,E02006108,4,44960,2519
weston-super-mare,other,driving,E02003089,E02003098,4,42546,2190
weston-super-mare,other,driving,E02003089,E02006061,6,20104,1459
weston-super-mare,other,driving,E02006846,E02006063,7,19830,1767
weston-super-mare,other,driving,E02003086,E02003092,1,59523,2833
weston-super-mare,other,driving,E02003089,E02006060,2,39471,2512
weston-super-mare,other,driving,E02003089,E02003107,6,47151,2684
weston-super-mare,other,passenger,E02003089,E02003107,1,47151,2684
weston-super-mare,other,driving,E02003089,E02003076,26,17140,1445
weston-super-mare,other,passenger,E02003089,E02003076,1,17140,1445
weston-super-mare,bristol,driving,E02006846,E02003034,2,50052,2229
weston-super-mare,other,driving,E02006846,E02006054,4,29367,2498
weston-super-mare,other,driving,E02003089,E02003093,5,46555,2474
weston-super-mare,bristol,driving,E02006846,E02003020,4,32915,1840
weston-super-mare,bristol,driving,E02003089,E02006887,14,55113,2817
weston-super-mare,bristol,passenger,E02003089,E02006887,1,55113,2817
weston-super-mare,other,driving,E02003086,E02003087,25,6173,610
weston-super-mare,other,passenger,E02003086,E02003087,1,6173,610
weston-super-mare,other,driving,E02003089,E02003074,3,18347,1230
weston-super-mare,other,passenger,E02003089,E02003074,1,18347,1230
weston-super-mare,other,driving,E02003086,E02006074,8,31794,1741
weston-super-mare,other,passenger,E02003086,E02006074,1,31794,1741
weston-super-mare,bristol,driving,E02006846,E02003059,7,28659,2195
weston-super-mare,bristol,passenger,E02006846,E02003059,1,28659,2195
weston-super-mare,bristol,driving,E02003089,E02003019,13,32417,1741
weston-super-mare,bristol,passenger,E02003089,E02003019,1,32417,1741
weston-super-mare,bristol,driving,E02006846,E02003049,4,38881,2638
weston-super-mare,bristol,driving,E02006846,E02003056,5,35543,2215
weston-super-mare,other,driving,E02003089,E02003092,2,59296,2821
weston-super-mare,other,driving,E02003089,E02003077,15,22329,1875
weston-super-mare,other,driving,E02003089,E02003068,16,30121,1827
weston-super-mare,other,passenger,E02003089,E02003068,1,30121,1827
weston-super-mare,bristol,driving,E02003089,E02003037,4,36060,2299
weston-super-mare,bristol,driving,E02006846,E02003036,11,33503,2100
weston-super-mare,other,driving,E02003086,E02006845,40,7200,722
weston-super-mare,other,passenger,E02003086,E02006845,8,7200,722
weston-super-mare,bristol,driving,E02003089,E02003052,7,36938,2292
weston-super-mare,highbridge_and_burnham,driving,E02003089,E02006064,13,15211,1101
weston-super-mare,other,driving,E02003089,E02003065,6,31725,1783
weston-super-mare,other,driving,E02003089,E02003108,2,55241,2992
weston-super-mare,highbridge_and_burnham,driving,E02003086,E02006064,5,16164,1139
weston-super-mare,bristol,driving,E02003089,E02003015,2,42440,2464
weston-super-mare,other,driving,E02006846,E02002991,1,69639,3272
weston-super-mare,other,driving,E02003089,E02003106,5,48896,2466
weston-super-mare,other,passenger,E02003089,E02003106,1,48896,2466
weston-super-mare,bristol,driving,E02006846,E02003057,6,28028,2104
weston-super-mare,bristol,passenger,E02006846,E02003057,1,28028,2104
weston-super-mare,bridgwater,taxi,E02003086,E02006068,1,27564,1724
weston-super-mare,bridgwater,driving,E02003086,E02006068,9,27564,1724
weston-super-mare,taunton,driving,E02003089,E02006109,3,46664,2656
weston-super-mare,other,driving,E02006846,E02006092,4,82944,3781
weston-super-mare,bristol,driving,E02003089,E02003033,3,37237,2498
weston-super-mare,other,driving,E02003086,E02006062,19,16126,1211
weston-super-mare,other,passenger,E02003086,E02006062,2,16126,1211
weston-super-mare,other,driving,E02003086,E02006061,10,21056,1496
weston-super-mare,other,passenger,E02003086,E02006061,3,21056,1496
weston-super-mare,bristol,driving,E02006846,E02003046,8,38251,2623
weston-super-mare,bristol,driving,E02003089,E02003014,6,33689,1908
weston-super-mare,bristol,passenger,E02003089,E02003014,1,33689,1908
weston-super-mare,other,driving,E02003086,E02003074,9,18575,1241
weston-super-mare,other,passenger,E02003086,E02003074,1,18575,1241
weston-super-mare,bristol,driving,E02006846,E02003015,10,38514,2035
weston-super-mare,bridgwater,driving,E02003089,E02006069,7,26441,1786
weston-super-mare,bridgwater,passenger,E02003089,E02006069,1,26441,1786
weston-super-mare,other,driving,E02003089,E02003069,16,18952,1342
weston-super-mare,bristol,taxi,E02006846,E02003052,1,33012,1862
weston-super-mare,bristol,driving,E02006846,E02003052,12,33012,1862
weston-super-mare,other,driving,E02003086,E02003076,20,17368,1456
weston-super-mare,other,passenger,E02003086,E02003076,8,17368,1456
weston-super-mare,other,driving,E02003086,E02003066,11,24594,1762
weston-super-mare,other,passenger,E02003086,E02003066,1,24594,1762
weston-super-mare,bristol,driving,E02003089,E02003059,1,31034,2555
weston-super-mare,other,driving,E02003089,E02003094,10,39802,2086
weston-super-mare,other,passenger,E02003089,E02003094,1,39802,2086
weston-super-mare,bristol,driving,E02003086,E02003020,2,37069,2281
weston-super-mare,other,driving,E02003086,E02003069,16,19180,1354
weston-super-mare,other,passenger,E02003086,E02003069,1,19180,1354
weston-super-mare,other,driving,E02003089,E02003072,11,25212,1823
weston-super-mare,other,passenger,E02003089,E02003072,3,25212,1823
weston-super-mare,other,driving,E02003086,E02003068,9,30349,1838
weston-super-mare,other,driving,E02003086,E02003071,16,18210,1222
weston-super-mare,other,driving,E02003089,E02003075,4,21681,1736
weston-super-mare,other,passenger,E02003089,E02003075,1,21681,1736
weston-super-mare,other,driving,E02003086,E02003100,19,43007,2237
weston-super-mare,other,driving,E02003086,E02003067,2,31967,1817
weston-super-mare,other,passenger,E02003086,E02003067,1,31967,1817
weston-super-mare,bristol,driving,E02003089,E02003056,2,39470,2645
weston-super-mare,bristol,passenger,E02003089,E02003056,1,39470,2645
weston-super-mare,bristol,driving,E02006846,E02003027,2,35754,2253
weston-super-mare,other,driving,E02003086,E02003094,9,40030,2097
weston-super-mare,highbridge_and_burnham,driving,E02003086,E02006065,33,15941,1173
weston-super-mare,highbridge_and_burnham,passenger,E02003086,E02006065,10,15941,1173
weston-super-mare,other,driving,E02003086,E02003070,12,29352,2021
weston-super-mare,other,driving,E02003086,E02003098,2,42774,2201
weston-super-mare,other,driving,E02003086,E02003088,43,15149,1578
weston-super-mare,other,passenger,E02003086,E02003088,20,15149,1578
weston-super-mare,bristol,driving,E02003086,E02003019,11,32645,1753
weston-super-mare,other,driving,E02003089,E02002991,2,73565,3701
weston-super-mare,other,passenger,E02003089,E02002991,2,73565,3701
weston-super-mare,other,driving,E02003086,E02006063,6,20832,1615
weston-super-mare,other,driving,E02003086,E02003093,4,46783,2486
weston-super-mare,other,passenger,E02003086,E02003093,3,46783,2486
weston-super-mare,other,driving,E02003086,E02003065,5,31952,1794
weston-super-mare,other,passenger,E02003086,E02003065,2,31952,1794
weston-super-mare,other,taxi,E02003085,E02003087,1,6382,721
weston-super-mare,other,driving,E02003085,E02003087,12,6382,721
weston-super-mare,other,passenger,E02003085,E02003087,3,6382,721
weston-super-mare,bristol,driving,E02003086,E02003014,14,33917,1919
weston-super-mare,bristol,passenger,E02003086,E02003014,3,33917,1919
weston-super-mare,bridgwater,driving,E02003086,E02006069,8,27393,1824
weston-super-mare,bridgwater,passenger,E02003086,E02006069,1,27393,1824
weston-super-mare,other,driving,E02003086,E02003075,2,21909,1747
weston-super-mare,bristol,driving,E02003089,E02003027,1,39681,2682
weston-super-mare,bristol,driving,E02003089,E02006889,1,54388,2714
weston-super-mare,other,driving,E02003085,E02006063,7,21953,1768
weston-super-mare,other,passenger,E02003085,E02006063,2,21953,1768
weston-super-mare,taunton,driving,E02003086,E02006109,3,47616,2693
weston-super-mare,other,driving,E02003085,E02003070,17,28233,1902
weston-super-mare,other,passenger,E02003085,E02003070,2,28233,1902
weston-super-mare,taunton,driving,E02003086,E02006108,4,45912,2556
weston-super-mare,other,driving,E02003085,E02003069,9,18061,1235
weston-super-mare,other,passenger,E02003085,E02003069,3,18061,1235
weston-super-mare,bristol,driving,E02003086,E02003047,6,37733,2358
weston-super-mare,bristol,passenger,E02003086,E02003047,1,37733,2358
weston-super-mare,other,driving,E02003086,E02003106,6,49124,2477
weston-super-mare,other,driving,E02003089,E02003073,2,25958,1854
weston-super-mare,other,driving,E02003086,E02006092,1,77840,3871
weston-super-mare,other,passenger,E02003086,E02006092,2,77840,3871
weston-super-mare,other,driving,E02003085,E02003088,40,14031,1459
weston-super-mare,other,passenger,E02003085,E02003088,16,14031,1459
weston-super-mare,other,driving,E02003086,E02003078,21,13656,1241
weston-super-mare,other,passenger,E02003086,E02003078,5,13656,1241
weston-super-mare,bristol,driving,E02003089,E02003050,2,37922,2449
weston-super-mare,bristol,driving,E02003086,E02003052,1,37166,2303
weston-super-mare,other,driving,E02003086,E02003108,2,55469,3003
weston-super-mare,other,driving,E02003085,E02003065,9,30834,1676
weston-super-mare,other,driving,E02003085,E02006074,1,32915,1893
weston-super-mare,other,driving,E02003085,E02006845,36,6081,603
weston-super-mare,other,passenger,E02003085,E02006845,4,6081,603
weston-super-mare,other,driving,E02003086,E02003072,9,25440,1834
weston-super-mare,bristol,driving,E02003086,E02006889,2,54616,2725
weston-super-mare,bristol,passenger,E02003086,E02006889,1,54616,2725
weston-super-mare,other,driving,E02003085,E02003108,2,54350,2884
weston-super-mare,bristol,driving,E02003086,E02003027,1,39909,2693
weston-super-mare,other,driving,E02003086,E02003077,18,24818,2072
weston-super-mare,other,driving,E02003085,E02006061,15,18929,1674
weston-super-mare,bristol,driving,E02003086,E02006888,2,54678,2729
weston-super-mare,other,driving,E02003085,E02003094,23,38911,1978
weston-super-mare,bristol,driving,E02003086,E02003056,1,39698,2656
weston-super-mare,other,driving,E02003086,E02006054,2,34530,2639
weston-super-mare,bristol,driving,E02003086,E02003046,1,42405,3063
weston-super-mare,other,driving,E02003085,E02003076,33,16249,1337
weston-super-mare,other,passenger,E02003085,E02003076,2,16249,1337
weston-super-mare,bristol,driving,E02003086,E02003050,7,38150,2460
weston-super-mare,other,driving,E02003085,E02003106,6,48006,2358
weston-super-mare,other,passenger,E02003085,E02003106,1,48006,2358
weston-super-mare,bridgwater,driving,E02003085,E02006068,6,28686,1876
weston-super-mare,bristol,driving,E02003085,E02006889,1,53497,2607
weston-super-mare,other,taxi,E02003084,E02006845,4,6063,628
weston-super-mare,other,driving,E02003084,E02006845,44,6063,628
weston-super-mare,other,passenger,E02003084,E02006845,6,6063,628
weston-super-mare,highbridge_and_burnham,driving,E02003085,E02006064,7,17285,1291
weston-super-mare,highbridge_and_burnham,passenger,E02003085,E02006064,2,17285,1291
weston-super-mare,other,driving,E02003086,E02006060,1,40423,2549
weston-super-mare,bristol,driving,E02003089,E02003036,2,37430,2530
weston-super-mare,bristol,passenger,E02003089,E02003036,1,37430,2530
weston-super-mare,other,driving,E02003089,E02003100,15,42779,2226
weston-super-mare,bristol,driving,E02003089,E02003034,2,53978,2659
weston-super-mare,other,driving,E02003085,E02003066,5,23475,1643
weston-super-mare,bridgwater,driving,E02003085,E02006069,11,28515,1976
weston-super-mare,bristol,driving,E02003086,E02003033,2,37465,2509
weston-super-mare,bristol,driving,E02003086,E02003036,4,37657,2541
weston-super-mare,other,driving,E02003085,E02003071,20,17091,1103
weston-super-mare,other,passenger,E02003085,E02003071,2,17091,1103
weston-super-mare,other,driving,E02003084,E02003087,33,6364,746
weston-super-mare,other,passenger,E02003084,E02003087,3,6364,746
weston-super-mare,bristol,driving,E02003085,E02006887,9,54222,2709
weston-super-mare,other,driving,E02003089,E02003070,17,29124,2010
weston-super-mare,other,driving,E02003085,E02003098,3,41656,2083
weston-super-mare,other,driving,E02003085,E02003078,28,12537,1122
weston-super-mare,other,passenger,E02003085,E02003078,8,12537,1122
weston-super-mare,other,driving,E02003085,E02003092,1,58405,2714
weston-super-mare,bristol,driving,E02003085,E02003037,2,35169,2191
weston-super-mare,other,driving,E02003085,E02006092,1,78962,4024
weston-super-mare,other,passenger,E02003085,E02006092,1,78962,4024
weston-super-mare,other,driving,E02003085,E02003100,9,41888,2119
weston-super-mare,bristol,driving,E02003086,E02003015,8,42668,2475
weston-super-mare,taunton,driving,E02003085,E02006109,3,48738,2846
weston-super-mare,bristol,driving,E02003086,E02003034,5,54206,2670
weston-super-mare,bristol,driving,E02003086,E02006887,12,55341,2828
weston-super-mare,bristol,passenger,E02003086,E02006887,1,55341,2828
weston-super-mare,other,driving,E02003086,E02003073,4,26186,1865
weston-super-mare,taunton,driving,E02003085,E02006108,2,47034,2708
weston-super-mare,other,driving,E02003084,E02003069,22,18042,1260
weston-super-mare,other,passenger,E02003084,E02003069,3,18042,1260
weston-super-mare,bristol,driving,E02003085,E02003015,6,41549,2357
weston-super-mare,other,driving,E02003085,E02003074,16,17456,1122
weston-super-mare,other,driving,E02003089,E02001097,1,286940,11027
weston-super-mare,other,driving,E02003084,E02003088,63,14012,1484
weston-super-mare,other,passenger,E02003084,E02003088,30,14012,1484
weston-super-mare,highbridge_and_burnham,driving,E02003084,E02006064,9,17685,1314
weston-super-mare,highbridge_and_burnham,passenger,E02003084,E02006064,5,17685,1314
weston-super-mare,highbridge_and_burnham,driving,E02003085,E02006065,31,17063,1325
weston-super-mare,highbridge_and_burnham,passenger,E02003085,E02006065,9,17063,1325
weston-super-mare,bristol,driving,E02003086,E02003037,3,36288,2310
weston-super-mare,bristol,passenger,E02003086,E02003037,1,36288,2310
weston-super-mare,bristol,driving,E02003085,E02003047,3,36615,2240
weston-super-mare,highbridge_and_burnham,driving,E02003084,E02006065,43,17463,1349
weston-super-mare,highbridge_and_burnham,passenger,E02003084,E02006065,30,17463,1349
weston-super-mare,other,driving,E02003085,E02003068,10,29230,1719
weston-super-mare,other,passenger,E02003085,E02003068,1,29230,1719
weston-super-mare,bristol,driving,E02003085,E02003049,2,41916,2960
weston-super-mare,other,driving,E02003084,E02003071,22,17072,1128
weston-super-mare,other,passenger,E02003084,E02003071,1,17072,1128
weston-super-mare,bristol,driving,E02003085,E02003036,6,36539,2422
weston-super-mare,bristol,passenger,E02003085,E02003036,2,36539,2422
weston-super-mare,bristol,driving,E02003086,E02003059,4,32814,2636
weston-super-mare,other,driving,E02003085,E02003093,1,45664,2367
weston-super-mare,other,driving,E02003084,E02003093,1,45645,2392
weston-super-mare,other,driving,E02003085,E02003073,3,25067,1746
weston-super-mare,other,driving,E02003084,E02006061,19,18910,1698
weston-super-mare,other,passenger,E02003084,E02006061,3,18910,1698
weston-super-mare,bristol,driving,E02003085,E02003050,6,37031,2341
weston-super-mare,other,driving,E02003084,E02003066,10,23456,1668
weston-super-mare,other,passenger,E02003084,E02003066,1,23456,1668
weston-super-mare,bristol,driving,E02003089,E02003049,1,42807,3068
weston-super-mare,bristol,passenger,E02003089,E02003049,1,42807,3068
weston-super-mare,other,driving,E02003084,E02003074,17,17437,1147
weston-super-mare,bristol,driving,E02003084,E02006888,2,53541,2635
weston-super-mare,other,driving,E02003084,E02003068,16,29212,1744
weston-super-mare,other,taxi,E02003082,E02006845,1,7239,711
weston-super-mare,other,driving,E02003082,E02006845,70,7239,711
weston-super-mare,other,passenger,E02003082,E02006845,7,7239,711
weston-super-mare,bristol,driving,E02003084,E02003046,4,41268,2969
weston-super-mare,other,driving,E02003085,E02006062,18,17248,1364
weston-super-mare,other,passenger,E02003085,E02006062,2,17248,1364
weston-super-mare,other,driving,E02003084,E02003077,28,23680,1978
weston-super-mare,other,driving,E02003085,E02006054,2,32403,2817
weston-super-mare,taunton,driving,E02003084,E02006108,7,47433,2732
weston-super-mare,bristol,driving,E02003085,E02003057,4,31064,2426
weston-super-mare,bristol,driving,E02003085,E02003034,1,53088,2551
weston-super-mare,bristol,driving,E02003085,E02003052,5,36047,2184
weston-super-mare,other,driving,E02003086,E02003107,8,47379,2695
weston-super-mare,other,taxi,E02003085,E02003077,1,23699,1953
weston-super-mare,other,driving,E02003085,E02003077,24,23699,1953
weston-super-mare,other,driving,E02003084,E02003094,9,38893,2003
weston-super-mare,other,driving,E02003084,E02006063,6,22353,1791
weston-super-mare,other,passenger,E02003084,E02006063,1,22353,1791
weston-super-mare,bristol,driving,E02003085,E02003059,2,31695,2517
weston-super-mare,other,driving,E02003084,E02006062,22,17647,1387
weston-super-mare,other,passenger,E02003084,E02006062,4,17647,1387
weston-super-mare,other,driving,E02003085,E02003075,2,20790,1628
weston-super-mare,other,driving,E02003085,E02003107,3,46260,2576
weston-super-mare,other,passenger,E02003085,E02003107,1,46260,2576
weston-super-mare,other,taxi,E02003084,E02003078,8,12518,1147
weston-super-mare,other,driving,E02003084,E02003078,54,12518,1147
weston-super-mare,other,passenger,E02003084,E02003078,11,12518,1147
weston-super-mare,other,driving,E02003085,E02003072,7,24321,1716
weston-super-mare,other,driving,E02003084,E02003070,18,28214,1927
weston-super-mare,other,passenger,E02003084,E02003070,2,28214,1927
weston-super-mare,other,driving,E02003084,E02003072,18,24302,1740
weston-super-mare,other,passenger,E02003084,E02003072,1,24302,1740
weston-super-mare,bristol,driving,E02003084,E02006887,17,54204,2734
weston-super-mare,bristol,passenger,E02003084,E02006887,2,54204,2734
weston-super-mare,bristol,driving,E02003084,E02003033,1,36328,2415
weston-super-mare,other,driving,E02003082,E02003087,26,7540,829
weston-super-mare,other,passenger,E02003082,E02003087,4,7540,829
weston-super-mare,bristol,driving,E02003084,E02003020,1,35932,2187
weston-super-mare,bristol,driving,E02003084,E02003037,5,35150,2216
weston-super-mare,bristol,driving,E02003086,E02003057,2,32182,2544
weston-super-mare,other,driving,E02003086,E02002991,2,73793,3713
weston-super-mare,other,driving,E02003084,E02003092,1,58386,2739
weston-super-mare,other,driving,E02003082,E02003070,17,27940,1981
weston-super-mare,other,passenger,E02003082,E02003070,1,27940,1981
weston-super-mare,bristol,driving,E02003084,E02003052,7,36029,2209
weston-super-mare,other,driving,E02003084,E02006074,3,33315,1917
weston-super-mare,other,passenger,E02003084,E02006074,2,33315,1917
weston-super-mare,bristol,driving,E02003085,E02003014,4,32798,1800
weston-super-mare,bristol,driving,E02003085,E02003046,2,41287,2945
weston-super-mare,bridgwater,taxi,E02003084,E02006068,2,29085,1900
weston-super-mare,bridgwater,driving,E02003084,E02006068,4,29085,1900
weston-super-mare,bristol,driving,E02003084,E02003036,1,36520,2447
weston-super-mare,bristol,passenger,E02003084,E02003036,1,36520,2447
weston-super-mare,bristol,driving,E02003085,E02003056,2,38579,2537
weston-super-mare,other,taxi,E02003084,E02003076,1,16230,1362
weston-super-mare,other,driving,E02003084,E02003076,23,16230,1362
weston-super-mare,other,passenger,E02003084,E02003076,3,16230,1362
weston-super-mare,other,driving,E02003082,E02003088,59,15188,1567
weston-super-mare,other,passenger,E02003082,E02003088,22,15188,1567
weston-super-mare,other,driving,E02003082,E02003077,47,24856,2061
weston-super-mare,other,passenger,E02003082,E02003077,4,24856,2061
weston-super-mare,other,driving,E02003084,E02003075,4,20771,1653
weston-super-mare,other,driving,E02003082,E02003074,12,17163,1201
weston-super-mare,other,passenger,E02003082,E02003074,2,17163,1201
weston-super-mare,bristol,driving,E02003085,E02003019,23,31526,1634
weston-super-mare,bristol,passenger,E02003085,E02003019,2,31526,1634
weston-super-mare,other,driving,E02003082,E02006062,28,18799,1545
weston-super-mare,other,passenger,E02003082,E02006062,2,18799,1545
weston-super-mare,bridgwater,driving,E02003082,E02006069,14,35239,2135
weston-super-mare,other,driving,E02003085,E02003067,6,30849,1698
weston-super-mare,other,driving,E02003082,E02003094,13,38618,2058
weston-super-mare,bridgwater,driving,E02003084,E02006069,11,28914,1999
weston-super-mare,bridgwater,passenger,E02003084,E02006069,1,28914,1999
weston-super-mare,bristol,driving,E02003082,E02006888,1,53266,2689
weston-super-mare,other,driving,E02003082,E02003069,28,17768,1314
weston-super-mare,other,passenger,E02003082,E02003069,5,17768,1314
weston-super-mare,other,driving,E02003082,E02006063,7,23505,1949
weston-super-mare,highbridge_and_burnham,driving,E02003082,E02006064,7,18837,1472
weston-super-mare,highbridge_and_burnham,passenger,E02003082,E02006064,1,18837,1472
weston-super-mare,other,driving,E02003084,E02003067,9,30830,1723
weston-super-mare,other,driving,E02003082,E02006060,2,48270,2860
weston-super-mare,other,driving,E02003084,E02006092,1,79361,4047
weston-super-mare,bristol,driving,E02003084,E02003034,5,53069,2576
weston-super-mare,other,taxi,E02003081,E02006845,1,4444,572
weston-super-mare,other,driving,E02003081,E02006845,77,4444,572
weston-super-mare,other,passenger,E02003081,E02006845,7,4444,572
weston-super-mare,bristol,driving,E02003084,E02003057,6,31045,2450
weston-super-mare,bristol,driving,E02003082,E02006887,15,53929,2789
weston-super-mare,bristol,passenger,E02003082,E02006887,2,53929,2789
weston-super-mare,bristol,driving,E02003084,E02003015,2,41531,2381
weston-super-mare,bristol,driving,E02003084,E02006889,3,53479,2631
weston-super-mare,bristol,passenger,E02003084,E02006889,1,53479,2631
weston-super-mare,bristol,driving,E02003081,E02003020,3,33375,2068
weston-super-mare,bristol,passenger,E02003081,E02003020,1,33375,2068
weston-super-mare,bristol,driving,E02003085,E02003027,1,38790,2574
weston-super-mare,other,driving,E02003084,E02003106,20,47987,2383
weston-super-mare,other,passenger,E02003084,E02003106,1,47987,2383
weston-super-mare,other,driving,E02003082,E02003071,23,16798,1183
weston-super-mare,other,passenger,E02003082,E02003071,3,16798,1183
weston-super-mare,other,driving,E02003082,E02003098,9,41362,2162
weston-super-mare,taunton,driving,E02003082,E02006109,2,55462,3005
weston-super-mare,bristol,driving,E02003084,E02003014,13,32779,1825
weston-super-mare,other,driving,E02003082,E02003068,17,28937,1799
weston-super-mare,other,passenger,E02003082,E02003068,1,28937,1799
weston-super-mare,bristol,driving,E02003084,E02003049,2,41898,2985
weston-super-mare,bristol,passenger,E02003084,E02003049,1,41898,2985
weston-super-mare,bristol,driving,E02003084,E02003027,1,38771,2599
weston-super-mare,other,taxi,E02003082,E02003078,3,12244,1202
weston-super-mare,other,driving,E02003082,E02003078,44,12244,1202
weston-super-mare,other,passenger,E02003082,E02003078,6,12244,1202
weston-super-mare,taunton,driving,E02003084,E02006109,5,49137,2869
weston-super-mare,taunton,passenger,E02003084,E02006109,1,49137,2869
weston-super-mare,other,driving,E02003082,E02003100,35,41595,2198
weston-super-mare,other,passenger,E02003082,E02003100,3,41595,2198
weston-super-mare,other,driving,E02003084,E02003098,12,41637,2107
weston-super-mare,other,driving,E02003084,E02003065,14,30815,1700
weston-super-mare,other,passenger,E02003084,E02003065,1,30815,1700
weston-super-mare,bristol,driving,E02003082,E02003052,3,35754,2264
weston-super-mare,bristol,passenger,E02003082,E02003052,1,35754,2264
weston-super-mare,other,driving,E02003082,E02003093,4,45371,2446
weston-super-mare,other,driving,E02003081,E02006074,2,37358,1879
weston-super-mare,other,driving,E02003082,E02003073,5,24774,1826
weston-super-mare,other,driving,E02003084,E02006054,3,32384,2842
weston-super-mare,bridgwater,taxi,E02003082,E02006068,1,35410,2035
weston-super-mare,bridgwater,driving,E02003082,E02006068,11,35410,2035
weston-super-mare,bridgwater,passenger,E02003082,E02006068,1,35410,2035
weston-super-mare,other,driving,E02003082,E02006061,19,20086,1781
weston-super-mare,other,passenger,E02003082,E02006061,1,20086,1781
weston-super-mare,other,driving,E02003082,E02003108,6,54057,2964
weston-super-mare,other,driving,E02003084,E02003073,3,25049,1771
weston-super-mare,other,driving,E02003082,E02003067,3,30555,1778
weston-super-mare,highbridge_and_burnham,driving,E02003082,E02006065,52,18615,1507
weston-super-mare,highbridge_and_burnham,passenger,E02003082,E02006065,14,18615,1507
weston-super-mare,other,driving,E02003082,E02003065,15,30540,1755
weston-super-mare,bristol,driving,E02003082,E02003027,2,38497,2654
weston-super-mare,bristol,passenger,E02003082,E02003027,1,38497,2654
weston-super-mare,other,driving,E02003084,E02002991,2,72656,3619
weston-super-mare,highbridge_and_burnham,driving,E02003081,E02006065,29,22992,1421
weston-super-mare,highbridge_and_burnham,passenger,E02003081,E02006065,5,22992,1421
weston-super-mare,bridgwater,driving,E02003081,E02006069,13,32957,1962
weston-super-mare,other,driving,E02003082,E02003106,25,47712,2438
weston-super-mare,other,passenger,E02003082,E02003106,4,47712,2438
weston-super-mare,bristol,driving,E02003082,E02003014,13,32505,1879
weston-super-mare,bristol,driving,E02003082,E02003037,8,34876,2271
weston-super-mare,other,driving,E02003082,E02003075,9,20497,1708
weston-super-mare,other,driving,E02003084,E02003100,21,41869,2144
weston-super-mare,other,driving,E02003082,E02003076,41,15956,1417
weston-super-mare,other,passenger,E02003082,E02003076,5,15956,1417
weston-super-mare,bristol,driving,E02003082,E02003019,23,31232,1713
weston-super-mare,bristol,passenger,E02003082,E02003019,4,31232,1713
weston-super-mare,other,driving,E02003081,E02003070,35,25658,1808
weston-super-mare,other,passenger,E02003081,E02003070,8,25658,1808
weston-super-mare,bristol,passenger,E02003084,E02003047,1,36596,2264
weston-super-mare,other,driving,E02003081,E02006062,26,23176,1460
weston-super-mare,other,passenger,E02003081,E02006062,1,23176,1460
weston-super-mare,other,driving,E02003081,E02006061,26,17804,1612
weston-super-mare,other,passenger,E02003081,E02006061,2,17804,1612
weston-super-mare,other,driving,E02003082,E02002991,3,72381,3673
weston-super-mare,other,driving,E02003082,E02003072,20,24028,1795
weston-super-mare,other,driving,E02003081,E02003100,20,39313,2025
weston-super-mare,other,passenger,E02003081,E02003100,1,39313,2025
weston-super-mare,bridgwater,driving,E02003081,E02006068,8,33128,1862
weston-super-mare,bridgwater,passenger,E02003081,E02006068,1,33128,1862
weston-super-mare,other,driving,E02003082,E02003066,13,23182,1723
weston-super-mare,other,driving,E02003081,E02003094,21,36336,1885
weston-super-mare,other,passenger,E02003081,E02003094,2,36336,1885
weston-super-mare,other,driving,E02003081,E02003087,34,5258,659
weston-super-mare,other,passenger,E02003081,E02003087,1,5258,659
weston-super-mare,other,driving,E02003081,E02003108,4,51775,2791
weston-super-mare,taunton,driving,E02003082,E02006108,7,53758,2867
weston-super-mare,bristol,driving,E02003081,E02006887,40,51647,2616
weston-super-mare,bristol,passenger,E02003081,E02006887,5,51647,2616
weston-super-mare,other,driving,E02003080,E02006845,77,2839,362
weston-super-mare,other,passenger,E02003080,E02006845,14,2839,362
weston-super-mare,other,driving,E02003081,E02003075,13,18215,1535
weston-super-mare,other,passenger,E02003081,E02003075,1,18215,1535
weston-super-mare,other,driving,E02003082,E02006092,5,85686,4182
weston-super-mare,bristol,driving,E02003082,E02003033,2,36053,2470
weston-super-mare,bristol,driving,E02003084,E02003050,3,37012,2366
weston-super-mare,bristol,driving,E02003084,E02003056,1,38560,2562
weston-super-mare,other,driving,E02003082,E02003107,7,45967,2656
weston-super-mare,bristol,driving,E02003082,E02003057,2,30770,2505
weston-super-mare,other,taxi,E02003081,E02003078,1,9962,1029
weston-super-mare,other,driving,E02003081,E02003078,61,9962,1029
weston-super-mare,other,passenger,E02003081,E02003078,2,9962,1029
weston-super-mare,bristol,driving,E02003082,E02003015,5,41256,2436
weston-super-mare,bristol,passenger,E02003082,E02003015,1,41256,2436
weston-super-mare,other,driving,E02003081,E02003074,26,14881,1029
weston-super-mare,other,passenger,E02003081,E02003074,3,14881,1029
weston-super-mare,bristol,driving,E02003082,E02003056,4,38286,2617
weston-super-mare,other,driving,E02003081,E02006063,13,21741,2025
weston-super-mare,other,passenger,E02003081,E02006063,1,21741,2025
weston-super-mare,other,driving,E02003080,E02003071,24,12911,800
weston-super-mare,other,passenger,E02003080,E02003071,2,12911,800
weston-super-mare,bristol,driving,E02003082,E02003059,5,31402,2597
weston-super-mare,bristol,passenger,E02003082,E02003059,1,31402,2597
weston-super-mare,bristol,driving,E02003081,E02003033,5,33771,2297
weston-super-mare,other,driving,E02003080,E02003074,23,13276,819
weston-super-mare,other,passenger,E02003080,E02003074,2,13276,819
weston-super-mare,other,driving,E02003081,E02006060,3,45988,2687
weston-super-mare,bristol,driving,E02003082,E02003047,9,36321,2319
weston-super-mare,other,driving,E02003080,E02003087,31,6724,690
weston-super-mare,other,passenger,E02003080,E02003087,3,6724,690
weston-super-mare,other,driving,E02003081,E02003065,16,28259,1582
weston-super-mare,other,passenger,E02003081,E02003065,1,28259,1582
weston-super-mare,highbridge_and_burnham,driving,E02003080,E02006064,6,21609,1177
weston-super-mare,other,driving,E02003080,E02003088,66,12499,1327
weston-super-mare,other,passenger,E02003080,E02003088,15,12499,1327
weston-super-mare,bristol,driving,E02003082,E02003049,3,41623,3039
weston-super-mare,bristol,driving,E02003081,E02003034,7,50512,2458
weston-super-mare,bristol,passenger,E02003081,E02003034,1,50512,2458
weston-super-mare,other,taxi,E02003080,E02003078,4,8357,819
weston-super-mare,other,driving,E02003080,E02003078,61,8357,819
weston-super-mare,other,passenger,E02003080,E02003078,8,8357,819
weston-super-mare,other,driving,E02003081,E02003072,31,21746,1622
weston-super-mare,other,passenger,E02003081,E02003072,1,21746,1622
weston-super-mare,bristol,driving,E02003082,E02003036,6,36245,2501
weston-super-mare,bristol,passenger,E02003082,E02003036,1,36245,2501
weston-super-mare,highbridge_and_burnham,driving,E02003080,E02006065,36,21387,1211
weston-super-mare,highbridge_and_burnham,passenger,E02003080,E02006065,6,21387,1211
weston-super-mare,bristol,driving,E02003081,E02006888,1,50984,2517
weston-super-mare,other,driving,E02003081,E02003071,24,14516,1010
weston-super-mare,other,passenger,E02003081,E02003071,1,14516,1010
weston-super-mare,other,taxi,E02003081,E02003088,2,12906,1398
weston-super-mare,other,driving,E02003081,E02003088,52,12906,1398
weston-super-mare,other,passenger,E02003081,E02003088,7,12906,1398
weston-super-mare,other,driving,E02003081,E02003068,24,26655,1626
weston-super-mare,other,driving,E02003081,E02003067,13,28273,1605
weston-super-mare,taunton,driving,E02003081,E02006108,6,51477,2694
weston-super-mare,other,driving,E02003081,E02006054,4,31278,2755
weston-super-mare,other,taxi,E02003080,E02003068,1,25050,1416
weston-super-mare,other,driving,E02003080,E02003068,23,25050,1416
weston-super-mare,other,passenger,E02003080,E02003068,2,25050,1416
weston-super-mare,other,driving,E02003080,E02003076,36,12069,1034
weston-super-mare,other,passenger,E02003080,E02003076,5,12069,1034
weston-super-mare,other,driving,E02003081,E02003092,3,55830,2620
weston-super-mare,bristol,driving,E02003082,E02003050,6,36738,2421
weston-super-mare,other,driving,E02003080,E02003073,3,20887,1443
weston-super-mare,other,driving,E02003079,E02006074,8,35820,1689
weston-super-mare,other,passenger,E02003079,E02006074,1,35820,1689
weston-super-mare,other,driving,E02003081,E02003077,49,22574,1891
weston-super-mare,other,passenger,E02003081,E02003077,1,22574,1891
weston-super-mare,other,driving,E02003081,E02006092,4,83404,4010
weston-super-mare,taunton,driving,E02003080,E02006109,5,51575,2622
weston-super-mare,other,driving,E02003081,E02003069,45,15486,1141
weston-super-mare,other,passenger,E02003081,E02003069,8,15486,1141
weston-super-mare,highbridge_and_burnham,driving,E02003081,E02006064,7,23214,1387
weston-super-mare,bristol,driving,E02003081,E02003019,30,28951,1540
weston-super-mare,bristol,passenger,E02003081,E02003019,3,28951,1540
weston-super-mare,other,driving,E02003080,E02006062,16,21571,1250
weston-super-mare,other,passenger,E02003080,E02006062,2,21571,1250
weston-super-mare,other,driving,E02003080,E02003066,13,19295,1340
weston-super-mare,bristol,driving,E02003080,E02003020,6,31770,1858
weston-super-mare,other,driving,E02003080,E02003077,46,22777,1711
weston-super-mare,other,passenger,E02003080,E02003077,2,22777,1711
weston-super-mare,highbridge_and_burnham,driving,E02003079,E02006064,5,21676,1197
weston-super-mare,highbridge_and_burnham,passenger,E02003079,E02006064,1,21676,1197
weston-super-mare,other,driving,E02003080,E02003069,24,13881,931
weston-super-mare,other,passenger,E02003080,E02003069,6,13881,931
weston-super-mare,bristol,driving,E02003080,E02003019,24,27346,1330
weston-super-mare,bristol,passenger,E02003080,E02003019,1,27346,1330
weston-super-mare,bristol,driving,E02003084,E02003019,20,31507,1659
weston-super-mare,bristol,passenger,E02003084,E02003019,2,31507,1659
weston-super-mare,other,driving,E02003081,E02003076,59,13674,1244
weston-super-mare,other,passenger,E02003081,E02003076,1,13674,1244
weston-super-mare,other,driving,E02003081,E02003093,4,43089,2273
weston-super-mare,other,driving,E02003081,E02003098,13,39080,1989
weston-super-mare,bristol,driving,E02003081,E02006889,9,50922,2513
weston-super-mare,bristol,passenger,E02003081,E02006889,1,50922,2513
weston-super-mare,other,taxi,E02003081,E02003073,1,22492,1653
weston-super-mare,other,driving,E02003081,E02003073,2,22492,1653
weston-super-mare,other,taxi,E02003079,E02006845,3,3622,496
weston-super-mare,other,driving,E02003079,E02006845,130,3622,496
weston-super-mare,other,passenger,E02003079,E02006845,22,3622,496
weston-super-mare,bristol,driving,E02003082,E02003034,6,52794,2631
weston-super-mare,bristol,passenger,E02003082,E02003034,1,52794,2631
weston-super-mare,other,driving,E02003080,E02003065,6,26654,1372
weston-super-mare,other,driving,E02003080,E02003098,12,37475,1779
weston-super-mare,other,driving,E02003081,E02003066,15,20900,1550
weston-super-mare,other,driving,E02003080,E02003092,2,54225,2410
weston-super-mare,other,passenger,E02003080,E02003092,1,54225,2410
weston-super-mare,other,driving,E02003079,E02003069,44,13948,951
weston-super-mare,other,passenger,E02003079,E02003069,7,13948,951
weston-super-mare,other,driving,E02003079,E02003094,26,34798,1695
weston-super-mare,bridgwater,driving,E02003080,E02006069,6,31352,1752
weston-super-mare,bristol,driving,E02003081,E02003047,4,34039,2146
weston-super-mare,bridgwater,driving,E02003080,E02006068,10,31523,1652
weston-super-mare,other,driving,E02003080,E02003075,8,16610,1325
weston-super-mare,other,passenger,E02003080,E02003075,2,16610,1325
weston-super-mare,other,driving,E02003080,E02003067,4,26668,1395
weston-super-mare,bristol,driving,E02003081,E02003027,4,36215,2481
weston-super-mare,other,driving,E02003080,E02003070,28,24053,1598
weston-super-mare,other,passenger,E02003080,E02003070,1,24053,1598
weston-super-mare,taunton,driving,E02003080,E02006108,5,49872,2484
weston-super-mare,other,driving,E02003079,E02003075,16,16677,1345
weston-super-mare,other,driving,E02003080,E02006063,4,28926,1835
weston-super-mare,bristol,driving,E02003080,E02003034,5,48907,2248
weston-super-mare,bristol,driving,E02003081,E02003036,3,33963,2328
weston-super-mare,bristol,passenger,E02003081,E02003036,1,33963,2328
weston-super-mare,other,driving,E02003079,E02003071,37,12978,820
weston-super-mare,other,passenger,E02003079,E02003071,3,12978,820
weston-super-mare,other,driving,E02003081,E02003106,28,45430,2265
weston-super-mare,other,passenger,E02003081,E02003106,1,45430,2265
weston-super-mare,bristol,driving,E02003079,E02003014,40,28685,1516
weston-super-mare,other,driving,E02003080,E02003106,18,43825,2055
weston-super-mare,other,passenger,E02003080,E02003106,2,43825,2055
weston-super-mare,other,driving,E02003079,E02006062,19,21639,1270
weston-super-mare,other,passenger,E02003079,E02006062,2,21639,1270
weston-super-mare,other,driving,E02006846,E02001097,3,283013,10597
weston-super-mare,bristol,driving,E02003081,E02003049,3,39341,2866
weston-super-mare,other,driving,E02003080,E02003094,18,34731,1675
weston-super-mare,other,passenger,E02003080,E02003094,2,34731,1675
weston-super-mare,other,driving,E02003079,E02003088,66,13700,1425
weston-super-mare,other,passenger,E02003079,E02003088,9,13700,1425
weston-super-mare,other,driving,E02003080,E02003108,4,50170,2581
weston-super-mare,other,driving,E02003080,E02003072,33,20141,1412
weston-super-mare,other,driving,E02003080,E02006061,18,17397,1542
weston-super-mare,other,passenger,E02003080,E02006061,2,17397,1542
weston-super-mare,other,driving,E02003079,E02003074,32,13343,839
weston-super-mare,other,passenger,E02003079,E02003074,1,13343,839
weston-super-mare,bridgwater,driving,E02003079,E02006068,8,31591,1672
weston-super-mare,bridgwater,passenger,E02003079,E02006068,1,31591,1672
weston-super-mare,bristol,driving,E02003081,E02003052,7,33472,2091
weston-super-mare,bristol,driving,E02003080,E02003036,4,32358,2118
weston-super-mare,bristol,driving,E02003082,E02003046,1,40993,3024
weston-super-mare,other,driving,E02003079,E02003067,20,26736,1415
weston-super-mare,bristol,driving,E02003080,E02003052,8,31867,1881
weston-super-mare,bristol,passenger,E02003080,E02003052,1,31867,1881
weston-super-mare,bristol,driving,E02003081,E02003057,7,28488,2332
weston-super-mare,bristol,driving,E02003079,E02003020,4,31838,1878
weston-super-mare,bristol,driving,E02003081,E02003037,2,32594,2098
weston-super-mare,bristol,driving,E02003080,E02003014,25,28618,1496
weston-super-mare,bristol,passenger,E02003080,E02003014,2,28618,1496
weston-super-mare,bristol,driving,E02003080,E02003056,8,34399,2234
weston-super-mare,bristol,driving,E02003081,E02003014,12,30223,1706
weston-super-mare,bristol,passenger,E02003081,E02003014,2,30223,1706
weston-super-mare,bridgwater,driving,E02003079,E02006069,16,31420,1772
weston-super-mare,other,driving,E02003079,E02003106,39,43893,2075
weston-super-mare,other,passenger,E02003079,E02003106,5,43893,2075
weston-super-mare,other,driving,E02003080,E02003100,11,37708,1815
weston-super-mare,other,passenger,E02003080,E02003100,3,37708,1815
weston-super-mare,other,driving,E02003079,E02003076,69,12136,1054
weston-super-mare,other,passenger,E02003079,E02003076,11,12136,1054
weston-super-mare,other,driving,E02003086,E02001097,3,287168,11038
weston-super-mare,other,driving,E02003079,E02003098,18,37543,1799
weston-super-mare,bristol,driving,E02003080,E02006889,5,49317,2303
weston-super-mare,bristol,driving,E02003080,E02003049,1,37736,2657
weston-super-mare,bristol,passenger,E02003080,E02003049,1,37736,2657
weston-super-mare,bristol,driving,E02003080,E02003059,1,27515,2214
weston-super-mare,other,driving,E02003080,E02006060,3,44383,2477
weston-super-mare,other,passenger,E02003080,E02006060,1,44383,2477
weston-super-mare,other,driving,E02003079,E02003066,21,19362,1360
weston-super-mare,other,passenger,E02003079,E02003066,1,19362,1360
weston-super-mare,bristol,driving,E02003080,E02003047,1,32434,1936
weston-super-mare,bristol,passenger,E02003080,E02003047,2,32434,1936
weston-super-mare,other,driving,E02003081,E02002991,2,70099,3500
weston-super-mare,other,driving,E02003080,E02003107,7,42080,2273
weston-super-mare,other,passenger,E02003080,E02003107,1,42080,2273
weston-super-mare,other,driving,E02003079,E02003077,72,22845,1731
weston-super-mare,other,passenger,E02003079,E02003077,3,22845,1731
weston-super-mare,other,driving,E02003081,E02003107,8,43685,2483
weston-super-mare,other,passenger,E02003081,E02003107,2,43685,2483
weston-super-mare,other,driving,E02003079,E02006060,11,44450,2497
weston-super-mare,other,driving,E02003079,E02003065,31,26721,1392
weston-super-mare,bristol,driving,E02003079,E02006888,5,49447,2327
weston-super-mare,other,driving,E02003080,E02006054,1,30871,2685
weston-super-mare,bristol,driving,E02003080,E02006888,5,49379,2307
weston-super-mare,other,driving,E02003079,E02003107,8,42147,2293
weston-super-mare,other,passenger,E02003079,E02003107,3,42147,2293
weston-super-mare,bristol,driving,E02003080,E02006887,22,50042,2406
weston-super-mare,bristol,driving,E02003080,E02003027,4,34610,2271
weston-super-mare,other,driving,E02003079,E02003070,50,24120,1618
weston-super-mare,other,passenger,E02003079,E02003070,1,24120,1618
weston-super-mare,other,driving,E02003079,E02006061,24,18180,1675
weston-super-mare,other,passenger,E02003079,E02006061,2,18180,1675
weston-super-mare,other,driving,E02003080,E02006092,5,81799,3800
weston-super-mare,other,driving,E02003080,E02002991,5,68494,3290
weston-super-mare,bristol,driving,E02003081,E02003050,3,34456,2248
weston-super-mare,taunton,driving,E02003079,E02006109,5,51643,2642
weston-super-mare,bristol,driving,E02003079,E02006887,36,50110,2426
weston-super-mare,bristol,passenger,E02003079,E02006887,3,50110,2426
weston-super-mare,other,driving,E02003079,E02006063,12,28994,1855
weston-super-mare,other,taxi,E02003079,E02003078,1,8424,839
weston-super-mare,other,driving,E02003079,E02003078,111,8424,839
weston-super-mare,other,passenger,E02003079,E02003078,15,8424,839
weston-super-mare,bristol,driving,E02003080,E02003046,4,37107,2641
weston-super-mare,bristol,driving,E02003079,E02003047,7,32502,1956
weston-super-mare,bristol,driving,E02003080,E02003057,3,26883,2122
weston-super-mare,bristol,driving,E02003081,E02003046,2,38712,2851
weston-super-mare,bristol,driving,E02003080,E02003033,1,32166,2087
weston-super-mare,bristol,driving,E02003080,E02003050,5,32851,2038
weston-super-mare,other,driving,E02003079,E02003072,38,20208,1432
weston-super-mare,other,passenger,E02003079,E02003072,3,20208,1432
weston-super-mare,bristol,driving,E02003081,E02003056,3,36004,2444
weston-super-mare,bristol,driving,E02003079,E02003052,12,31935,1901
weston-super-mare,other,driving,E02003082,E02006054,2,33560,2925
weston-super-mare,other,driving,E02003079,E02003100,17,37775,1835
weston-super-mare,other,passenger,E02003079,E02003100,1,37775,1835
weston-super-mare,taunton,driving,E02003079,E02006108,12,49939,2504
weston-super-mare,taunton,passenger,E02003079,E02006108,1,49939,2504
weston-super-mare,highbridge_and_burnham,driving,E02003079,E02006065,36,21454,1231
weston-super-mare,highbridge_and_burnham,passenger,E02003079,E02006065,4,21454,1231
weston-super-mare,bristol,driving,E02003079,E02003057,7,26951,2142
weston-super-mare,bristol,driving,E02003079,E02003027,5,34677,2291
weston-super-mare,other,driving,E02003079,E02003073,6,20955,1463
weston-super-mare,other,passenger,E02003079,E02003073,1,20955,1463
weston-super-mare,bristol,driving,E02003079,E02003037,10,31056,1908
weston-super-mare,bristol,driving,E02003079,E02003034,10,48975,2268
weston-super-mare,other,driving,E02003080,E02003093,5,41484,2063
weston-super-mare,other,driving,E02003079,E02006054,8,31654,2819
weston-super-mare,bristol,driving,E02003079,E02003059,5,27582,2234
weston-super-mare,bristol,driving,E02003081,E02003059,2,29120,2424
weston-super-mare,bristol,passenger,E02003081,E02003059,1,29120,2424
weston-super-mare,bristol,driving,E02003079,E02003036,5,32426,2138
weston-super-mare,bristol,passenger,E02003079,E02003036,2,32426,2138
weston-super-mare,other,driving,E02003079,E02003093,10,41551,2083
weston-super-mare,other,passenger,E02003079,E02003093,2,41551,2083
weston-super-mare,bristol,driving,E02003080,E02003037,13,30989,1888
weston-super-mare,other,driving,E02003079,E02002991,6,68562,3310
weston-super-mare,bristol,driving,E02003080,E02003015,1,37369,2053
weston-super-mare,other,driving,E02003079,E02003068,33,25117,1436
weston-super-mare,other,passenger,E02003079,E02003068,3,25117,1436
weston-super-mare,other,driving,E02003079,E02003092,8,54292,2430
weston-super-mare,bristol,driving,E02003079,E02006889,16,49385,2323
weston-super-mare,bristol,driving,E02003079,E02003056,5,34466,2254
weston-super-mare,bristol,driving,E02003079,E02003049,8,37804,2676
weston-super-mare,bristol,driving,E02003079,E02003046,7,37174,2661
weston-super-mare,other,driving,E02003082,E02001097,4,285756,10998
weston-super-mare,bristol,driving,E02003079,E02003050,13,32918,2058
weston-super-mare,bristol,passenger,E02003079,E02003050,2,32918,2058
weston-super-mare,bristol,driving,E02003082,E02006889,3,53204,2686
weston-super-mare,other,driving,E02003082,E02006074,5,39640,2052
weston-super-mare,bristol,driving,E02003079,E02003019,48,27413,1350
weston-super-mare,bristol,passenger,E02003079,E02003019,3,27413,1350
weston-super-mare,bristol,driving,E02003081,E02003015,4,38974,2263
weston-super-mare,bristol,passenger,E02003081,E02003015,1,38974,2263
weston-super-mare,other,driving,E02003080,E02001097,3,281869,10615
weston-super-mare,other,taxi,E02003079,E02003087,2,7507,823
weston-super-mare,other,driving,E02003079,E02003087,35,7507,823
weston-super-mare,other,passenger,E02003079,E02003087,4,7507,823
weston-super-mare,other,driving,E02003081,E02001097,5,283474,10825
weston-super-mare,other,passenger,E02003081,E02001097,1,283474,10825
weston-super-mare,other,driving,E02003079,E02003108,13,50237,2601
weston-super-mare,other,driving,E02003079,E02006092,5,81867,3820
weston-super-mare,other,train,E02003082,E02003076,4,13469,2446
weston-super-mare,bristol,train,E02006846,E02006887,33,29039,3958
weston-super-mare,other,train,E02003081,E02003076,1,15349,2801
weston-super-mare,other,train,E02003086,E02003076,4,13651,2565
weston-super-mare,bristol,train,E02003079,E02006887,33,28542,3589
weston-super-mare,other,train,E02003080,E02003076,5,8847,2076
weston-super-mare,other,train,E02003079,E02003076,3,9253,2429
weston-super-mare,bristol,train,E02003086,E02006887,19,32939,3725
weston-super-mare,bristol,train,E02003084,E02006887,29,31965,2964
weston-super-mare,other,train,E02003084,E02003226,1,97597,6291
weston-super-mare,bristol,train,E02003080,E02006887,17,28136,3236
weston-super-mare,bristol,train,E02003079,E02003043,23,29547,4458
weston-super-mare,bristol,train,E02006846,E02003043,15,30044,4827
weston-super-mare,other,train,E02003085,E02003076,5,14006,2862
weston-super-mare,bristol,train,E02003085,E02006887,7,33294,4022
weston-super-mare,bristol,train,E02003082,E02006887,44,32757,3606
weston-super-mare,other,train,E02003089,E02003226,1,101717,9237
weston-super-mare,other,train,E02003079,E02003226,6,94184,6785
weston-super-mare,other,train,E02003082,E02003226,1,98389,6933
weston-super-mare,other,train,E02003086,E02003226,1,98589,7070
weston-super-mare,bristol,train,E02003080,E02003043,14,29141,4105
weston-super-mare,bristol,train,E02003085,E02003043,9,34299,4891
weston-super-mare,bristol,train,E02003089,E02006887,16,36075,6161
weston-super-mare,bristol,train,E02003081,E02006887,31,34637,3961
weston-super-mare,other,train,E02006846,E02003076,2,9750,2798
weston-super-mare,other,train,E02006846,E02003226,4,96294,6665
weston-super-mare,bristol,train,E02003082,E02003036,4,38170,5995
weston-super-mare,other,train,E02003085,E02003226,1,98944,7367
weston-super-mare,bristol,train,E02003079,E02003036,5,33955,5978
weston-super-mare,bristol,train,E02003084,E02003043,20,32970,3833
weston-super-mare,bristol,train,E02003080,E02003036,2,33549,5625
weston-super-mare,bristol,train,E02003089,E02003043,4,37080,7030
weston-super-mare,other,train,E02003086,E02003106,4,41587,5863
weston-super-mare,bristol,train,E02003081,E02003036,1,40050,6350
weston-super-mare,other,train,E02003081,E02003226,3,96021,6437
weston-super-mare,bristol,train,E02006846,E02003036,1,34452,6347
weston-super-mare,other,train,E02003081,E02003106,10,43285,6099
weston-super-mare,bristol,train,E02003086,E02003043,19,33944,4594
weston-super-mare,other,train,E02003082,E02003106,9,41405,5744
weston-super-mare,other,train,E02003084,E02003106,3,40613,5102
weston-super-mare,bristol,train,E02003082,E02003043,27,33762,4475
weston-super-mare,other,train,E02003084,E02003076,3,12677,1804
weston-super-mare,bristol,train,E02003086,E02003036,3,38352,6114
weston-super-mare,other,train,E02003085,E02003106,1,41942,6160
weston-super-mare,bristol,train,E02003081,E02003043,13,35642,4830
weston-super-mare,other,train,E02003079,E02003106,13,37189,5727
weston-super-mare,other,train,E02006846,E02003106,4,40908,5389
weston-super-mare,other,train,E02003080,E02003106,3,36783,5374
weston-super-mare,other,bus,E02003081,E02003078,1,4359,996
weston-super-mare,other,bus,E02003080,E02003078,4,2688,714
weston-super-mare,other,bus,E02003082,E02003078,2,7650,2392
weston-super-mare,other,bus,E02003084,E02003078,5,6086,1765
weston-super-mare,other,bus,E02003089,E02003078,1,12650,2586
weston-super-mare,other,bus,E02003081,E02006845,8,32326,4291
weston-super-mare,other,bus,E02003082,E02006845,7,35396,4703
weston-super-mare,other,bus,E02003080,E02006845,4,30347,3604
weston-super-mare,other,bus,E02003086,E02006845,3,38890,5312
weston-super-mare,other,bus,E02003079,E02006845,2,29990,4246
weston-super-mare,other,bus,E02006846,E02003078,1,3057,2521
weston-super-mare,other,bus,E02003089,E02006845,1,38940,4964
weston-super-mare,other,bus,E02003084,E02006845,15,33833,4134
weston-super-mare,other,bus,E02003085,E02006845,6,38885,5071
weston-super-mare,other,bus,E02003086,E02003078,1,11143,3001
weston-super-mare,other,bus,E02003085,E02003078,6,11138,2760
weston-super-mare,other,bus,E02006846,E02006845,6,32469,4650
weston-super-mare,bridgwater,driving,E02006846,E02006073,5,33012,1862
weston-super-mare,bristol,driving,E02006846,E02003040,6,33579,1918
weston-super-mare,bristol,passenger,E02006846,E02003040,1,33579,1918
weston-super-mare,other,driving,E02006846,E02002992,3,32133,1869
weston-super-mare,bristol,driving,E02006846,E02003041,7,38514,2035
weston-super-mare,bristol,passenger,E02006846,E02003041,1,38514,2035
weston-super-mare,bristol,driving,E02003079,E02003041,5,37437,2073
weston-super-mare,other,driving,E02006846,E02006070,5,29762,1478
weston-super-mare,bristol,driving,E02006846,E02003043,62,69639,3272
weston-super-mare,bristol,passenger,E02006846,E02003043,7,69639,3272
weston-super-mare,bristol,driving,E02006846,E02003017,10,38251,2623
weston-super-mare,bristol,passenger,E02006846,E02003017,1,38251,2623
weston-super-mare,other,driving,E02006846,E02006057,1,35754,2253
weston-super-mare,bristol,driving,E02006846,E02003054,7,38881,2638
weston-super-mare,bristol,driving,E02006846,E02003064,8,33995,2020
weston-super-mare,bristol,driving,E02003089,E02003054,2,42807,3068
weston-super-mare,other,driving,E02003089,E02002992,5,36060,2299
weston-super-mare,bristol,driving,E02006846,E02003025,4,33503,2100
weston-super-mare,other,driving,E02003089,E02006070,1,33689,1908
weston-super-mare,other,passenger,E02003089,E02006070,1,33689,1908
weston-super-mare,bristol,driving,E02003089,E02003041,3,42440,2464
weston-super-mare,bristol,driving,E02003089,E02003064,1,37922,2449
weston-super-mare,bristol,driving,E02003089,E02003017,2,42178,3052
weston-super-mare,other,driving,E02003086,E02006070,2,33917,1919
weston-super-mare,bristol,driving,E02003086,E02003040,2,37733,2358
weston-super-mare,bristol,driving,E02003086,E02003041,1,42668,2475
weston-super-mare,bristol,driving,E02003089,E02003025,1,37430,2530
weston-super-mare,bristol,driving,E02003089,E02003043,24,73565,3701
weston-super-mare,bristol,passenger,E02003089,E02003043,1,73565,3701
weston-super-mare,bristol,driving,E02003086,E02003025,7,37657,2541
weston-super-mare,bristol,passenger,E02003086,E02003025,2,37657,2541
weston-super-mare,other,driving,E02003085,E02006058,1,31526,1634
weston-super-mare,other,passenger,E02003085,E02006058,1,31526,1634
weston-super-mare,bristol,driving,E02003086,E02003043,23,73793,3713
weston-super-mare,bristol,passenger,E02003086,E02003043,2,73793,3713
weston-super-mare,bristol,driving,E02003086,E02003017,2,42405,3063
weston-super-mare,bristol,driving,E02003085,E02003017,2,41287,2945
weston-super-mare,other,driving,E02003086,E02002992,1,36288,2310
weston-super-mare,bristol,driving,E02003085,E02003064,2,37031,2341
weston-super-mare,bristol,driving,E02003085,E02003054,1,41916,2960
weston-super-mare,other,driving,E02003085,E02002992,1,35169,2191
weston-super-mare,other,passenger,E02003085,E02002992,1,35169,2191
weston-super-mare,other,driving,E02003085,E02006070,3,32798,1800
weston-super-mare,other,passenger,E02003085,E02006070,1,32798,1800
weston-super-mare,bristol,driving,E02003084,E02003041,2,41531,2381
weston-super-mare,other,driving,E02003084,E02002992,1,35150,2216
weston-super-mare,other,driving,E02003084,E02006070,2,32779,1825
weston-super-mare,bristol,taxi,E02003085,E02003043,1,72674,3594
weston-super-mare,bristol,driving,E02003085,E02003043,16,72674,3594
weston-super-mare,bristol,driving,E02003084,E02003040,1,36596,2264
weston-super-mare,bristol,driving,E02003085,E02003025,2,36539,2422
weston-super-mare,other,driving,E02003084,E02006057,7,38771,2599
weston-super-mare,other,passenger,E02003084,E02006057,1,38771,2599
weston-super-mare,other,driving,E02003084,W02000217,7,53069,2576
weston-super-mare,bristol,driving,E02003085,E02003041,4,41549,2357
weston-super-mare,other,driving,E02003084,E02006058,2,31507,1659
weston-super-mare,bristol,driving,E02003084,E02003017,3,41268,2969
weston-super-mare,other,driving,E02003082,E02002992,3,34876,2271
weston-super-mare,other,driving,E02003082,E02006070,1,32505,1879
weston-super-mare,other,driving,E02003082,E02006058,7,31232,1713
weston-super-mare,bristol,driving,E02003082,E02003064,3,36738,2421
weston-super-mare,bristol,driving,E02003084,E02003043,27,72656,3619
weston-super-mare,bristol,passenger,E02003084,E02003043,1,72656,3619
weston-super-mare,bristol,driving,E02003084,E02003064,3,37012,2366
weston-super-mare,bristol,driving,E02003082,E02003041,7,41256,2436
weston-super-mare,bristol,passenger,E02003082,E02003041,1,41256,2436
weston-super-mare,bridgwater,driving,E02003084,E02006073,1,36029,2209
weston-super-mare,other,driving,E02003081,E02006070,5,30223,1706
weston-super-mare,other,passenger,E02003081,E02006070,1,30223,1706
weston-super-mare,bristol,driving,E02003082,E02003043,40,72381,3673
weston-super-mare,bristol,passenger,E02003082,E02003043,4,72381,3673
weston-super-mare,bristol,driving,E02003081,E02003043,46,70099,3500
weston-super-mare,bristol,passenger,E02003081,E02003043,3,70099,3500
weston-super-mare,other,driving,E02003082,E02006057,2,38497,2654
weston-super-mare,bristol,driving,E02003082,E02003017,1,40993,3024
weston-super-mare,bristol,driving,E02003081,E02003040,2,34039,2146
weston-super-mare,bristol,passenger,E02003081,E02003040,1,34039,2146
weston-super-mare,other,driving,E02003081,W02000217,1,50512,2458
weston-super-mare,bristol,driving,E02003081,E02003041,3,38974,2263
weston-super-mare,bristol,passenger,E02003081,E02003041,2,38974,2263
weston-super-mare,bristol,driving,E02003081,E02003017,5,38712,2851
weston-super-mare,bristol,driving,E02003081,E02003064,3,34456,2248
weston-super-mare,bristol,driving,E02003082,E02003040,1,36321,2319
weston-super-mare,other,driving,E02003080,E02006057,2,34610,2271
weston-super-mare,other,driving,E02003080,E02002992,1,30989,1888
weston-super-mare,bristol,driving,E02003082,E02003054,1,41623,3039
weston-super-mare,other,driving,E02003081,E02006057,1,36215,2481
weston-super-mare,bristol,driving,E02003081,E02003054,3,39341,2866
weston-super-mare,bristol,driving,E02003080,E02003064,2,32851,2038
weston-super-mare,bristol,driving,E02003080,E02003040,1,32434,1936
weston-super-mare,bristol,driving,E02003080,E02003041,1,37369,2053
weston-super-mare,other,driving,E02003081,E02002992,3,32594,2098
weston-super-mare,other,driving,E02003079,E02006070,5,28685,1516
weston-super-mare,bristol,driving,E02003081,E02003025,3,33963,2328
weston-super-mare,bridgwater,driving,E02003081,E02006073,3,33472,2091
weston-super-mare,bristol,driving,E02003080,E02003025,1,32358,2118
weston-super-mare,other,driving,E02003079,E02002992,3,31056,1908
weston-super-mare,bridgwater,driving,E02003079,E02006073,1,31935,1901
weston-super-mare,bristol,driving,E02003080,E02003043,54,68494,3290
weston-super-mare,bristol,passenger,E02003080,E02003043,3,68494,3290
weston-super-mare,other,driving,E02003080,E02006070,4,28618,1496
weston-super-mare,bristol,driving,E02003079,E02003064,4,32918,2058
weston-super-mare,bristol,driving,E02003079,E02003040,2,32502,1956
weston-super-mare,other,driving,E02003079,E02006058,1,27413,1350
weston-super-mare,bristol,driving,E02003080,E02003054,2,37736,2657
weston-super-mare,bristol,taxi,E02003079,E02003043,1,68562,3310
weston-super-mare,bristol,driving,E02003079,E02003043,76,68562,3310
weston-super-mare,bristol,passenger,E02003079,E02003043,4,68562,3310
weston-super-mare,bristol,driving,E02003079,E02003054,2,37804,2676
weston-super-mare,bristol,driving,E02003082,E02003025,4,36245,2501
weston-super-mare,bristol,driving,E02003079,E02003017,4,37174,2661
bridgwater,other,driving,E02006068,E02006070,145,1649,263
bridgwater,other,passenger,E02006068,E02006070,22,1649,263
bridgwater,other,driving,E02006069,E02006067,81,7658,778
bridgwater,other,passenger,E02006069,E02006067,15,7658,778
bridgwater,other,taxi,E02006073,E02006071,1,3586,464
bridgwater,other,driving,E02006073,E02006071,36,3586,464
bridgwater,other,passenger,E02006073,E02006071,5,3586,464
bridgwater,other,driving,E02006068,E02006066,32,8251,1209
bridgwater,other,passenger,E02006068,E02006066,7,8251,1209
bridgwater,other,taxi,E02006069,E02006070,1,3218,549
bridgwater,other,driving,E02006069,E02006070,219,3218,549
bridgwater,other,passenger,E02006069,E02006070,46,3218,549
bridgwater,taunton,driving,E02006068,E02006104,39,18107,1298
bridgwater,taunton,passenger,E02006068,E02006104,3,18107,1298
bridgwater,taunton,driving,E02006073,E02006108,59,18996,1407
bridgwater,taunton,passenger,E02006073,E02006108,7,18996,1407
bridgwater,other,driving,E02006073,E02006074,144,3973,469
bridgwater,other,passenger,E02006073,E02006074,12,3973,469
bridgwater,other,driving,E02006069,E02006071,76,2586,348
bridgwater,other,passenger,E02006069,E02006071,11,2586,348
bridgwater,other,driving,E02006073,E02006066,50,10860,1600
bridgwater,other,passenger,E02006073,E02006066,4,10860,1600
bridgwater,other,driving,E02006073,E02006070,112,3917,607
bridgwater,other,passenger,E02006073,E02006070,18,3917,607
bridgwater,other,driving,E02006068,E02006071,28,4835,540
bridgwater,other,driving,E02006069,E02006074,183,5482,725
bridgwater,other,passenger,E02006069,E02006074,25,5482,725
bridgwater,taunton,driving,E02006069,E02006108,101,20505,1662
bridgwater,taunton,passenger,E02006069,E02006108,6,20505,1662
bridgwater,highbridge_and_burnham,driving,E02006068,E02006065,65,12354,1031
bridgwater,highbridge_and_burnham,passenger,E02006068,E02006065,7,12354,1031
bridgwater,other,driving,E02006069,E02006066,51,9489,1423
bridgwater,other,passenger,E02006069,E02006066,6,9489,1423
bridgwater,other,driving,E02006069,E02006116,83,24938,2068
bridgwater,other,passenger,E02006069,E02006116,7,24938,2068
bridgwater,highbridge_and_burnham,driving,E02006073,E02006065,47,22038,1214
bridgwater,highbridge_and_burnham,passenger,E02006073,E02006065,10,22038,1214
bridgwater,taunton,driving,E02006073,E02006104,32,15486,966
bridgwater,taunton,passenger,E02006073,E02006104,2,15486,966
bridgwater,other,driving,E02006073,E02006067,38,8698,872
bridgwater,other,passenger,E02006073,E02006067,5,8698,872
bridgwater,other,driving,E02006073,E02006116,41,25979,2162
bridgwater,other,passenger,E02006073,E02006116,6,25979,2162
bridgwater,other,driving,E02006068,E02006067,38,10646,1019
bridgwater,other,passenger,E02006068,E02006067,3,10646,1019
bridgwater,taunton,driving,E02006068,E02006108,51,21617,1738
bridgwater,taunton,passenger,E02006068,E02006108,6,21617,1738
bridgwater,taunton,driving,E02006069,E02006104,62,16995,1221
bridgwater,taunton,passenger,E02006069,E02006104,7,16995,1221
bridgwater,highbridge_and_burnham,driving,E02006069,E02006065,69,12659,1139
bridgwater,highbridge_and_burnham,passenger,E02006069,E02006065,24,12659,1139
bridgwater,other,taxi,E02006068,E02006074,1,6594,801
bridgwater,other,driving,E02006068,E02006074,128,6594,801
bridgwater,other,passenger,E02006068,E02006074,15,6594,801
bridgwater,other,driving,E02006068,E02006116,40,27927,2309
bridgwater,other,passenger,E02006068,E02006116,4,27927,2309
bridgwater,other,bicycle,E02006068,E02006070,36,1118,199
bridgwater,other,bicycle,E02006069,E02006070,67,3006,563
bridgwater,other,bicycle,E02006073,E02006074,50,4361,881
bridgwater,other,bicycle,E02006069,E02006074,56,6370,1328
bridgwater,other,bicycle,E02006073,E02006070,27,3489,676
bridgwater,other,bicycle,E02006068,E02006074,53,7281,1501
bristol,other,bus,E02003014,E02003106,5,18635,4138
bristol,other,bus,E02003023,E02003106,11,4288,1711
bristol,other,bus,E02003021,E02003106,35,5809,1977
bristol,other,bus,E02003019,E02003077,1,27564,6190
bristol,other,bus,E02003025,E02003106,10,5302,2336
bristol,other,bus,E02003014,E02003077,1,29795,6820
bristol,other,bus,E02003013,E02003106,24,16923,3660
bristol,other,bus,E02003017,E02003094,11,13135,3898
bristol,other,bus,E02003018,E02003094,20,19766,4257
bristol,other,bus,E02003017,E02003106,9,16959,3763
bristol,other,bus,E02003016,E02003106,30,4000,1538
bristol,other,bus,E02003026,E02003094,7,18646,4778
bristol,other,bus,E02003022,E02003094,5,17027,4939
bristol,other,bus,E02003012,E02003094,77,6834,4973
bristol,other,bus,E02003014,E02003094,61,15231,3553
bristol,other,bus,E02003020,E02003106,8,17179,3954
bristol,other,bus,E02003012,E02003106,3,14744,3489
bristol,other,bus,E02003020,E02003094,10,12555,3349
bristol,other,bus,E02003018,E02003106,3,18311,3162
bristol,other,bus,E02003022,E02003106,5,7197,3320
bristol,other,bus,E02003019,E02003094,36,17547,4115
bristol,other,bus,E02003027,E02003106,55,6772,2376
bristol,other,bus,E02003015,E02003094,19,15324,4049
bristol,other,bus,E02003016,E02003077,3,24210,6735
bristol,other,bus,E02003019,E02003106,4,20892,3599
bristol,other,bus,E02003024,E02003094,9,20959,5914
bristol,other,bus,E02003016,E02003094,35,14778,3811
bristol,other,bus,E02003012,E02003077,2,25784,7862
bristol,other,bus,E02003024,E02003106,29,5737,2917
bristol,other,bus,E02003023,E02003094,5,19355,4666
bristol,other,bus,E02003021,E02003094,35,15506,3923
bristol,other,bus,E02003015,E02003106,22,5791,3296
bristol,other,bus,E02003025,E02003077,1,27182,7742
bristol,other,bus,E02003024,E02003077,3,25921,8390
bristol,other,bus,E02003027,E02003077,1,19942,6464
bristol,other,bus,E02003025,E02003094,13,18506,5896
bristol,other,bus,E02003026,E02003106,3,15677,3174
bristol,other,bus,E02003013,E02003094,61,9013,5144
bristol,other,bus,E02003027,E02003094,28,16318,3999
bristol,other,bus,E02003015,E02003077,1,24000,6710
bristol,other,driving,E02003037,E02003107,48,7593,1198
bristol,other,passenger,E02003037,E02003107,1,7593,1198
bristol,other,driving,E02003036,E02003108,7,16020,1555
bristol,other,passenger,E02003036,E02003108,1,16020,1555
bristol,other,taxi,E02003034,E02003108,1,14455,1228
bristol,other,driving,E02003034,E02003108,27,14455,1228
bristol,other,passenger,E02003034,E02003108,3,14455,1228
bristol,other,driving,E02003034,E02003106,77,7643,634
bristol,other,passenger,E02003034,E02003106,4,7643,634
bristol,other,driving,E02003036,E02003094,17,12360,1369
bristol,other,driving,E02003037,E02003100,59,10377,1311
bristol,other,passenger,E02003037,E02003100,5,10377,1311
bristol,other,driving,E02003036,E02003107,36,6038,1113
bristol,other,passenger,E02003036,E02003107,2,6038,1113
bristol,other,driving,E02003037,E02003068,28,7576,897
bristol,other,driving,E02003036,E02003068,7,8947,1112
bristol,other,driving,E02003037,E02003108,5,17910,1767
bristol,other,driving,E02003037,E02003098,34,14798,1474
bristol,other,passenger,E02003037,E02003098,1,14798,1474
bristol,other,driving,E02003034,E02003098,17,11343,935
bristol,other,passenger,E02003034,E02003098,2,11343,935
bristol,other,driving,E02003034,E02003107,49,9472,847
bristol,other,passenger,E02003034,E02003107,2,9472,847
bristol,other,driving,E02003036,E02003098,20,12908,1262
bristol,other,driving,E02003037,E02003094,32,11843,1342
bristol,other,passenger,E02003037,E02003094,1,11843,1342
bristol,other,driving,E02003034,E02003100,46,15987,1040
bristol,other,passenger,E02003034,E02003100,5,15987,1040
bristol,other,driving,E02003033,E02003108,13,17248,1647
bristol,other,driving,E02003037,E02003106,111,11098,1173
bristol,other,passenger,E02003037,E02003106,3,11098,1173
bristol,other,driving,E02003034,E02003094,11,20667,1253
bristol,other,passenger,E02003034,E02003094,2,20667,1253
bristol,other,driving,E02003034,E02003068,14,10477,1432
bristol,other,driving,E02003036,E02003106,83,9208,961
bristol,other,passenger,E02003036,E02003106,3,9208,961
bristol,other,driving,E02003033,E02003098,15,14136,1354
bristol,other,driving,E02003033,E02003107,28,6973,1076
bristol,other,passenger,E02003033,E02003107,4,6973,1076
bristol,other,driving,E02003033,E02003068,16,8781,1092
bristol,other,taxi,E02003033,E02003100,1,9564,1266
bristol,other,driving,E02003033,E02003100,51,9564,1266
bristol,other,passenger,E02003033,E02003100,1,9564,1266
bristol,other,driving,E02003033,E02003106,121,10435,1053
bristol,other,passenger,E02003033,E02003106,2,10435,1053
bristol,other,taxi,E02003033,E02003094,1,11652,1293
bristol,other,driving,E02003033,E02003094,20,11652,1293
bristol,other,taxi,E02003032,E02003106,1,6552,871
bristol,other,driving,E02003032,E02003106,126,6552,871
bristol,other,passenger,E02003032,E02003106,17,6552,871
bristol,other,driving,E02003032,E02003108,51,10831,1131
bristol,other,passenger,E02003032,E02003108,8,10831,1131
bristol,other,taxi,E02003031,E02003106,1,9054,918
bristol,other,driving,E02003031,E02003106,130,9054,918
bristol,other,passenger,E02003031,E02003106,9,9054,918
bristol,other,driving,E02003032,E02003098,45,10252,1172
bristol,other,passenger,E02003032,E02003098,2,10252,1172
bristol,other,driving,E02003030,E02003107,36,8662,835
bristol,other,driving,E02003030,E02003106,140,6833,622
bristol,other,passenger,E02003030,E02003106,14,6833,622
bristol,other,driving,E02003031,E02003107,35,6219,966
bristol,other,driving,E02003032,E02003094,25,21733,1524
bristol,other,passenger,E02003032,E02003094,1,21733,1524
bristol,other,driving,E02003031,E02003098,28,12754,1220
bristol,other,driving,E02003030,E02003100,53,15178,1028
bristol,other,passenger,E02003030,E02003100,2,15178,1028
bristol,other,driving,E02003029,E02003106,109,5823,779
bristol,other,passenger,E02003029,E02003106,18,5823,779
bristol,other,driving,E02003030,E02003108,28,13646,1216
bristol,other,passenger,E02003030,E02003108,4,13646,1216
bristol,other,driving,E02003031,E02003100,63,9091,1196
bristol,other,passenger,E02003031,E02003100,3,9091,1196
bristol,other,taxi,E02003032,E02003107,1,7406,986
bristol,other,driving,E02003032,E02003107,37,7406,986
bristol,other,passenger,E02003032,E02003107,2,7406,986
bristol,other,driving,E02003029,E02003108,40,9854,984
bristol,other,passenger,E02003029,E02003108,8,9854,984
bristol,other,driving,E02003030,E02003068,12,28041,1551
bristol,other,driving,E02003031,E02003068,21,9722,1257
bristol,other,passenger,E02003031,E02003068,1,9722,1257
bristol,other,driving,E02003029,E02003107,29,7652,992
bristol,other,passenger,E02003029,E02003107,2,7652,992
bristol,other,driving,E02003030,E02003098,26,10533,923
bristol,other,passenger,E02003030,E02003098,2,10533,923
bristol,other,driving,E02003030,E02003094,20,19858,1241
bristol,other,passenger,E02003030,E02003094,1,19858,1241
bristol,other,driving,E02003032,E02003068,6,29916,1834
bristol,other,driving,E02003029,E02003098,34,9523,1080
bristol,other,passenger,E02003029,E02003098,1,9523,1080
bristol,other,driving,E02003031,E02003094,27,11871,1359
bristol,other,passenger,E02003031,E02003094,4,11871,1359
bristol,other,driving,E02003031,E02003108,18,15866,1512
bristol,other,passenger,E02003031,E02003108,1,15866,1512
bristol,other,driving,E02003029,E02003094,24,18882,1451
bristol,other,driving,E02003028,E02003068,9,9457,1105
bristol,other,passenger,E02003028,E02003068,1,9457,1105
bristol,other,driving,E02003028,E02003098,26,10614,1218
bristol,other,passenger,E02003028,E02003098,1,10614,1218
bristol,other,driving,E02003028,E02003106,132,7384,1026
bristol,other,passenger,E02003028,E02003106,2,7384,1026
bristol,other,driving,E02003032,E02003100,47,11505,1346
bristol,other,passenger,E02003032,E02003100,4,11505,1346
bristol,other,driving,E02003027,E02003107,50,4015,684
bristol,other,passenger,E02003027,E02003107,4,4015,684
bristol,other,driving,E02003028,E02003107,41,5442,823
bristol,other,driving,E02003027,E02003100,77,7045,919
bristol,other,passenger,E02003027,E02003100,4,7045,919
bristol,other,driving,E02003027,E02003108,35,14912,1460
bristol,other,driving,E02003028,E02003094,26,10461,1137
bristol,other,passenger,E02003028,E02003094,1,10461,1137
bristol,other,driving,E02003028,E02003108,9,17176,1695
bristol,other,driving,E02003027,E02003094,54,11569,1335
bristol,other,passenger,E02003027,E02003094,3,11569,1335
bristol,other,driving,E02003029,E02003068,7,27065,1761
bristol,other,driving,E02003036,E02003100,31,9068,1348
bristol,other,passenger,E02003036,E02003100,1,9068,1348
bristol,other,driving,E02003026,E02003108,14,17174,1911
bristol,other,taxi,E02003025,E02003106,1,7669,748
bristol,other,driving,E02003025,E02003106,78,7669,748
bristol,other,passenger,E02003025,E02003106,8,7669,748
bristol,other,taxi,E02003027,E02003106,1,5771,898
bristol,other,driving,E02003027,E02003106,174,5771,898
bristol,other,passenger,E02003027,E02003106,13,5771,898
bristol,other,driving,E02003029,E02003100,33,14201,1238
bristol,other,passenger,E02003029,E02003100,1,14201,1238
bristol,other,driving,E02003028,E02003100,68,8033,1013
bristol,other,passenger,E02003028,E02003100,2,8033,1013
bristol,other,driving,E02003026,E02003106,104,8613,1158
bristol,other,passenger,E02003026,E02003106,1,8613,1158
bristol,other,driving,E02003026,E02003098,21,12654,1248
bristol,other,driving,E02003027,E02003068,24,10699,1454
bristol,other,passenger,E02003027,E02003068,1,10699,1454
bristol,other,driving,E02003026,E02003094,35,9889,1101
bristol,other,passenger,E02003026,E02003094,2,9889,1101
bristol,other,driving,E02003025,E02003108,23,14481,1342
bristol,other,passenger,E02003025,E02003108,1,14481,1342
bristol,other,driving,E02003025,E02003068,11,28876,1677
bristol,other,passenger,E02003025,E02003068,3,28876,1677
bristol,other,driving,E02003025,E02003098,35,11369,1049
bristol,other,passenger,E02003025,E02003098,8,11369,1049
bristol,other,driving,E02003024,E02003107,38,6530,849
bristol,other,passenger,E02003024,E02003107,3,6530,849
bristol,other,taxi,E02003024,E02003106,1,5670,728
bristol,other,driving,E02003024,E02003106,176,5670,728
bristol,other,passenger,E02003024,E02003106,25,5670,728
bristol,other,driving,E02003026,E02003107,23,7175,1043
bristol,other,driving,E02003026,E02003100,43,9262,1146
bristol,other,driving,E02003024,E02003100,49,10630,1209
bristol,other,passenger,E02003024,E02003100,3,10630,1209
bristol,other,driving,E02003025,E02003107,48,4034,637
bristol,other,passenger,E02003025,E02003107,5,4034,637
bristol,other,taxi,E02003023,E02003094,1,18009,1370
bristol,other,driving,E02003023,E02003094,30,18009,1370
bristol,other,passenger,E02003023,E02003094,5,18009,1370
bristol,other,driving,E02003024,E02003108,41,8622,1042
bristol,other,passenger,E02003024,E02003108,7,8622,1042
bristol,other,driving,E02003026,E02003068,25,10403,1215
bristol,other,taxi,E02003023,E02003100,1,8757,1021
bristol,other,driving,E02003023,E02003100,34,8757,1021
bristol,other,driving,E02003025,E02003100,45,7524,1002
bristol,other,passenger,E02003025,E02003100,4,7524,1002
bristol,other,driving,E02003024,E02003094,47,18728,1400
bristol,other,passenger,E02003024,E02003094,4,18728,1400
bristol,other,driving,E02003021,E02003107,48,3054,489
bristol,other,passenger,E02003021,E02003107,6,3054,489
bristol,other,driving,E02003027,E02003098,51,9626,1124
bristol,other,passenger,E02003027,E02003098,3,9626,1124
bristol,other,driving,E02003023,E02003098,26,7504,847
bristol,other,passenger,E02003023,E02003098,1,7504,847
bristol,other,taxi,E02003023,E02003106,1,3804,546
bristol,other,driving,E02003023,E02003106,136,3804,546
bristol,other,passenger,E02003023,E02003106,20,3804,546
bristol,other,driving,E02003024,E02003068,6,26912,1710
bristol,other,passenger,E02003024,E02003068,1,26912,1710
bristol,other,driving,E02003022,E02003106,91,6873,912
bristol,other,passenger,E02003022,E02003106,1,6873,912
bristol,other,driving,E02003022,E02003068,10,11086,1324
bristol,other,passenger,E02003022,E02003068,1,11086,1324
bristol,other,driving,E02003021,E02003100,51,6486,836
bristol,other,passenger,E02003021,E02003100,3,6486,836
bristol,other,driving,E02003023,E02003108,28,11763,1288
bristol,other,passenger,E02003023,E02003108,5,11763,1288
bristol,other,driving,E02003024,E02003098,50,9370,1029
bristol,other,passenger,E02003024,E02003098,3,9370,1029
bristol,other,driving,E02003021,E02003068,19,11935,1536
bristol,other,driving,E02003022,E02003107,32,5435,798
bristol,other,passenger,E02003022,E02003107,2,5435,798
bristol,other,driving,E02003021,E02003094,41,11010,1252
bristol,other,passenger,E02003021,E02003094,5,11010,1252
bristol,other,driving,E02003021,E02003098,42,7555,963
bristol,other,passenger,E02003021,E02003098,3,7555,963
bristol,other,driving,E02003023,E02003068,6,26192,1680
bristol,other,driving,E02003022,E02003098,19,10103,1106
bristol,other,taxi,E02003021,E02003106,1,4810,703
bristol,other,driving,E02003021,E02003106,111,4810,703
bristol,other,passenger,E02003021,E02003106,3,4810,703
bristol,other,driving,E02003022,E02003100,42,7522,901
bristol,other,driving,E02003023,E02003107,34,4657,661
bristol,other,passenger,E02003023,E02003107,3,4657,661
bristol,other,driving,E02003020,E02003106,97,8116,1081
bristol,other,passenger,E02003020,E02003106,2,8116,1081
bristol,other,taxi,E02003020,E02003094,2,8804,953
bristol,other,driving,E02003020,E02003094,51,8804,953
bristol,other,passenger,E02003020,E02003094,3,8804,953
bristol,other,taxi,E02003021,E02003108,1,14838,1403
bristol,other,driving,E02003021,E02003108,14,14838,1403
bristol,other,driving,E02003025,E02003094,55,12048,1418
bristol,other,passenger,E02003025,E02003094,9,12048,1418
bristol,other,driving,E02003022,E02003094,25,9734,1080
bristol,other,passenger,E02003022,E02003094,1,9734,1080
bristol,other,driving,E02003019,E02003098,20,14600,930
bristol,other,passenger,E02003019,E02003098,1,14600,930
bristol,other,driving,E02003019,E02003107,38,10462,1327
bristol,other,passenger,E02003019,E02003107,3,10462,1327
bristol,other,driving,E02003020,E02003107,32,6678,967
bristol,other,driving,E02003019,E02003100,62,14833,966
bristol,other,passenger,E02003019,E02003100,1,14833,966
bristol,other,driving,E02003019,E02003094,163,11856,825
bristol,other,passenger,E02003019,E02003094,20,11856,825
bristol,other,taxi,E02003019,E02003106,1,20950,1205
bristol,other,driving,E02003019,E02003106,58,20950,1205
bristol,other,passenger,E02003019,E02003106,3,20950,1205
bristol,other,driving,E02003022,E02003108,14,15434,1665
bristol,other,driving,E02003019,E02003108,13,27295,1731
bristol,other,passenger,E02003019,E02003108,3,27295,1731
bristol,other,driving,E02003020,E02003108,7,16677,1834
bristol,other,driving,E02003019,E02003068,78,9525,800
bristol,other,passenger,E02003019,E02003068,5,9525,800
bristol,other,driving,E02003020,E02003068,19,11413,1339
bristol,other,driving,E02003020,E02003100,45,9005,1055
bristol,other,passenger,E02003020,E02003100,1,9005,1055
bristol,other,driving,E02003020,E02003098,26,11569,1101
bristol,other,driving,E02003018,E02003098,19,12660,1127
bristol,other,driving,E02003018,E02003068,30,12247,1014
bristol,other,passenger,E02003018,E02003068,6,12247,1014
bristol,other,driving,E02003018,E02003106,53,9207,1108
bristol,other,passenger,E02003018,E02003106,1,9207,1108
bristol,other,driving,E02003018,E02003108,7,17768,1861
bristol,other,driving,E02003017,E02003108,25,14874,1564
bristol,other,passenger,E02003017,E02003108,1,14874,1564
bristol,other,driving,E02003018,E02003094,74,9895,980
bristol,other,passenger,E02003018,E02003094,14,9895,980
bristol,other,driving,E02003018,E02003107,23,7769,994
bristol,other,passenger,E02003018,E02003107,2,7769,994
bristol,other,driving,E02003018,E02003100,35,10096,1082
bristol,other,passenger,E02003018,E02003100,2,10096,1082
bristol,other,taxi,E02003016,E02003107,1,1903,288
bristol,other,driving,E02003016,E02003107,68,1903,288
bristol,other,passenger,E02003016,E02003107,9,1903,288
bristol,other,taxi,E02003017,E02003106,1,6313,811
bristol,other,driving,E02003017,E02003106,97,6313,811
bristol,other,passenger,E02003017,E02003106,1,6313,811
bristol,other,driving,E02003017,E02003068,9,11081,1276
bristol,other,driving,E02003016,E02003106,115,3660,503
bristol,other,passenger,E02003016,E02003106,10,3660,503
bristol,other,taxi,E02003016,E02003100,1,5508,656
bristol,other,driving,E02003016,E02003100,64,5508,656
bristol,other,passenger,E02003016,E02003100,4,5508,656
bristol,other,driving,E02003017,E02003107,44,4875,697
bristol,other,passenger,E02003017,E02003107,1,4875,697
bristol,other,driving,E02003017,E02003098,24,9543,1005
bristol,other,passenger,E02003017,E02003098,1,9543,1005
bristol,other,driving,E02003016,E02003094,60,10032,1070
bristol,other,passenger,E02003016,E02003094,14,10032,1070
bristol,other,driving,E02003016,E02003098,52,6405,763
bristol,other,passenger,E02003016,E02003098,8,6405,763
bristol,other,driving,E02003017,E02003094,42,8328,881
bristol,other,passenger,E02003017,E02003094,6,8328,881
bristol,other,driving,E02003013,E02003107,102,3823,554
bristol,other,passenger,E02003013,E02003107,10,3823,554
bristol,other,taxi,E02003013,E02003094,1,8382,811
bristol,other,driving,E02003013,E02003094,206,8382,811
bristol,other,passenger,E02003013,E02003094,33,8382,811
bristol,other,driving,E02003016,E02003068,14,18222,1444
bristol,other,passenger,E02003016,E02003068,1,18222,1444
bristol,other,driving,E02003017,E02003100,43,6962,800
bristol,other,driving,E02003016,E02003108,24,12220,1256
bristol,other,passenger,E02003016,E02003108,2,12220,1256
bristol,other,driving,E02003013,E02003100,93,5910,657
bristol,other,passenger,E02003013,E02003100,12,5910,657
bristol,other,driving,E02003015,E02003100,52,6043,742
bristol,other,passenger,E02003015,E02003100,5,6043,742
bristol,other,driving,E02003015,E02003098,32,8624,947
bristol,other,passenger,E02003015,E02003098,3,8624,947
bristol,other,driving,E02003012,E02003094,236,6206,619
bristol,other,passenger,E02003012,E02003094,30,6206,619
bristol,other,driving,E02003015,E02003107,49,3463,594
bristol,other,passenger,E02003015,E02003107,5,3463,594
bristol,other,driving,E02003015,E02003106,73,5394,753
bristol,other,passenger,E02003015,E02003106,9,5394,753
bristol,other,taxi,E02003014,E02003100,1,9369,1106
bristol,other,driving,E02003014,E02003100,34,9369,1106
bristol,other,passenger,E02003014,E02003100,10,9369,1106
bristol,other,driving,E02003014,E02003107,33,9762,1260
bristol,other,passenger,E02003014,E02003107,2,9762,1260
bristol,other,driving,E02003015,E02003108,13,13955,1506
bristol,other,passenger,E02003015,E02003108,1,13955,1506
bristol,other,driving,E02003012,E02003108,20,15646,1637
bristol,other,driving,E02003012,E02003106,119,7085,884
bristol,other,passenger,E02003012,E02003106,7,7085,884
bristol,other,driving,E02003013,E02003098,57,8491,862
bristol,other,passenger,E02003013,E02003098,3,8491,862
bristol,other,driving,E02003014,E02003068,36,10562,946
bristol,other,passenger,E02003014,E02003068,1,10562,946
bristol,other,taxi,E02003014,E02003106,1,11199,1374
bristol,other,driving,E02003014,E02003106,36,11199,1374
bristol,other,passenger,E02003014,E02003106,2,11199,1374
bristol,other,driving,E02003015,E02003068,11,17741,1418
bristol,other,driving,E02003013,E02003108,27,13822,1421
bristol,other,passenger,E02003013,E02003108,1,13822,1421
bristol,other,driving,E02003013,E02003106,134,5261,668
bristol,other,passenger,E02003013,E02003106,9,5261,668
bristol,other,taxi,E02003015,E02003094,1,9551,1044
bristol,other,driving,E02003015,E02003094,56,9551,1044
bristol,other,passenger,E02003015,E02003094,5,9551,1044
bristol,other,driving,E02003012,E02003068,19,14396,993
bristol,other,passenger,E02003012,E02003068,2,14396,993
bristol,other,driving,E02003012,E02003100,104,6407,721
bristol,other,passenger,E02003012,E02003100,12,6407,721
bristol,other,driving,E02003012,E02003107,85,5648,770
bristol,other,passenger,E02003012,E02003107,12,5648,770
bristol,other,driving,E02003014,E02003108,14,28332,1878
bristol,other,passenger,E02003014,E02003108,1,28332,1878
bristol,other,driving,E02003014,E02003098,23,15637,1076
bristol,other,passenger,E02003014,E02003098,2,15637,1076
bristol,other,driving,E02003013,E02003068,35,16572,1185
bristol,other,passenger,E02003013,E02003068,4,16572,1185
bristol,other,driving,E02003014,E02003094,152,9168,1004
bristol,other,passenger,E02003014,E02003094,31,9168,1004
bristol,other,driving,E02003012,E02003098,40,8971,767
bristol,other,passenger,E02003012,E02003098,5,8971,767
bristol,other,foot,E02003033,E02003106,2,8066,6716
bristol,other,foot,E02003034,E02003106,12,6793,5787
bristol,other,foot,E02003039,E02003106,2,7216,6054
bristol,other,foot,E02003040,E02003106,2,7060,6005
bristol,other,foot,E02003036,E02003106,4,7383,6298
bristol,other,foot,E02003024,E02003106,26,4791,3994
bristol,other,foot,E02003037,E02003106,3,8896,7429
bristol,other,foot,E02003028,E02003106,5,7041,5772
bristol,other,foot,E02003027,E02003106,21,5773,4804
bristol,other,foot,E02003025,E02003106,27,4215,3464
bristol,other,foot,E02003031,E02003106,7,6658,5594
bristol,other,foot,E02003022,E02003106,6,6375,5253
bristol,other,foot,E02003029,E02003106,6,5617,4630
bristol,other,foot,E02003015,E02003106,21,4997,4119
bristol,other,foot,E02003038,E02003106,2,7030,5744
bristol,other,foot,E02003019,E02003106,1,11390,9512
bristol,other,foot,E02003016,E02003106,81,3662,2994
bristol,other,foot,E02003032,E02003106,10,6223,5184
bristol,other,foot,E02003023,E02003106,77,3697,3186
bristol,other,foot,E02003012,E02003106,2,6977,5821
bristol,other,foot,E02003021,E02003106,24,4831,4004
bristol,other,foot,E02003013,E02003106,22,5154,4255
bristol,other,foot,E02003017,E02003106,2,6307,5266
bristol,other,driving,E02003037,E02003121,1,5894,801
bristol,other,driving,E02003036,E02003117,4,6535,874
bristol,other,driving,E02003033,E02003121,1,5703,753
bristol,other,driving,E02003033,E02003117,8,5827,799
bristol,other,taxi,E02003032,E02003117,1,11923,1484
bristol,other,driving,E02003032,E02003117,28,11923,1484
bristol,other,passenger,E02003032,E02003117,3,11923,1484
bristol,other,driving,E02003031,E02003117,9,6047,864
bristol,other,driving,E02003031,E02003121,3,5824,825
bristol,other,driving,E02003029,E02003121,11,10337,1252
bristol,other,passenger,E02003029,E02003121,1,10337,1252
bristol,other,driving,E02003030,E02003117,14,8341,1238
bristol,other,passenger,E02003030,E02003117,1,8341,1238
bristol,other,driving,E02003029,E02003117,28,12169,1489
bristol,other,passenger,E02003029,E02003117,2,12169,1489
bristol,other,driving,E02003028,E02003117,7,4636,642
bristol,other,driving,E02003036,E02003121,2,6411,829
bristol,other,passenger,E02003028,E02003121,1,4413,603
bristol,other,driving,E02003027,E02003121,2,3913,603
bristol,other,driving,E02003027,E02003117,17,5744,840
bristol,other,driving,E02003037,E02003117,5,6018,847
bristol,other,driving,E02003034,E02003121,2,5931,926
bristol,other,driving,E02003030,E02003121,2,6509,1002
bristol,other,driving,E02003026,E02003117,2,4064,606
bristol,other,driving,E02003034,E02003117,18,7097,1126
bristol,other,driving,E02003026,E02003121,1,3940,561
bristol,other,driving,E02003025,E02003121,8,4391,686
bristol,other,driving,E02003025,E02003117,8,6223,923
bristol,other,passenger,E02003025,E02003117,2,6223,923
bristol,other,driving,E02003032,E02003121,16,10091,1247
bristol,other,passenger,E02003032,E02003121,2,10091,1247
bristol,other,driving,E02003024,E02003121,12,9216,1110
bristol,other,passenger,E02003024,E02003121,1,9216,1110
bristol,other,driving,E02003024,E02003117,16,11048,1346
bristol,other,passenger,E02003024,E02003117,3,11048,1346
bristol,other,driving,E02003023,E02003117,17,9175,1158
bristol,other,passenger,E02003023,E02003117,1,9175,1158
bristol,other,driving,E02003023,E02003121,5,7343,921
bristol,other,passenger,E02003023,E02003121,1,7343,921
bristol,other,driving,E02003022,E02003121,5,3373,471
bristol,other,passenger,E02003022,E02003121,1,3373,471
bristol,other,driving,E02003022,E02003117,5,3909,585
bristol,other,driving,E02003021,E02003121,4,3354,520
bristol,other,passenger,E02003021,E02003121,1,3354,520
bristol,other,driving,E02003020,E02003117,5,2979,458
bristol,other,driving,E02003019,E02003121,2,6639,774
bristol,other,passenger,E02003019,E02003121,1,6639,774
bristol,other,driving,E02003018,E02003121,1,3946,440
bristol,other,driving,E02003017,E02003117,8,2503,386
bristol,other,driving,E02003016,E02003117,9,4208,575
bristol,other,driving,E02003015,E02003121,3,1895,312
bristol,other,driving,E02003019,E02003117,3,6093,721
bristol,other,driving,E02003014,E02003117,10,4015,570
bristol,other,passenger,E02003014,E02003117,2,4015,570
bristol,other,driving,E02003014,E02003121,3,5939,706
bristol,other,passenger,E02003014,E02003121,1,5939,706
bristol,other,driving,E02003021,E02003117,8,5186,757
bristol,other,driving,E02003018,E02003117,4,4071,485
bristol,other,passenger,E02003018,E02003117,1,4071,485
bristol,other,driving,E02003016,E02003121,3,2376,339
bristol,other,driving,E02003015,E02003117,10,3726,549
bristol,other,passenger,E02003015,E02003117,1,3726,549
bristol,other,driving,E02003012,E02003121,4,2598,302
bristol,other,driving,E02003013,E02003117,11,2558,316
bristol,other,passenger,E02003013,E02003117,3,2558,316
bristol,other,bicycle,E02003021,E02003106,48,5146,1037
bristol,other,bicycle,E02003022,E02003106,31,7101,1384
bristol,other,bicycle,E02006890,E02003106,22,6173,1511
bristol,other,bicycle,E02003017,E02003106,36,6682,1377
bristol,other,bicycle,E02003016,E02003106,44,3995,734
bristol,other,bicycle,E02003043,E02003106,27,9941,2168
bristol,other,bicycle,E02003020,E02003106,17,7948,1756
bristol,other,bicycle,E02003036,E02003106,27,8310,1742
bristol,other,bicycle,E02003051,E02003106,7,11580,2560
bristol,other,bicycle,E02003031,E02003106,62,7295,1546
bristol,other,bicycle,E02003048,E02003106,5,10586,2292
bristol,other,bicycle,E02003040,E02003106,21,7158,1860
bristol,other,bicycle,E02003053,E02003106,2,11870,2567
bristol,other,bicycle,E02003041,E02003106,20,10612,2268
bristol,other,bicycle,E02003033,E02003106,27,8629,1801
bristol,other,bicycle,E02003028,E02003106,58,8017,1615
bristol,other,bicycle,E02003030,E02003106,13,5338,1394
bristol,other,bicycle,E02003046,E02003106,13,8854,2306
bristol,other,bicycle,E02003047,E02003106,17,11758,2537
bristol,other,bicycle,E02003034,E02003106,45,7615,1695
bristol,other,bicycle,E02003045,E02003106,16,11246,2604
bristol,other,bicycle,E02003026,E02003106,17,8908,1950
bristol,other,bicycle,E02003037,E02003106,31,9469,2019
bristol,other,bicycle,E02003027,E02003106,99,6335,1297
bristol,other,bicycle,E02003019,E02003106,3,12410,2676
bristol,other,bicycle,E02003052,E02003106,7,13638,2836
bristol,other,bicycle,E02003050,E02003106,7,11844,2630
bristol,other,bicycle,E02006888,E02003106,11,6801,1659
bristol,other,bus,E02003048,E02003106,5,5302,2336
bristol,other,bus,E02003032,E02003106,8,4000,1538
bristol,other,bus,E02003046,E02003106,1,4288,1711
bristol,other,bus,E02003050,E02003106,12,6772,2376
bristol,other,bus,E02003037,E02003094,11,19766,4257
bristol,other,bus,E02003038,E02003094,5,17547,4115
bristol,other,bus,E02003028,E02003106,11,14744,3489
bristol,other,bus,E02003028,E02003094,8,6834,4973
bristol,other,bus,E02003034,E02003106,38,16959,3763
bristol,other,bus,E02003046,E02003077,2,26526,6655
bristol,other,bus,E02003030,E02003077,2,29795,6820
bristol,other,bus,E02003030,E02003106,22,18635,4138
bristol,other,bus,E02003046,E02003094,3,19355,4666
bristol,other,bus,E02003049,E02003094,9,18646,4778
bristol,other,bus,E02003037,E02003106,25,23171,4842
bristol,other,bus,E02003031,E02003077,2,24000,6710
bristol,other,bus,E02003040,E02003106,7,5809,1977
bristol,other,bus,E02003031,E02003094,15,15324,4049
bristol,other,bus,E02003044,E02003106,2,7197,3320
bristol,other,bus,E02003049,E02003106,3,15677,3174
bristol,other,bus,E02003028,E02003077,1,25784,7862
bristol,other,bus,E02003050,E02003077,52,21821,5848
bristol,other,bus,E02003029,E02003106,15,16923,3660
bristol,other,bus,E02003037,E02003077,1,25566,5925
bristol,other,bus,E02003047,E02003094,3,20959,5914
bristol,other,bus,E02003047,E02003077,8,25921,8390
bristol,other,bus,E02003039,E02003106,9,16204,4320
bristol,other,bus,E02003030,E02003094,7,15231,3553
bristol,other,bus,E02003050,E02003094,12,16318,3999
bristol,other,bus,E02003029,E02003094,10,9013,5144
bristol,other,bus,E02003047,E02003106,12,5737,2917
bristol,other,bus,E02003048,E02003094,1,18506,5896
bristol,other,bus,E02003039,E02003094,2,12555,3349
bristol,other,bus,E02003044,E02003094,2,17027,4939
bristol,other,bus,E02003034,E02003077,6,23178,7553
bristol,other,bus,E02003038,E02003106,7,20892,3599
bristol,other,bus,E02003048,E02003077,15,27182,7742
bristol,other,bus,E02003034,E02003094,8,13135,3898
bristol,other,bus,E02003031,E02003106,35,5791,3296
bristol,other,bus,E02003032,E02003077,1,24210,6735
bristol,other,bus,E02003040,E02003077,9,23026,6236
bristol,other,bus,E02003040,E02003094,9,15506,3923
bristol,other,bus,E02003032,E02003094,7,14778,3811
bristol,other,foot,E02006890,E02003106,8,7060,6005
bristol,other,foot,E02006889,E02003106,6,7216,6054
bristol,other,foot,E02006888,E02003106,3,7030,5744
bristol,other,foot,E02006887,E02003106,6,8896,7429
bristol,other,foot,E02003057,E02003106,1,7041,5772
bristol,other,foot,E02003056,E02003106,1,5773,4804
bristol,other,foot,E02003055,E02003106,2,8561,7185
bristol,other,foot,E02003053,E02003106,6,4791,3994
bristol,other,foot,E02003052,E02003106,10,3697,3186
bristol,other,foot,E02003050,E02003106,9,4831,4004
bristol,other,foot,E02003049,E02003106,1,11390,9512
bristol,other,foot,E02003048,E02003106,2,6307,5266
bristol,other,foot,E02003047,E02003106,4,3662,2994
bristol,other,foot,E02003043,E02003106,2,5154,4255
bristol,other,foot,E02003041,E02003106,4,6977,5821
bristol,other,foot,E02003064,E02003106,1,7383,6298
bristol,other,foot,E02003046,E02003106,4,4997,4119
bristol,other,foot,E02003051,E02003106,2,6375,5253
bristol,other,foot,E02003060,E02003106,1,6223,5184
bristol,other,foot,E02003045,E02003106,1,10349,8667
bristol,other,taxi,E02003061,E02003107,1,9472,847
bristol,other,driving,E02003061,E02003107,10,9472,847
bristol,other,passenger,E02003061,E02003107,1,9472,847
bristol,other,driving,E02003061,E02003106,22,7643,634
bristol,other,passenger,E02003061,E02003106,1,7643,634
bristol,other,driving,E02003061,E02003108,10,14455,1228
bristol,other,passenger,E02003061,E02003108,1,14455,1228
bristol,other,driving,E02003063,E02003068,26,7576,897
bristol,other,passenger,E02003063,E02003068,2,7576,897
bristol,other,driving,E02003063,E02003094,15,11843,1342
bristol,other,passenger,E02003063,E02003094,2,11843,1342
bristol,other,driving,E02003058,E02003107,12,6219,966
bristol,other,passenger,E02003058,E02003107,3,6219,966
bristol,other,driving,E02003062,E02003107,18,6038,1113
bristol,other,passenger,E02003062,E02003107,1,6038,1113
bristol,other,driving,E02003062,E02003106,10,9208,961
bristol,other,driving,E02003056,E02003106,23,5823,779
bristol,other,passenger,E02003056,E02003106,2,5823,779
bristol,other,driving,E02003060,E02003068,22,8781,1092
bristol,other,passenger,E02003060,E02003068,2,8781,1092
bristol,other,driving,E02003058,E02003098,10,12754,1220
bristol,other,passenger,E02003058,E02003098,1,12754,1220
bristol,other,driving,E02003054,E02003107,25,4015,684
bristol,other,passenger,E02003054,E02003107,3,4015,684
bristol,other,driving,E02003055,E02003107,10,5442,823
bristol,other,passenger,E02003055,E02003107,2,5442,823
bristol,other,driving,E02003061,E02003094,21,20667,1253
bristol,other,passenger,E02003061,E02003094,1,20667,1253
bristol,other,driving,E02003056,E02003098,5,9523,1080
bristol,other,passenger,E02003056,E02003098,2,9523,1080
bristol,other,driving,E02003058,E02003068,18,9722,1257
bristol,other,driving,E02003063,E02003100,33,10377,1311
bristol,other,driving,E02003060,E02003094,44,11652,1293
bristol,other,passenger,E02003060,E02003094,2,11652,1293
bristol,other,driving,E02003063,E02003107,17,7593,1198
bristol,other,driving,E02003058,E02003108,25,15866,1512
bristol,other,passenger,E02003058,E02003108,1,15866,1512
bristol,other,driving,E02003062,E02003108,14,16020,1555
bristol,other,passenger,E02003062,E02003108,2,16020,1555
bristol,other,driving,E02003057,E02003106,27,6833,622
bristol,other,passenger,E02003057,E02003106,3,6833,622
bristol,other,driving,E02003062,E02003098,6,12908,1262
bristol,other,driving,E02003063,E02003106,43,11098,1173
bristol,other,passenger,E02003063,E02003106,2,11098,1173
bristol,other,driving,E02003062,E02003068,20,8947,1112
bristol,other,passenger,E02003062,E02003068,3,8947,1112
bristol,other,driving,E02003060,E02003107,33,6973,1076
bristol,other,passenger,E02003060,E02003107,2,6973,1076
bristol,other,driving,E02003059,E02003108,13,10831,1131
bristol,other,passenger,E02003059,E02003108,1,10831,1131
bristol,other,driving,E02003040,E02003108,35,28332,1878
bristol,other,passenger,E02003040,E02003108,8,28332,1878
bristol,other,driving,E02003063,E02003108,24,17910,1767
bristol,other,driving,E02003060,E02003108,44,17248,1647
bristol,other,passenger,E02003060,E02003108,4,17248,1647
bristol,other,driving,E02003058,E02003094,34,11871,1359
bristol,other,passenger,E02003058,E02003094,4,11871,1359
bristol,other,driving,E02003057,E02003094,23,19858,1241
bristol,other,passenger,E02003057,E02003094,1,19858,1241
bristol,other,driving,E02003059,E02003107,17,7406,986
bristol,other,passenger,E02003059,E02003107,3,7406,986
bristol,other,driving,E02003059,E02003106,25,6552,871
bristol,other,driving,E02003060,E02003100,44,9564,1266
bristol,other,passenger,E02003060,E02003100,2,9564,1266
bristol,other,driving,E02003052,E02003107,15,4034,637
bristol,other,passenger,E02003052,E02003107,1,4034,637
bristol,other,driving,E02003058,E02003106,45,9054,918
bristol,other,driving,E02003053,E02003100,31,9262,1146
bristol,other,passenger,E02003053,E02003100,1,9262,1146
bristol,other,driving,E02003056,E02003107,12,7652,992
bristol,other,driving,E02003052,E02003106,51,7669,748
bristol,other,passenger,E02003052,E02003106,3,7669,748
bristol,other,driving,E02003053,E02003094,23,9889,1101
bristol,other,passenger,E02003053,E02003094,3,9889,1101
bristol,other,driving,E02003054,E02003100,27,7045,919
bristol,other,passenger,E02003054,E02003100,3,7045,919
bristol,other,driving,E02003054,E02003108,20,14912,1460
bristol,other,passenger,E02003054,E02003108,2,14912,1460
bristol,other,driving,E02003048,E02003106,33,4810,703
bristol,other,passenger,E02003048,E02003106,2,4810,703
bristol,other,driving,E02003055,E02003106,24,7384,1026
bristol,other,passenger,E02003055,E02003106,4,7384,1026
bristol,other,driving,E02003058,E02003100,36,9091,1196
bristol,other,passenger,E02003058,E02003100,1,9091,1196
bristol,other,driving,E02003057,E02003100,19,15178,1028
bristol,other,passenger,E02003057,E02003100,1,15178,1028
bristol,other,driving,E02003057,E02003098,12,10533,923
bristol,other,driving,E02003048,E02003108,12,14838,1403
bristol,other,passenger,E02003048,E02003108,2,14838,1403
bristol,other,driving,E02003059,E02003068,11,29916,1834
bristol,other,passenger,E02003059,E02003068,1,29916,1834
bristol,other,driving,E02003054,E02003094,26,11569,1335
bristol,other,driving,E02003051,E02003107,17,6530,849
bristol,other,passenger,E02003051,E02003107,1,6530,849
bristol,other,driving,E02003055,E02003098,11,10614,1218
bristol,other,passenger,E02003055,E02003098,1,10614,1218
bristol,other,driving,E02003048,E02003107,17,3054,489
bristol,other,passenger,E02003048,E02003107,2,3054,489
bristol,other,driving,E02003055,E02003100,22,8033,1013
bristol,other,passenger,E02003055,E02003100,3,8033,1013
bristol,other,driving,E02003047,E02003098,29,11569,1101
bristol,other,driving,E02003050,E02003107,21,4657,661
bristol,other,driving,E02003056,E02003068,19,27065,1761
bristol,other,passenger,E02003056,E02003068,2,27065,1761
bristol,other,driving,E02003060,E02003098,17,14136,1354
bristol,other,driving,E02003051,E02003106,35,5670,728
bristol,other,driving,E02003062,E02003094,22,12360,1369
bristol,other,driving,E02003050,E02003098,28,7504,847
bristol,other,passenger,E02003050,E02003098,2,7504,847
bristol,other,driving,E02003050,E02003094,30,18009,1370
bristol,other,passenger,E02003050,E02003094,2,18009,1370
bristol,other,driving,E02003060,E02003106,52,10435,1053
bristol,other,passenger,E02003060,E02003106,4,10435,1053
bristol,other,driving,E02003061,E02003098,4,11343,935
bristol,other,driving,E02003050,E02003100,41,8757,1021
bristol,other,passenger,E02003050,E02003100,2,8757,1021
bristol,other,driving,E02003051,E02003108,8,8622,1042
bristol,other,passenger,E02003051,E02003108,1,8622,1042
bristol,other,taxi,E02003056,E02003108,1,9854,984
bristol,other,driving,E02003056,E02003108,11,9854,984
bristol,other,passenger,E02003056,E02003108,3,9854,984
bristol,other,driving,E02003053,E02003107,25,7175,1043
bristol,other,passenger,E02003053,E02003107,1,7175,1043
bristol,other,driving,E02003052,E02003094,18,12048,1418
bristol,other,passenger,E02003052,E02003094,2,12048,1418
bristol,other,driving,E02003059,E02003098,11,10252,1172
bristol,other,passenger,E02003059,E02003098,1,10252,1172
bristol,other,driving,E02003053,E02003108,25,17174,1911
bristol,other,passenger,E02003053,E02003108,5,17174,1911
bristol,other,driving,E02003049,E02003068,13,11086,1324
bristol,other,passenger,E02003049,E02003068,1,11086,1324
bristol,other,driving,E02003045,E02003107,21,7769,994
bristol,other,driving,E02003053,E02003098,19,12654,1248
bristol,other,passenger,E02003053,E02003098,1,12654,1248
bristol,other,driving,E02003050,E02003108,16,11763,1288
bristol,other,passenger,E02003050,E02003108,2,11763,1288
bristol,other,driving,E02003052,E02003098,10,11369,1049
bristol,other,passenger,E02003052,E02003098,1,11369,1049
bristol,other,driving,E02003063,E02003098,10,14798,1474
bristol,other,passenger,E02003063,E02003098,1,14798,1474
bristol,other,driving,E02003056,E02003094,25,18882,1451
bristol,other,passenger,E02003056,E02003094,3,18882,1451
bristol,other,driving,E02003047,E02003094,22,8804,953
bristol,other,passenger,E02003047,E02003094,3,8804,953
bristol,other,driving,E02003051,E02003068,15,26912,1710
bristol,other,passenger,E02003051,E02003068,2,26912,1710
bristol,other,driving,E02003045,E02003068,14,12247,1014
bristol,other,passenger,E02003045,E02003068,1,12247,1014
bristol,other,driving,E02003048,E02003068,8,11935,1536
bristol,other,passenger,E02003048,E02003068,1,11935,1536
bristol,other,driving,E02003048,E02003100,32,6486,836
bristol,other,passenger,E02003048,E02003100,5,6486,836
bristol,other,driving,E02003057,E02003107,10,8662,835
bristol,other,driving,E02003047,E02003106,82,8116,1081
bristol,other,passenger,E02003047,E02003106,4,8116,1081
bristol,other,driving,E02003059,E02003100,24,11505,1346
bristol,other,passenger,E02003059,E02003100,1,11505,1346
bristol,other,driving,E02003052,E02003100,34,7524,1002
bristol,other,passenger,E02003052,E02003100,2,7524,1002
bristol,other,driving,E02003051,E02003100,34,10630,1209
bristol,other,passenger,E02003051,E02003100,4,10630,1209
bristol,other,driving,E02003049,E02003100,36,7522,901
bristol,other,passenger,E02003049,E02003100,1,7522,901
bristol,other,driving,E02003054,E02003068,8,10699,1454
bristol,other,driving,E02003049,E02003094,24,9734,1080
bristol,other,passenger,E02003049,E02003094,1,9734,1080
bristol,other,driving,E02003061,E02003068,20,10477,1432
bristol,other,passenger,E02003061,E02003068,1,10477,1432
bristol,other,driving,E02003047,E02003107,26,6678,967
bristol,other,passenger,E02003047,E02003107,3,6678,967
bristol,other,driving,E02003045,E02003094,13,9895,980
bristol,other,passenger,E02003045,E02003094,1,9895,980
bristol,other,driving,E02003045,E02003100,22,10096,1082
bristol,other,passenger,E02003045,E02003100,1,10096,1082
bristol,other,driving,E02003044,E02003107,31,4875,697
bristol,other,driving,E02003046,E02003094,33,11856,825
bristol,other,passenger,E02003046,E02003094,2,11856,825
bristol,other,driving,E02003046,E02003098,26,14600,930
bristol,other,passenger,E02003046,E02003098,2,14600,930
bristol,other,driving,E02003049,E02003106,42,6873,912
bristol,other,passenger,E02003049,E02003106,2,6873,912
bristol,other,driving,E02003048,E02003098,23,7555,963
bristol,other,passenger,E02003048,E02003098,2,7555,963
bristol,other,driving,E02003052,E02003068,27,28876,1677
bristol,other,passenger,E02003052,E02003068,6,28876,1677
bristol,other,driving,E02003057,E02003108,9,13646,1216
bristol,other,passenger,E02003057,E02003108,1,13646,1216
bristol,other,driving,E02003051,E02003098,21,9370,1029
bristol,other,driving,E02003062,E02003100,9,9068,1348
bristol,other,passenger,E02003062,E02003100,1,9068,1348
bristol,other,driving,E02003048,E02003094,7,11010,1252
bristol,other,passenger,E02003048,E02003094,1,11010,1252
bristol,other,driving,E02003043,E02003106,89,3660,503
bristol,other,passenger,E02003043,E02003106,7,3660,503
bristol,other,driving,E02003052,E02003108,11,14481,1342
bristol,other,passenger,E02003052,E02003108,1,14481,1342
bristol,other,driving,E02003046,E02003107,22,10462,1327
bristol,other,passenger,E02003046,E02003107,1,10462,1327
bristol,other,driving,E02003055,E02003068,25,9457,1105
bristol,other,driving,E02003047,E02003100,63,9005,1055
bristol,other,passenger,E02003047,E02003100,2,9005,1055
bristol,other,driving,E02003046,E02003100,72,14833,966
bristol,other,passenger,E02003046,E02003100,6,14833,966
bristol,other,driving,E02003057,E02003068,14,28041,1551
bristol,other,passenger,E02003057,E02003068,1,28041,1551
bristol,other,driving,E02003044,E02003068,12,11081,1276
bristol,other,passenger,E02003044,E02003068,1,11081,1276
bristol,other,driving,E02003049,E02003108,28,15434,1665
bristol,other,passenger,E02003049,E02003108,2,15434,1665
bristol,other,driving,E02003061,E02003100,13,15987,1040
bristol,other,passenger,E02003061,E02003100,1,15987,1040
bristol,other,driving,E02003044,E02003100,41,6962,800
bristol,other,passenger,E02003044,E02003100,3,6962,800
bristol,other,driving,E02003050,E02003106,51,3804,546
bristol,other,passenger,E02003050,E02003106,6,3804,546
bristol,other,taxi,E02003047,E02003108,1,16677,1834
bristol,other,driving,E02003047,E02003108,15,16677,1834
bristol,other,passenger,E02003047,E02003108,2,16677,1834
bristol,other,driving,E02003050,E02003068,27,26192,1680
bristol,other,passenger,E02003050,E02003068,1,26192,1680
bristol,other,driving,E02003043,E02003107,20,1903,288
bristol,other,passenger,E02003043,E02003107,1,1903,288
bristol,other,driving,E02003043,E02003068,11,18222,1444
bristol,other,passenger,E02003043,E02003068,2,18222,1444
bristol,other,driving,E02003041,E02003107,12,3463,594
bristol,other,passenger,E02003041,E02003107,1,3463,594
bristol,other,driving,E02003043,E02003100,42,5508,656
bristol,other,passenger,E02003043,E02003100,3,5508,656
bristol,other,driving,E02003055,E02003094,19,10461,1137
bristol,other,passenger,E02003055,E02003094,4,10461,1137
bristol,other,driving,E02003043,E02003098,15,6405,763
bristol,other,taxi,E02003041,E02003106,1,5394,753
bristol,other,driving,E02003041,E02003106,104,5394,753
bristol,other,passenger,E02003041,E02003106,1,5394,753
bristol,other,driving,E02003045,E02003108,8,17768,1861
bristol,other,driving,E02003046,E02003106,85,20950,1205
bristol,other,passenger,E02003046,E02003106,3,20950,1205
bristol,other,driving,E02003054,E02003106,50,5771,898
bristol,other,passenger,E02003054,E02003106,3,5771,898
bristol,other,driving,E02003043,E02003108,13,12220,1256
bristol,other,passenger,E02003043,E02003108,2,12220,1256
bristol,other,driving,E02003046,E02003068,22,9525,800
bristol,other,passenger,E02003046,E02003068,1,9525,800
bristol,other,driving,E02003051,E02003094,14,18728,1400
bristol,other,passenger,E02003051,E02003094,1,18728,1400
bristol,other,driving,E02003039,E02003094,30,8382,811
bristol,other,passenger,E02003039,E02003094,4,8382,811
bristol,other,driving,E02003053,E02003068,17,10403,1215
bristol,other,passenger,E02003053,E02003068,1,10403,1215
bristol,other,driving,E02003043,E02003094,15,10032,1070
bristol,other,driving,E02003041,E02003108,5,13955,1506
bristol,other,driving,E02003054,E02003098,17,9626,1124
bristol,other,passenger,E02003054,E02003098,1,9626,1124
bristol,other,driving,E02003044,E02003094,19,8328,881
bristol,other,passenger,E02003044,E02003094,3,8328,881
bristol,other,driving,E02003039,E02003108,43,13822,1421
bristol,other,passenger,E02003039,E02003108,5,13822,1421
bristol,other,taxi,E02003040,E02003106,3,11199,1374
bristol,other,driving,E02003040,E02003106,102,11199,1374
bristol,other,passenger,E02003040,E02003106,7,11199,1374
bristol,other,driving,E02003044,E02003108,39,14874,1564
bristol,other,passenger,E02003044,E02003108,1,14874,1564
bristol,other,driving,E02003040,E02003094,33,9168,1004
bristol,other,passenger,E02003040,E02003094,6,9168,1004
bristol,other,driving,E02003040,E02003107,24,9762,1260
bristol,other,passenger,E02003040,E02003107,4,9762,1260
bristol,other,taxi,E02003047,E02003068,1,11413,1339
bristol,other,driving,E02003047,E02003068,22,11413,1339
bristol,other,passenger,E02003047,E02003068,4,11413,1339
bristol,other,driving,E02003039,E02003068,9,16572,1185
bristol,other,taxi,E02003055,E02003108,1,17176,1695
bristol,other,driving,E02003055,E02003108,21,17176,1695
bristol,other,passenger,E02003055,E02003108,2,17176,1695
bristol,other,driving,E02003041,E02003098,26,8624,947
bristol,other,taxi,E02003039,E02003106,2,5261,668
bristol,other,driving,E02003039,E02003106,89,5261,668
bristol,other,passenger,E02003039,E02003106,4,5261,668
bristol,other,driving,E02003045,E02003106,58,9207,1108
bristol,other,driving,E02003040,E02003100,53,9369,1106
bristol,other,driving,E02003039,E02003098,27,8491,862
bristol,other,passenger,E02003039,E02003098,6,8491,862
bristol,other,driving,E02003039,E02003107,34,3823,554
bristol,other,passenger,E02003039,E02003107,2,3823,554
bristol,other,driving,E02003041,E02003100,41,6043,742
bristol,other,passenger,E02003041,E02003100,3,6043,742
bristol,other,driving,E02003038,E02003094,39,6206,619
bristol,other,passenger,E02003038,E02003094,3,6206,619
bristol,other,driving,E02003045,E02003098,10,12660,1127
bristol,other,driving,E02003038,E02003098,24,8971,767
bristol,other,driving,E02003039,E02003100,46,5910,657
bristol,other,passenger,E02003039,E02003100,2,5910,657
bristol,other,taxi,E02003038,E02003107,1,5648,770
bristol,other,driving,E02003038,E02003107,26,5648,770
bristol,other,passenger,E02003038,E02003107,2,5648,770
bristol,other,driving,E02003041,E02003068,16,17741,1418
bristol,other,passenger,E02003041,E02003068,1,17741,1418
bristol,other,driving,E02003038,E02003068,14,14396,993
bristol,other,driving,E02003038,E02003108,58,15646,1637
bristol,other,passenger,E02003038,E02003108,3,15646,1637
bristol,other,driving,E02003038,E02003100,51,6407,721
bristol,other,driving,E02003044,E02003098,17,9543,1005
bristol,other,taxi,E02003059,E02003094,1,21733,1524
bristol,other,driving,E02003059,E02003094,17,21733,1524
bristol,other,passenger,E02003059,E02003094,1,21733,1524
bristol,other,driving,E02003049,E02003107,18,5435,798
bristol,other,passenger,E02003049,E02003107,1,5435,798
bristol,other,driving,E02003053,E02003106,68,8613,1158
bristol,other,passenger,E02003053,E02003106,5,8613,1158
bristol,other,driving,E02003040,E02003098,28,15637,1076
bristol,other,passenger,E02003040,E02003098,3,15637,1076
bristol,other,taxi,E02003044,E02003106,1,6313,811
bristol,other,driving,E02003044,E02003106,101,6313,811
bristol,other,passenger,E02003044,E02003106,6,6313,811
bristol,other,driving,E02003046,E02003108,29,27295,1731
bristol,other,passenger,E02003046,E02003108,4,27295,1731
bristol,other,taxi,E02003038,E02003106,1,7085,884
bristol,other,driving,E02003038,E02003106,91,7085,884
bristol,other,passenger,E02003038,E02003106,5,7085,884
bristol,other,driving,E02003041,E02003094,9,9551,1044
bristol,other,driving,E02003049,E02003098,19,10103,1106
bristol,other,driving,E02003040,E02003068,10,10562,946
bristol,other,driving,E02003056,E02003100,13,14201,1238
bristol,other,passenger,E02003056,E02003100,1,14201,1238
bristol,other,driving,E02003063,E02003117,10,6018,847
bristol,other,driving,E02003063,E02003121,13,5894,801
bristol,other,passenger,E02003063,E02003121,1,5894,801
bristol,other,driving,E02003062,E02003117,2,6535,874
bristol,other,passenger,E02003062,E02003117,3,6535,874
bristol,other,driving,E02003062,E02003121,2,6411,829
bristol,other,driving,E02003059,E02003117,3,11923,1484
bristol,other,passenger,E02003059,E02003117,1,11923,1484
bristol,other,driving,E02003060,E02003117,15,5827,799
bristol,other,taxi,E02003060,E02003121,1,5703,753
bristol,other,driving,E02003060,E02003121,21,5703,753
bristol,other,passenger,E02003060,E02003121,2,5703,753
bristol,other,driving,E02003041,E02003121,2,1895,312
bristol,other,driving,E02003057,E02003121,4,6509,1002
bristol,other,driving,E02003056,E02003121,4,10337,1252
bristol,other,passenger,E02003056,E02003121,2,10337,1252
bristol,other,driving,E02003056,E02003117,9,12169,1489
bristol,other,driving,E02003055,E02003121,3,4413,603
bristol,other,driving,E02003054,E02003121,8,3913,603
bristol,other,driving,E02003058,E02003117,12,6047,864
bristol,other,driving,E02003061,E02003117,7,7097,1126
bristol,other,passenger,E02003061,E02003117,1,7097,1126
bristol,other,driving,E02003053,E02003121,9,3940,561
bristol,other,passenger,E02003053,E02003121,2,3940,561
bristol,other,driving,E02003053,E02003117,6,4064,606
bristol,other,passenger,E02003053,E02003117,2,4064,606
bristol,other,driving,E02003058,E02003121,9,5824,825
bristol,other,driving,E02003055,E02003117,9,4636,642
bristol,other,taxi,E02003057,E02003117,1,8341,1238
bristol,other,driving,E02003057,E02003117,8,8341,1238
bristol,other,passenger,E02003057,E02003117,1,8341,1238
bristol,other,driving,E02003059,E02003121,1,10091,1247
bristol,other,driving,E02003051,E02003121,6,9216,1110
bristol,other,driving,E02003051,E02003117,2,11048,1346
bristol,other,driving,E02003061,E02003121,1,5931,926
bristol,other,passenger,E02003061,E02003121,1,5931,926
bristol,other,driving,E02003050,E02003117,10,9175,1158
bristol,other,driving,E02003049,E02003117,11,3909,585
bristol,other,passenger,E02003049,E02003117,3,3909,585
bristol,other,driving,E02003048,E02003121,4,3354,520
bristol,other,passenger,E02003048,E02003121,1,3354,520
bristol,other,driving,E02003054,E02003117,16,5744,840
bristol,other,passenger,E02003054,E02003117,1,5744,840
bristol,other,driving,E02003052,E02003121,1,4391,686
bristol,other,driving,E02003046,E02003121,13,6639,774
bristol,other,driving,E02003052,E02003117,8,6223,923
bristol,other,passenger,E02003052,E02003117,1,6223,923
bristol,other,driving,E02003045,E02003121,3,3946,440
bristol,other,driving,E02003045,E02003117,6,4071,485
bristol,other,driving,E02003043,E02003121,7,2376,339
bristol,other,driving,E02003049,E02003121,9,3373,471
bristol,other,taxi,E02003043,E02003117,1,4208,575
bristol,other,driving,E02003043,E02003117,7,4208,575
bristol,other,driving,E02003048,E02003117,10,5186,757
bristol,other,driving,E02003047,E02003121,3,2855,413
bristol,other,driving,E02003047,E02003117,10,2979,458
bristol,other,driving,E02003050,E02003121,6,7343,921
bristol,other,driving,E02003041,E02003117,1,3726,549
bristol,other,driving,E02003040,E02003121,21,5939,706
bristol,other,passenger,E02003040,E02003121,3,5939,706
bristol,other,driving,E02003038,E02003121,36,2598,302
bristol,other,passenger,E02003038,E02003121,7,2598,302
bristol,other,driving,E02003040,E02003117,23,4015,570
bristol,other,passenger,E02003040,E02003117,1,4015,570
bristol,other,driving,E02003044,E02003121,61,2256,313
bristol,other,passenger,E02003044,E02003121,7,2256,313
bristol,other,driving,E02003044,E02003117,63,2503,386
bristol,other,passenger,E02003044,E02003117,2,2503,386
bristol,other,driving,E02003046,E02003117,16,6093,721
bristol,other,driving,E02003039,E02003117,39,2558,316
bristol,other,passenger,E02003039,E02003117,5,2558,316
bristol,other,bus,E02003062,E02003106,1,4288,1711
bristol,other,bus,E02003053,E02003106,8,18635,4138
bristol,other,bus,E02003060,E02003106,7,5809,1977
bristol,other,bus,E02003055,E02003106,4,4000,1538
bristol,other,bus,E02003064,E02003106,4,5302,2336
bristol,other,bus,E02003053,E02003077,8,29795,6820
bristol,other,bus,E02003057,E02003094,2,19766,4257
bristol,other,bus,E02003056,E02003106,3,16959,3763
bristol,other,bus,E02003058,E02003077,2,27564,6190
bristol,other,bus,E02006888,E02003106,18,15677,3174
bristol,other,bus,E02003059,E02003077,2,23497,7226
bristol,other,bus,E02003063,E02003106,5,5737,2917
bristol,other,bus,E02003057,E02003106,3,23171,4842
bristol,other,bus,E02003062,E02003077,4,26526,6655
bristol,other,bus,E02003054,E02003106,2,5791,3296
bristol,other,bus,E02003052,E02003106,6,16923,3660
bristol,other,bus,E02003057,E02003077,10,25566,5925
bristol,other,bus,E02003051,E02003077,12,25784,7862
bristol,other,bus,E02003051,E02003106,4,14744,3489
bristol,other,bus,E02003053,E02003094,5,15231,3553
bristol,other,bus,E02003061,E02003106,1,7006,3285
bristol,other,bus,E02003052,E02003094,4,9013,5144
bristol,other,bus,E02003062,E02003094,3,19355,4666
bristol,other,bus,E02003064,E02003094,1,18506,5896
bristol,other,bus,E02003051,E02003094,3,6834,4973
bristol,other,bus,E02003058,E02003094,4,17547,4115
bristol,other,bus,E02006889,E02003106,13,6772,2376
bristol,other,bus,E02003052,E02003077,4,25233,7769
bristol,other,bus,E02003059,E02003094,2,12555,3349
bristol,other,bus,E02003061,E02003077,4,23234,6935
bristol,other,bus,E02003063,E02003094,1,20959,5914
bristol,other,bus,E02003056,E02003094,5,12770,3528
bristol,other,bus,E02003054,E02003094,7,15324,4049
bristol,other,bus,E02003060,E02003094,11,15506,3923
bristol,other,bus,E02003056,E02003077,3,23178,7553
bristol,other,bus,E02006888,E02003094,5,18945,4557
bristol,other,bus,E02003061,E02003094,2,17027,4939
bristol,other,bus,E02003054,E02003077,3,24000,6710
bristol,other,bus,E02003064,E02003077,3,27182,7742
bristol,other,bus,E02006889,E02003077,6,21821,5848
bristol,other,bus,E02003055,E02003077,8,24210,6735
bristol,other,bus,E02003055,E02003094,6,14778,3811
bristol,other,bus,E02006889,E02003094,12,16318,3999
bristol,other,bus,E02006890,E02003106,19,14744,3489
bristol,other,bus,E02006890,E02003094,7,6834,4973
bristol,other,bus,E02006890,E02003077,3,25784,7862
bristol,other,driving,E02006890,E02003108,24,12220,1256
bristol,other,passenger,E02006890,E02003108,7,12220,1256
bristol,other,driving,E02006890,E02003094,26,10032,1070
bristol,other,passenger,E02006890,E02003094,3,10032,1070
bristol,other,driving,E02006890,E02003100,30,5508,656
bristol,other,passenger,E02006890,E02003100,3,5508,656
bristol,other,driving,E02006890,E02003107,26,1903,288
bristol,other,passenger,E02006890,E02003107,1,1903,288
bristol,other,driving,E02006890,E02003106,62,3660,503
bristol,other,passenger,E02006890,E02003106,8,3660,503
bristol,other,driving,E02006889,E02003068,4,17741,1418
bristol,other,passenger,E02006889,E02003068,1,17741,1418
bristol,other,driving,E02006889,E02003098,12,8624,947
bristol,other,passenger,E02006889,E02003098,2,8624,947
bristol,other,taxi,E02006889,E02003107,1,3463,594
bristol,other,driving,E02006889,E02003107,34,3463,594
bristol,other,passenger,E02006889,E02003107,2,3463,594
bristol,other,driving,E02006888,E02003094,19,9168,1004
bristol,other,passenger,E02006888,E02003094,5,9168,1004
bristol,other,driving,E02006888,E02003098,4,15637,1076
bristol,other,passenger,E02006888,E02003098,4,15637,1076
bristol,other,driving,E02006887,E02003106,59,5261,668
bristol,other,passenger,E02006887,E02003106,2,5261,668
bristol,other,driving,E02006889,E02003094,15,9551,1044
bristol,other,passenger,E02006889,E02003094,3,9551,1044
bristol,other,driving,E02006888,E02003100,17,9369,1106
bristol,other,driving,E02006887,E02003100,23,5910,657
bristol,other,passenger,E02006887,E02003100,3,5910,657
bristol,other,taxi,E02006887,E02003108,2,13822,1421
bristol,other,driving,E02006887,E02003108,11,13822,1421
bristol,other,driving,E02006888,E02003106,27,11199,1374
bristol,other,passenger,E02006888,E02003106,2,11199,1374
bristol,other,driving,E02006888,E02003107,15,9762,1260
bristol,other,passenger,E02006888,E02003107,4,9762,1260
bristol,other,driving,E02006887,E02003068,2,16572,1185
bristol,other,driving,E02006887,E02003098,13,8491,862
bristol,other,passenger,E02006887,E02003098,1,8491,862
bristol,other,driving,E02006887,E02003107,21,3823,554
bristol,other,passenger,E02006887,E02003107,1,3823,554
bristol,other,driving,E02006887,E02003094,8,8382,811
bristol,other,passenger,E02006887,E02003094,1,8382,811
bristol,other,driving,E02003064,E02003108,13,15646,1637
bristol,other,driving,E02003064,E02003107,12,5648,770
bristol,other,passenger,E02003064,E02003107,2,5648,770
bristol,other,driving,E02003064,E02003106,13,7085,884
bristol,other,passenger,E02003064,E02003106,1,7085,884
bristol,other,driving,E02003064,E02003100,17,6407,721
bristol,other,passenger,E02003064,E02003100,1,6407,721
bristol,other,driving,E02003064,E02003094,7,6206,619
bristol,other,driving,E02006890,E02003098,20,6405,763
bristol,other,passenger,E02006890,E02003098,1,6405,763
bristol,other,driving,E02006889,E02003100,14,6043,742
bristol,other,passenger,E02006889,E02003100,1,6043,742
bristol,other,driving,E02006888,E02003068,2,10562,946
bristol,other,driving,E02006889,E02003106,37,5394,753
bristol,other,passenger,E02006889,E02003106,1,5394,753
bristol,other,driving,E02003064,E02003068,15,14396,993
bristol,other,driving,E02006890,E02003068,12,18222,1444
bristol,other,passenger,E02006890,E02003068,2,18222,1444
bristol,other,driving,E02006888,E02003108,15,28332,1878
bristol,other,passenger,E02006888,E02003108,2,28332,1878
bristol,other,driving,E02006889,E02003108,13,13955,1506
bristol,other,passenger,E02006889,E02003108,3,13955,1506
bristol,other,driving,E02003064,E02003098,8,8971,767
bristol,other,driving,E02003064,E02003121,8,2598,302
bristol,other,driving,E02006890,E02003117,13,4208,575
bristol,other,driving,E02006890,E02003121,4,2376,339
bristol,other,passenger,E02006890,E02003121,1,2376,339
bristol,other,driving,E02006889,E02003121,1,1895,312
bristol,other,driving,E02006889,E02003117,5,3726,549
bristol,other,driving,E02006887,E02003117,2,2558,316
bristol,other,driving,E02006888,E02003121,1,5939,706
bristol,other,driving,E02006888,E02003117,5,4015,570
cullompton,exeter,bus,E02004170,E02004156,64,21040,3668
cullompton,other,driving,E02004170,E02004171,87,5077,491
cullompton,other,passenger,E02004170,E02004171,17,5077,491
cullompton,tiverton,driving,E02004170,E02004168,91,10319,901
cullompton,tiverton,passenger,E02004170,E02004168,6,10319,901
cullompton,other,driving,E02004170,E02004134,121,12376,816
cullompton,other,passenger,E02004170,E02004134,14,12376,816
cullompton,tiverton,driving,E02004170,E02004167,114,9443,817
cullompton,tiverton,passenger,E02004170,E02004167,10,9443,817
cullompton,exeter,driving,E02004170,E02004159,285,20699,1263
cullompton,exeter,passenger,E02004170,E02004159,27,20699,1263
cullompton,exeter,driving,E02004170,E02004162,90,30264,1471
cullompton,exeter,passenger,E02004170,E02004162,6,30264,1471
cullompton,other,driving,E02004170,E02004169,181,5614,603
cullompton,other,passenger,E02004170,E02004169,57,5614,603
cullompton,exeter,driving,E02004170,E02004161,62,21388,1367
cullompton,exeter,passenger,E02004170,E02004161,2,21388,1367
cullompton,exeter,taxi,E02004170,E02004156,1,20825,1783
cullompton,exeter,driving,E02004170,E02004156,105,20825,1783
cullompton,exeter,passenger,E02004170,E02004156,15,20825,1783
exeter,other,driving,E02004162,E02004134,72,17638,1079
exeter,other,passenger,E02004162,E02004134,6,17638,1079
exeter,other,driving,E02004163,E02004142,60,5867,589
exeter,other,passenger,E02004163,E02004142,9,5867,589
exeter,other,driving,E02004157,E02004142,33,11934,1065
exeter,other,passenger,E02004157,E02004142,3,11934,1065
exeter,other,taxi,E02004159,E02004142,1,8476,768
exeter,other,driving,E02004159,E02004142,93,8476,768
exeter,other,passenger,E02004159,E02004142,7,8476,768
exeter,other,driving,E02004161,E02004142,45,9786,984
exeter,other,passenger,E02004161,E02004142,5,9786,984
exeter,other,driving,E02004155,E02004142,56,9638,933
exeter,other,passenger,E02004155,E02004142,2,9638,933
exeter,other,driving,E02004160,E02004142,41,18885,1122
exeter,other,passenger,E02004160,E02004142,5,18885,1122
exeter,other,driving,E02004161,E02004134,60,8166,912
exeter,other,passenger,E02004161,E02004134,10,8166,912
exeter,other,driving,E02004155,E02004134,79,5750,634
exeter,other,passenger,E02004155,E02004134,12,5750,634
exeter,other,driving,E02004158,E02004134,65,10025,1291
exeter,other,passenger,E02004158,E02004134,9,10025,1291
exeter,other,driving,E02004162,E02004142,62,15908,895
exeter,other,passenger,E02004162,E02004142,3,15908,895
exeter,other,driving,E02004156,E02004134,55,9746,1127
exeter,other,passenger,E02004156,E02004134,5,9746,1127
exeter,other,driving,E02004154,E02004134,64,6904,750
exeter,other,passenger,E02004154,E02004134,13,6904,750
exeter,other,taxi,E02004159,E02004134,1,6950,756
exeter,other,driving,E02004159,E02004134,126,6950,756
exeter,other,passenger,E02004159,E02004134,10,6950,756
exeter,other,driving,E02004158,E02004142,49,17614,1202
exeter,other,passenger,E02004158,E02004142,5,17614,1202
exeter,other,taxi,E02004152,E02004142,2,11653,1226
exeter,other,driving,E02004152,E02004142,29,11653,1226
exeter,other,passenger,E02004152,E02004142,5,11653,1226
exeter,other,driving,E02004163,E02004134,59,10547,1127
exeter,other,passenger,E02004163,E02004134,5,10547,1127
exeter,other,driving,E02004152,E02004134,31,7696,821
exeter,other,passenger,E02004152,E02004134,5,7696,821
exeter,other,driving,E02004156,E02004142,38,12960,1253
exeter,other,passenger,E02004156,E02004142,4,12960,1253
exeter,other,taxi,E02004154,E02004142,1,10285,1025
exeter,other,driving,E02004154,E02004142,49,10285,1025
exeter,other,passenger,E02004154,E02004142,5,10285,1025
exeter,other,taxi,E02004150,E02004134,1,5869,624
exeter,other,driving,E02004150,E02004134,57,5869,624
exeter,other,passenger,E02004150,E02004134,6,5869,624
exeter,other,taxi,E02004153,E02004134,1,14542,1240
exeter,other,driving,E02004153,E02004134,114,14542,1240
exeter,other,passenger,E02004153,E02004134,11,14542,1240
exeter,other,driving,E02004153,E02004142,68,19191,1375
exeter,other,passenger,E02004153,E02004142,4,19191,1375
exeter,other,driving,E02004151,E02004142,53,9944,1031
exeter,other,passenger,E02004151,E02004142,5,9944,1031
exeter,other,driving,E02004157,E02004134,45,9197,1143
exeter,other,passenger,E02004157,E02004134,1,9197,1143
exeter,other,driving,E02004150,E02004142,36,11644,1138
exeter,other,passenger,E02004150,E02004142,2,11644,1138
exeter,other,driving,E02004151,E02004134,113,4765,593
exeter,other,passenger,E02004151,E02004134,10,4765,593
exeter,other,taxi,E02004160,E02004134,1,10688,1393
exeter,other,driving,E02004160,E02004134,51,10688,1393
exeter,other,passenger,E02004160,E02004134,5,10688,1393
exeter,other,driving,E02004149,E02004142,39,14221,1416
exeter,other,driving,E02004149,E02004134,54,8549,914
exeter,other,passenger,E02004149,E02004134,8,8549,914
highbridge_and_burnham,other,taxi,E02006065,E02006062,1,3399,398
highbridge_and_burnham,other,driving,E02006065,E02006062,162,3399,398
highbridge_and_burnham,other,passenger,E02006065,E02006062,25,3399,398
highbridge_and_burnham,other,taxi,E02006065,E02006066,1,15749,1519
highbridge_and_burnham,other,driving,E02006065,E02006066,56,15749,1519
highbridge_and_burnham,other,passenger,E02006065,E02006066,7,15749,1519
highbridge_and_burnham,bridgwater,driving,E02006064,E02006069,94,17560,1196
highbridge_and_burnham,bridgwater,passenger,E02006064,E02006069,10,17560,1196
highbridge_and_burnham,other,taxi,E02006064,E02006062,1,2358,296
highbridge_and_burnham,other,driving,E02006064,E02006062,208,2358,296
highbridge_and_burnham,other,passenger,E02006064,E02006062,32,2358,296
highbridge_and_burnham,other,taxi,E02006064,E02006066,2,15868,1468
highbridge_and_burnham,other,driving,E02006064,E02006066,25,15868,1468
highbridge_and_burnham,other,driving,E02006065,E02006070,52,13885,1245
highbridge_and_burnham,other,passenger,E02006065,E02006070,3,13885,1245
highbridge_and_burnham,bridgwater,driving,E02006065,E02006069,117,12821,1175
highbridge_and_burnham,bridgwater,passenger,E02006065,E02006069,12,12821,1175
highbridge_and_burnham,bridgwater,driving,E02006064,E02006068,79,17731,1096
highbridge_and_burnham,bridgwater,passenger,E02006064,E02006068,5,17731,1096
highbridge_and_burnham,weston-super-mare,driving,E02006064,E02003084,51,17490,1297
highbridge_and_burnham,weston-super-mare,passenger,E02006064,E02003084,3,17490,1297
highbridge_and_burnham,bridgwater,driving,E02006065,E02006068,63,12512,1091
highbridge_and_burnham,bridgwater,passenger,E02006065,E02006068,10,12512,1091
highbridge_and_burnham,other,driving,E02006064,E02006070,33,18560,1189
highbridge_and_burnham,other,passenger,E02006064,E02006070,5,18560,1189
highbridge_and_burnham,weston-super-mare,driving,E02006065,E02003084,58,17371,1348
highbridge_and_burnham,weston-super-mare,passenger,E02006065,E02003084,6,17371,1348
taunton,wellington,taxi,E02006108,E02006110,1,11307,1041
taunton,wellington,driving,E02006108,E02006110,36,11307,1041
taunton,wellington,passenger,E02006108,E02006110,2,11307,1041
taunton,other,driving,E02006109,E02006112,39,5990,698
taunton,other,passenger,E02006109,E02006112,5,5990,698
taunton,other,driving,E02006108,E02006112,39,4533,603
taunton,other,passenger,E02006108,E02006112,9,4533,603
taunton,other,driving,E02006107,E02006103,32,7711,905
taunton,other,passenger,E02006107,E02006103,10,7711,905
taunton,wellington,driving,E02006109,E02006110,54,10009,863
taunton,wellington,passenger,E02006109,E02006110,2,10009,863
taunton,other,driving,E02006109,E02006103,22,11098,1339
taunton,other,passenger,E02006109,E02006103,2,11098,1339
taunton,wellington,driving,E02006108,E02006111,49,11563,1090
taunton,wellington,passenger,E02006108,E02006111,10,11563,1090
taunton,other,driving,E02006105,E02006103,32,7685,900
taunton,other,passenger,E02006105,E02006103,4,7685,900
taunton,other,driving,E02006107,E02006074,58,13236,999
taunton,other,passenger,E02006107,E02006074,2,13236,999
taunton,other,driving,E02006108,E02006103,32,9641,1244
taunton,other,passenger,E02006108,E02006103,2,9641,1244
taunton,wellington,driving,E02006106,E02006111,68,10325,871
taunton,wellington,passenger,E02006106,E02006111,5,10325,871
taunton,other,driving,E02006104,E02006103,55,5594,763
taunton,other,passenger,E02006104,E02006103,7,5594,763
taunton,other,driving,E02006105,E02006074,67,13210,994
taunton,other,passenger,E02006105,E02006074,9,13210,994
taunton,wellington,driving,E02006105,E02006110,65,13113,1136
taunton,wellington,passenger,E02006105,E02006110,17,13113,1136
taunton,wellington,driving,E02006104,E02006111,74,17068,1125
taunton,wellington,passenger,E02006104,E02006111,4,17068,1125
taunton,wellington,driving,E02006109,E02006111,78,10264,913
taunton,wellington,passenger,E02006109,E02006111,2,10264,913
taunton,other,driving,E02006105,E02006112,78,5125,575
taunton,other,passenger,E02006105,E02006112,8,5125,575
taunton,bridgwater,driving,E02006108,E02006069,24,20703,1716
taunton,bridgwater,passenger,E02006108,E02006069,1,20703,1716
taunton,wellington,driving,E02006106,E02006110,56,10069,822
taunton,wellington,passenger,E02006106,E02006110,2,10069,822
taunton,other,driving,E02006108,E02006074,30,15166,1339
taunton,other,passenger,E02006108,E02006074,6,15166,1339
taunton,other,driving,E02006106,E02006112,40,6462,755
taunton,other,passenger,E02006106,E02006112,4,6462,755
taunton,wellington,driving,E02006104,E02006110,44,16813,1076
taunton,wellington,passenger,E02006104,E02006110,2,16813,1076
taunton,other,driving,E02006109,E02006074,30,16623,1433
taunton,other,passenger,E02006109,E02006074,2,16623,1433
taunton,other,driving,E02006107,E02006112,70,2948,322
taunton,other,passenger,E02006107,E02006112,16,2948,322
taunton,wellington,driving,E02006107,E02006110,36,13026,1255
taunton,wellington,passenger,E02006107,E02006110,3,13026,1255
taunton,bridgwater,driving,E02006106,E02006069,39,21747,1644
taunton,bridgwater,passenger,E02006106,E02006069,1,21747,1644
taunton,other,driving,E02006106,E02006074,26,16210,1267
taunton,other,passenger,E02006106,E02006074,1,16210,1267
taunton,bridgwater,driving,E02006105,E02006069,68,18747,1371
taunton,other,driving,E02006102,E02006112,56,5684,625
taunton,other,passenger,E02006102,E02006112,5,5684,625
taunton,bridgwater,driving,E02006107,E02006069,30,18773,1376
taunton,bridgwater,passenger,E02006107,E02006069,1,18773,1376
taunton,other,driving,E02006102,E02006103,52,7448,856
taunton,other,passenger,E02006102,E02006103,5,7448,856
taunton,wellington,driving,E02006102,E02006111,75,19741,1326
taunton,wellington,passenger,E02006102,E02006111,10,19741,1326
taunton,other,driving,E02006104,E02006112,63,3819,424
taunton,other,passenger,E02006104,E02006112,8,3819,424
taunton,other,driving,E02006106,E02006103,28,10685,1173
taunton,other,passenger,E02006106,E02006103,2,10685,1173
taunton,wellington,driving,E02006102,E02006110,36,19486,1277
taunton,wellington,passenger,E02006102,E02006110,6,19486,1277
taunton,bridgwater,driving,E02006104,E02006069,52,16633,1220
taunton,bridgwater,passenger,E02006104,E02006069,1,16633,1220
taunton,wellington,driving,E02006107,E02006111,67,13282,1304
taunton,wellington,passenger,E02006107,E02006111,5,13282,1304
taunton,wellington,driving,E02006100,E02006110,43,13802,1247
taunton,wellington,passenger,E02006100,E02006110,5,13802,1247
taunton,other,driving,E02006102,E02006074,32,11717,891
taunton,other,passenger,E02006102,E02006074,1,11717,891
taunton,bridgwater,driving,E02006100,E02006069,48,20357,1529
taunton,other,driving,E02006100,E02006112,49,6736,733
taunton,other,passenger,E02006100,E02006112,7,6736,733
taunton,other,driving,E02006100,E02006103,43,8504,985
taunton,other,passenger,E02006100,E02006103,3,8504,985
taunton,bridgwater,driving,E02006109,E02006069,27,22160,1810
taunton,bridgwater,passenger,E02006109,E02006069,2,22160,1810
taunton,other,driving,E02006100,E02006074,37,12773,1019
taunton,other,passenger,E02006100,E02006074,3,12773,1019
taunton,wellington,driving,E02006105,E02006111,89,13369,1185
taunton,wellington,passenger,E02006105,E02006111,21,13369,1185
taunton,bridgwater,driving,E02006102,E02006069,26,19305,1421
taunton,bridgwater,passenger,E02006102,E02006069,1,19305,1421
taunton,other,driving,E02006104,E02006074,26,11119,857
taunton,wellington,taxi,E02006100,E02006111,1,14057,1296
taunton,wellington,driving,E02006100,E02006111,57,14057,1296
taunton,wellington,passenger,E02006100,E02006111,3,14057,1296
tiverton,other,driving,E02004165,E02004169,143,14929,940
tiverton,other,passenger,E02004165,E02004169,36,14929,940
tiverton,cullompton,driving,E02004167,E02004170,71,9499,885
tiverton,cullompton,passenger,E02004167,E02004170,8,9499,885
tiverton,other,driving,E02004168,E02004171,27,12745,1189
tiverton,other,passenger,E02004168,E02004171,5,12745,1189
tiverton,other,driving,E02004167,E02004169,121,14213,832
tiverton,other,passenger,E02004167,E02004169,44,14213,832
tiverton,cullompton,driving,E02004168,E02004170,39,10222,902
tiverton,cullompton,passenger,E02004168,E02004170,3,10222,902
tiverton,exeter,driving,E02004168,E02004159,61,38242,1868
tiverton,exeter,passenger,E02004168,E02004159,7,38242,1868
tiverton,cullompton,driving,E02004165,E02004170,104,11596,1050
tiverton,cullompton,passenger,E02004165,E02004170,6,11596,1050
tiverton,other,driving,E02004165,E02004171,50,14119,1336
tiverton,other,passenger,E02004165,E02004171,6,14119,1336
tiverton,exeter,driving,E02004167,E02004156,59,24587,1915
tiverton,exeter,passenger,E02004167,E02004156,6,24587,1915
tiverton,exeter,taxi,E02004167,E02004159,2,35705,1695
tiverton,exeter,driving,E02004167,E02004159,74,35705,1695
tiverton,exeter,passenger,E02004167,E02004159,5,35705,1695
tiverton,exeter,driving,E02004168,E02004156,39,23358,1763
tiverton,exeter,passenger,E02004168,E02004156,4,23358,1763
tiverton,exeter,driving,E02004165,E02004159,144,36421,1803
tiverton,exeter,passenger,E02004165,E02004159,8,36421,1803
tiverton,other,driving,E02004167,E02004171,33,12022,1171
tiverton,other,passenger,E02004167,E02004171,3,12022,1171
tiverton,other,taxi,E02004168,E02004169,1,10220,935
tiverton,other,driving,E02004168,E02004169,95,10220,935
tiverton,other,passenger,E02004168,E02004169,18,10220,935
tiverton,exeter,driving,E02004165,E02004156,80,26684,2080
tiverton,exeter,passenger,E02004165,E02004156,11,26684,2080
wellington,taunton,taxi,E02006111,E02006104,1,16744,1045
wellington,taunton,driving,E02006111,E02006104,106,16744,1045
wellington,taunton,passenger,E02006111,E02006104,7,16744,1045
wellington,taunton,driving,E02006110,E02006106,80,9948,829
wellington,taunton,passenger,E02006110,E02006106,7,9948,829
wellington,other,driving,E02006111,E02006101,66,11812,1090
wellington,other,passenger,E02006111,E02006101,8,11812,1090
wellington,taunton,driving,E02006110,E02006109,139,9869,845
wellington,taunton,passenger,E02006110,E02006109,12,9869,845
wellington,taunton,driving,E02006110,E02006108,173,11270,1028
wellington,taunton,passenger,E02006110,E02006108,21,11270,1028
wellington,taunton,driving,E02006110,E02006104,76,16404,971
wellington,taunton,passenger,E02006110,E02006104,9,16404,971
wellington,other,driving,E02006110,E02006101,50,11119,910
wellington,other,passenger,E02006110,E02006101,9,11119,910
wellington,taunton,taxi,E02006111,E02006108,1,11610,1102
wellington,taunton,driving,E02006111,E02006108,308,11610,1102
wellington,taunton,passenger,E02006111,E02006108,34,11610,1102
wellington,taunton,driving,E02006111,E02006107,96,18860,1228
wellington,taunton,passenger,E02006111,E02006107,3,18860,1228
wellington,taunton,driving,E02006110,E02006105,114,12965,1158
wellington,taunton,passenger,E02006110,E02006105,4,12965,1158
wellington,taunton,driving,E02006111,E02006109,263,10209,919
wellington,taunton,passenger,E02006111,E02006109,18,10209,919
wellington,taunton,driving,E02006110,E02006100,57,13717,1209
wellington,taunton,passenger,E02006110,E02006100,4,13717,1209
wellington,taunton,driving,E02006111,E02006100,76,14057,1283
wellington,taunton,passenger,E02006111,E02006100,7,14057,1283
wellington,taunton,driving,E02006111,E02006106,146,10288,903
wellington,taunton,passenger,E02006111,E02006106,10,10288,903
wellington,taunton,driving,E02006110,E02006107,59,18520,1155
wellington,taunton,passenger,E02006110,E02006107,4,18520,1155
wellington,taunton,driving,E02006111,E02006105,165,13305,1231
wellington,taunton,passenger,E02006111,E02006105,7,13305,1231
weston-super-mare,other,driving,E02006846,E02006845,79,3046,281
weston-super-mare,other,passenger,E02006846,E02006845,10,3046,281
weston-super-mare,other,driving,E02006846,E02003078,53,9501,800
weston-super-mare,other,passenger,E02006846,E02003078,8,9501,800
weston-super-mare,other,driving,E02003089,E02003088,26,12661,1382
weston-super-mare,other,passenger,E02003089,E02003088,3,12661,1382
weston-super-mare,highbridge_and_burnham,driving,E02006846,E02006065,41,22531,1193
weston-super-mare,highbridge_and_burnham,passenger,E02006846,E02006065,15,22531,1193
weston-super-mare,other,driving,E02003089,E02003078,15,13428,1230
weston-super-mare,other,passenger,E02003089,E02003078,2,13428,1230
weston-super-mare,other,driving,E02003086,E02006845,40,7200,722
weston-super-mare,other,passenger,E02003086,E02006845,8,7200,722
weston-super-mare,other,driving,E02006846,E02003076,55,13213,1015
weston-super-mare,other,passenger,E02006846,E02003076,8,13213,1015
weston-super-mare,other,driving,E02006846,E02003088,88,10995,1140
weston-super-mare,other,passenger,E02006846,E02003088,27,10995,1140
weston-super-mare,other,driving,E02003085,E02006845,36,6081,603
weston-super-mare,other,passenger,E02003085,E02006845,4,6081,603
weston-super-mare,other,driving,E02003085,E02003078,28,12537,1122
weston-super-mare,other,passenger,E02003085,E02003078,8,12537,1122
weston-super-mare,other,taxi,E02003084,E02003078,8,12518,1147
weston-super-mare,other,driving,E02003084,E02003078,54,12518,1147
weston-super-mare,other,passenger,E02003084,E02003078,11,12518,1147
weston-super-mare,highbridge_and_burnham,driving,E02003086,E02006065,33,15941,1173
weston-super-mare,highbridge_and_burnham,passenger,E02003086,E02006065,10,15941,1173
weston-super-mare,other,driving,E02006846,E02003070,27,25197,1580
weston-super-mare,other,passenger,E02006846,E02003070,4,25197,1580
weston-super-mare,other,taxi,E02003084,E02006845,4,6063,628
weston-super-mare,other,driving,E02003084,E02006845,44,6063,628
weston-super-mare,other,passenger,E02003084,E02006845,6,6063,628
weston-super-mare,other,driving,E02006846,E02003077,53,20663,1634
weston-super-mare,other,driving,E02003085,E02003088,40,14031,1459
weston-super-mare,other,passenger,E02003085,E02003088,16,14031,1459
weston-super-mare,other,driving,E02003089,E02003076,26,17140,1445
weston-super-mare,other,passenger,E02003089,E02003076,1,17140,1445
weston-super-mare,other,taxi,E02003082,E02006845,1,7239,711
weston-super-mare,other,driving,E02003082,E02006845,70,7239,711
weston-super-mare,other,passenger,E02003082,E02006845,7,7239,711
weston-super-mare,other,driving,E02003085,E02003076,33,16249,1337
weston-super-mare,other,passenger,E02003085,E02003076,2,16249,1337
weston-super-mare,other,taxi,E02003081,E02006845,1,4444,572
weston-super-mare,other,driving,E02003081,E02006845,77,4444,572
weston-super-mare,other,passenger,E02003081,E02006845,7,4444,572
weston-super-mare,other,driving,E02003089,E02006845,26,6972,711
weston-super-mare,other,passenger,E02003089,E02006845,3,6972,711
weston-super-mare,highbridge_and_burnham,driving,E02003082,E02006065,52,18615,1507
weston-super-mare,highbridge_and_burnham,passenger,E02003082,E02006065,14,18615,1507
weston-super-mare,highbridge_and_burnham,driving,E02003085,E02006065,31,17063,1325
weston-super-mare,highbridge_and_burnham,passenger,E02003085,E02006065,9,17063,1325
weston-super-mare,other,taxi,E02003081,E02003088,2,12906,1398
weston-super-mare,other,driving,E02003081,E02003088,52,12906,1398
weston-super-mare,other,passenger,E02003081,E02003088,7,12906,1398
weston-super-mare,other,driving,E02003082,E02003076,41,15956,1417
weston-super-mare,other,passenger,E02003082,E02003076,5,15956,1417
weston-super-mare,highbridge_and_burnham,driving,E02003084,E02006065,43,17463,1349
weston-super-mare,highbridge_and_burnham,passenger,E02003084,E02006065,30,17463,1349
weston-super-mare,other,taxi,E02003085,E02003077,1,23699,1953
weston-super-mare,other,driving,E02003085,E02003077,24,23699,1953
weston-super-mare,bristol,driving,E02006846,E02003043,62,32980,2012
weston-super-mare,bristol,passenger,E02006846,E02003043,7,32980,2012
weston-super-mare,bristol,taxi,E02003079,E02003043,1,31903,2050
weston-super-mare,bristol,driving,E02003079,E02003043,76,31903,2050
weston-super-mare,bristol,passenger,E02003079,E02003043,4,31903,2050
weston-super-mare,other,driving,E02003086,E02003070,12,29352,2021
weston-super-mare,highbridge_and_burnham,driving,E02003081,E02006065,29,22992,1421
weston-super-mare,highbridge_and_burnham,passenger,E02003081,E02006065,5,22992,1421
weston-super-mare,other,driving,E02003089,E02003077,15,22329,1875
weston-super-mare,other,driving,E02003085,E02003070,17,28233,1902
weston-super-mare,other,passenger,E02003085,E02003070,2,28233,1902
weston-super-mare,other,driving,E02003089,E02003070,17,29124,2010
weston-super-mare,other,driving,E02003086,E02003078,21,13656,1241
weston-super-mare,other,passenger,E02003086,E02003078,5,13656,1241
weston-super-mare,other,driving,E02003086,E02003076,20,17368,1456
weston-super-mare,other,passenger,E02003086,E02003076,8,17368,1456
weston-super-mare,bristol,driving,E02003089,E02003043,24,36906,2441
weston-super-mare,bristol,passenger,E02003089,E02003043,1,36906,2441
weston-super-mare,other,driving,E02003080,E02003088,66,12499,1327
weston-super-mare,other,passenger,E02003080,E02003088,15,12499,1327
weston-super-mare,other,driving,E02003079,E02003076,69,12136,1054
weston-super-mare,other,passenger,E02003079,E02003076,11,12136,1054
weston-super-mare,other,driving,E02003082,E02003088,59,15188,1567
weston-super-mare,other,passenger,E02003082,E02003088,22,15188,1567
weston-super-mare,other,taxi,E02003080,E02003078,4,8357,819
weston-super-mare,other,driving,E02003080,E02003078,61,8357,819
weston-super-mare,other,passenger,E02003080,E02003078,8,8357,819
weston-super-mare,highbridge_and_burnham,driving,E02003080,E02006065,36,21387,1211
weston-super-mare,highbridge_and_burnham,passenger,E02003080,E02006065,6,21387,1211
weston-super-mare,other,driving,E02003080,E02006845,77,2839,362
weston-super-mare,other,passenger,E02003080,E02006845,14,2839,362
weston-super-mare,other,driving,E02003082,E02003077,47,24856,2061
weston-super-mare,other,passenger,E02003082,E02003077,4,24856,2061
weston-super-mare,other,taxi,E02003081,E02003078,1,9962,1029
weston-super-mare,other,driving,E02003081,E02003078,61,9962,1029
weston-super-mare,other,passenger,E02003081,E02003078,2,9962,1029
weston-super-mare,bristol,taxi,E02003085,E02003043,1,36015,2334
weston-super-mare,bristol,driving,E02003085,E02003043,16,36015,2334
weston-super-mare,other,driving,E02003086,E02003077,18,24818,2072
weston-super-mare,bristol,driving,E02003082,E02003043,40,35722,2413
weston-super-mare,bristol,passenger,E02003082,E02003043,4,35722,2413
weston-super-mare,highbridge_and_burnham,driving,E02003089,E02006065,25,14989,1136
weston-super-mare,highbridge_and_burnham,passenger,E02003089,E02006065,4,14989,1136
weston-super-mare,other,driving,E02003080,E02003070,28,24053,1598
weston-super-mare,other,passenger,E02003080,E02003070,1,24053,1598
weston-super-mare,other,driving,E02003084,E02003070,18,28214,1927
weston-super-mare,other,passenger,E02003084,E02003070,2,28214,1927
weston-super-mare,other,driving,E02003084,E02003088,63,14012,1484
weston-super-mare,other,passenger,E02003084,E02003088,30,14012,1484
weston-super-mare,other,driving,E02003080,E02003077,46,22777,1711
weston-super-mare,other,passenger,E02003080,E02003077,2,22777,1711
weston-super-mare,other,taxi,E02003079,E02006845,3,3622,496
weston-super-mare,other,driving,E02003079,E02006845,130,3622,496
weston-super-mare,other,passenger,E02003079,E02006845,22,3622,496
weston-super-mare,other,driving,E02003084,E02003077,28,23680,1978
weston-super-mare,other,driving,E02003081,E02003076,59,13674,1244
weston-super-mare,other,passenger,E02003081,E02003076,1,13674,1244
weston-super-mare,other,driving,E02003080,E02003076,36,12069,1034
weston-super-mare,other,passenger,E02003080,E02003076,5,12069,1034
weston-super-mare,bristol,driving,E02003086,E02003043,23,37134,2452
weston-super-mare,bristol,passenger,E02003086,E02003043,2,37134,2452
weston-super-mare,highbridge_and_burnham,driving,E02003079,E02006065,36,21454,1231
weston-super-mare,highbridge_and_burnham,passenger,E02003079,E02006065,4,21454,1231
weston-super-mare,other,driving,E02003079,E02003088,66,13700,1425
weston-super-mare,other,passenger,E02003079,E02003088,9,13700,1425
weston-super-mare,bristol,driving,E02003084,E02003043,27,35997,2358
weston-super-mare,bristol,passenger,E02003084,E02003043,1,35997,2358
weston-super-mare,bristol,driving,E02003080,E02003043,54,31835,2030
weston-super-mare,bristol,passenger,E02003080,E02003043,3,31835,2030
weston-super-mare,bristol,driving,E02003081,E02003043,46,33440,2240
weston-super-mare,bristol,passenger,E02003081,E02003043,3,33440,2240
weston-super-mare,other,taxi,E02003079,E02003078,1,8424,839
weston-super-mare,other,driving,E02003079,E02003078,111,8424,839
weston-super-mare,other,passenger,E02003079,E02003078,15,8424,839
weston-super-mare,other,driving,E02003081,E02003070,35,25658,1808
weston-super-mare,other,passenger,E02003081,E02003070,8,25658,1808
weston-super-mare,other,driving,E02003086,E02003088,43,15149,1578
weston-super-mare,other,passenger,E02003086,E02003088,20,15149,1578
weston-super-mare,other,driving,E02003082,E02003070,17,27940,1981
weston-super-mare,other,passenger,E02003082,E02003070,1,27940,1981
weston-super-mare,other,taxi,E02003082,E02003078,3,12244,1202
weston-super-mare,other,driving,E02003082,E02003078,44,12244,1202
weston-super-mare,other,passenger,E02003082,E02003078,6,12244,1202
weston-super-mare,other,driving,E02003079,E02003070,50,24120,1618
weston-super-mare,other,passenger,E02003079,E02003070,1,24120,1618
weston-super-mare,other,driving,E02003079,E02003077,72,22845,1731
weston-super-mare,other,passenger,E02003079,E02003077,3,22845,1731
weston-super-mare,other,driving,E02003081,E02003077,49,22574,1891
weston-super-mare,other,passenger,E02003081,E02003077,1,22574,1891
weston-super-mare,other,taxi,E02003084,E02003076,1,16230,1362
weston-super-mare,other,driving,E02003084,E02003076,23,16230,1362
weston-super-mare,other,passenger,E02003084,E02003076,3,16230,1362
