zone,mode,residence,workplace,originIndex,destinationIndex
bridgwater,DRIVE,E02006068,E02006065,0,0
bridgwater,DRIVE,E02006068,E02006068,0,1
bridgwater,DRIVE,E02006068,E02006069,0,2
bridgwater,DRIVE,E02006068,E02006070,0,3
bridgwater,DRIVE,E02006068,E02006073,0,4
bridgwater,DRIVE,E02006068,E02006074,0,5
bridgwater,DRIVE,E02006068,E02006108,0,6
bridgwater,DRIVE,E02006068,E02006066,0,7
bridgwater,DRIVE,E02006068,E02006067,0,8
bridgwater,DRIVE,E02006068,E02006071,0,9
bridgwater,DRIVE,E02006068,E02006104,0,10
bridgwater,DRIVE,E02006068,E02006116,0,11
bridgwater,DRIVE,E02006069,E02006065,1,0
bridgwater,DRIVE,E02006069,E02006068,1,1
bridgwater,DRIVE,E02006069,E02006069,1,2
bridgwater,DRIVE,E02006069,E02006070,1,3
bridgwater,DRIVE,E02006069,E02006073,1,4
bridgwater,DRIVE,E02006069,E02006074,1,5
bridgwater,DRIVE,E02006069,E02006108,1,6
bridgwater,DRIVE,E02006069,E02006066,1,7
bridgwater,DRIVE,E02006069,E02006067,1,8
bridgwater,DRIVE,E02006069,E02006071,1,9
bridgwater,DRIVE,E02006069,E02006104,1,10
bridgwater,DRIVE,E02006069,E02006116,1,11
bridgwater,DRIVE,E02006073,E02006065,2,0
bridgwater,DRIVE,E02006073,E02006068,2,1
bridgwater,DRIVE,E02006073,E02006069,2,2
bridgwater,DRIVE,E02006073,E02006070,2,3
bridgwater,DRIVE,E02006073,E02006073,2,4
bridgwater,DRIVE,E02006073,E02006074,2,5
bridgwater,DRIVE,E02006073,E02006108,2,6
bridgwater,DRIVE,E02006073,E02006066,2,7
bridgwater,DRIVE,E02006073,E02006067,2,8
bridgwater,DRIVE,E02006073,E02006071,2,9
bridgwater,DRIVE,E02006073,E02006104,2,10
bridgwater,DRIVE,E02006073,E02006116,2,11
bridgwater,BICYCLE,E02006068,E02006068,0,0
bridgwater,BICYCLE,E02006068,E02006069,0,1
bridgwater,BICYCLE,E02006068,E02006074,0,2
bridgwater,BICYCLE,E02006068,E02006070,0,3
bridgwater,BICYCLE,E02006069,E02006068,1,0
bridgwater,BICYCLE,E02006069,E02006069,1,1
bridgwater,BICYCLE,E02006069,E02006074,1,2
bridgwater,BICYCLE,E02006069,E02006070,1,3
bridgwater,BICYCLE,E02006073,E02006068,2,0
bridgwater,BICYCLE,E02006073,E02006069,2,1
bridgwater,BICYCLE,E02006073,E02006074,2,2
bridgwater,BICYCLE,E02006073,E02006070,2,3
bridgwater,WALK,E02006068,E02006068,0,0
bridgwater,WALK,E02006068,E02006069,0,1
bridgwater,WALK,E02006068,E02006073,0,2
bridgwater,WALK,E02006069,E02006068,1,0
bridgwater,WALK,E02006069,E02006069,1,1
bridgwater,WALK,E02006069,E02006073,1,2
bridgwater,WALK,E02006073,E02006068,2,0
bridgwater,WALK,E02006073,E02006069,2,1
bridgwater,WALK,E02006073,E02006073,2,2
bristol,DRIVE,E02003012,E02003012,0,0
bristol,DRIVE,E02003012,E02003013,0,1
bristol,DRIVE,E02003012,E02003014,0,2
bristol,DRIVE,E02003012,E02003015,0,3
bristol,DRIVE,E02003012,E02003017,0,4
bristol,DRIVE,E02003012,E02003019,0,5
bristol,DRIVE,E02003012,E02003020,0,6
bristol,DRIVE,E02003012,E02003043,0,7
bristol,DRIVE,E02003012,E02003094,0,8
bristol,DRIVE,E02003012,E02003100,0,9
bristol,DRIVE,E02003012,E02003106,0,10
bristol,DRIVE,E02003012,E02003107,0,11
bristol,DRIVE,E02003012,E02006887,0,12
bristol,DRIVE,E02003012,E02003098,0,13
bristol,DRIVE,E02003012,E02003026,0,14
bristol,DRIVE,E02003012,E02003068,0,15
bristol,DRIVE,E02003012,E02003024,0,16
bristol,DRIVE,E02003012,E02003025,0,17
bristol,DRIVE,E02003012,E02003037,0,18
bristol,DRIVE,E02003012,E02003041,0,19
bristol,DRIVE,E02003012,E02003031,0,20
bristol,DRIVE,E02003012,E02003034,0,21
bristol,DRIVE,E02003012,E02003032,0,22
bristol,DRIVE,E02003012,E02003108,0,23
bristol,DRIVE,E02003012,E02006889,0,24
bristol,DRIVE,E02003012,E02003117,0,25
bristol,DRIVE,E02003012,E02003121,0,26
bristol,DRIVE,E02003012,E02003046,0,27
bristol,DRIVE,E02003012,E02003049,0,28
bristol,DRIVE,E02003012,E02003050,0,29
bristol,DRIVE,E02003012,E02003054,0,30
bristol,DRIVE,E02003012,E02003047,0,31
bristol,DRIVE,E02003012,E02003052,0,32
bristol,DRIVE,E02003012,E02003056,0,33
bristol,DRIVE,E02003012,E02003057,0,34
bristol,DRIVE,E02003012,E02003059,0,35
bristol,DRIVE,E02003012,E02003058,0,36
bristol,DRIVE,E02003012,E02003053,0,37
bristol,DRIVE,E02003012,E02003060,0,38
bristol,DRIVE,E02003012,E02003063,0,39
bristol,DRIVE,E02003012,E02003064,0,40
bristol,DRIVE,E02003013,E02003012,1,0
bristol,DRIVE,E02003013,E02003013,1,1
bristol,DRIVE,E02003013,E02003014,1,2
bristol,DRIVE,E02003013,E02003015,1,3
bristol,DRIVE,E02003013,E02003017,1,4
bristol,DRIVE,E02003013,E02003019,1,5
bristol,DRIVE,E02003013,E02003020,1,6
bristol,DRIVE,E02003013,E02003043,1,7
bristol,DRIVE,E02003013,E02003094,1,8
bristol,DRIVE,E02003013,E02003100,1,9
bristol,DRIVE,E02003013,E02003106,1,10
bristol,DRIVE,E02003013,E02003107,1,11
bristol,DRIVE,E02003013,E02006887,1,12
bristol,DRIVE,E02003013,E02003098,1,13
bristol,DRIVE,E02003013,E02003026,1,14
bristol,DRIVE,E02003013,E02003068,1,15
bristol,DRIVE,E02003013,E02003024,1,16
bristol,DRIVE,E02003013,E02003025,1,17
bristol,DRIVE,E02003013,E02003037,1,18
bristol,DRIVE,E02003013,E02003041,1,19
bristol,DRIVE,E02003013,E02003031,1,20
bristol,DRIVE,E02003013,E02003034,1,21
bristol,DRIVE,E02003013,E02003032,1,22
bristol,DRIVE,E02003013,E02003108,1,23
bristol,DRIVE,E02003013,E02006889,1,24
bristol,DRIVE,E02003013,E02003117,1,25
bristol,DRIVE,E02003013,E02003121,1,26
bristol,DRIVE,E02003013,E02003046,1,27
bristol,DRIVE,E02003013,E02003049,1,28
bristol,DRIVE,E02003013,E02003050,1,29
bristol,DRIVE,E02003013,E02003054,1,30
bristol,DRIVE,E02003013,E02003047,1,31
bristol,DRIVE,E02003013,E02003052,1,32
bristol,DRIVE,E02003013,E02003056,1,33
bristol,DRIVE,E02003013,E02003057,1,34
bristol,DRIVE,E02003013,E02003059,1,35
bristol,DRIVE,E02003013,E02003058,1,36
bristol,DRIVE,E02003013,E02003053,1,37
bristol,DRIVE,E02003013,E02003060,1,38
bristol,DRIVE,E02003013,E02003063,1,39
bristol,DRIVE,E02003013,E02003064,1,40
bristol,DRIVE,E02003014,E02003012,2,0
bristol,DRIVE,E02003014,E02003013,2,1
bristol,DRIVE,E02003014,E02003014,2,2
bristol,DRIVE,E02003014,E02003015,2,3
bristol,DRIVE,E02003014,E02003017,2,4
bristol,DRIVE,E02003014,E02003019,2,5
bristol,DRIVE,E02003014,E02003020,2,6
bristol,DRIVE,E02003014,E02003043,2,7
bristol,DRIVE,E02003014,E02003094,2,8
bristol,DRIVE,E02003014,E02003100,2,9
bristol,DRIVE,E02003014,E02003106,2,10
bristol,DRIVE,E02003014,E02003107,2,11
bristol,DRIVE,E02003014,E02006887,2,12
bristol,DRIVE,E02003014,E02003098,2,13
bristol,DRIVE,E02003014,E02003026,2,14
bristol,DRIVE,E02003014,E02003068,2,15
bristol,DRIVE,E02003014,E02003024,2,16
bristol,DRIVE,E02003014,E02003025,2,17
bristol,DRIVE,E02003014,E02003037,2,18
bristol,DRIVE,E02003014,E02003041,2,19
bristol,DRIVE,E02003014,E02003031,2,20
bristol,DRIVE,E02003014,E02003034,2,21
bristol,DRIVE,E02003014,E02003032,2,22
bristol,DRIVE,E02003014,E02003108,2,23
bristol,DRIVE,E02003014,E02006889,2,24
bristol,DRIVE,E02003014,E02003117,2,25
bristol,DRIVE,E02003014,E02003121,2,26
bristol,DRIVE,E02003014,E02003046,2,27
bristol,DRIVE,E02003014,E02003049,2,28
bristol,DRIVE,E02003014,E02003050,2,29
bristol,DRIVE,E02003014,E02003054,2,30
bristol,DRIVE,E02003014,E02003047,2,31
bristol,DRIVE,E02003014,E02003052,2,32
bristol,DRIVE,E02003014,E02003056,2,33
bristol,DRIVE,E02003014,E02003057,2,34
bristol,DRIVE,E02003014,E02003059,2,35
bristol,DRIVE,E02003014,E02003058,2,36
bristol,DRIVE,E02003014,E02003053,2,37
bristol,DRIVE,E02003014,E02003060,2,38
bristol,DRIVE,E02003014,E02003063,2,39
bristol,DRIVE,E02003014,E02003064,2,40
bristol,DRIVE,E02003015,E02003012,3,0
bristol,DRIVE,E02003015,E02003013,3,1
bristol,DRIVE,E02003015,E02003014,3,2
bristol,DRIVE,E02003015,E02003015,3,3
bristol,DRIVE,E02003015,E02003017,3,4
bristol,DRIVE,E02003015,E02003019,3,5
bristol,DRIVE,E02003015,E02003020,3,6
bristol,DRIVE,E02003015,E02003043,3,7
bristol,DRIVE,E02003015,E02003094,3,8
bristol,DRIVE,E02003015,E02003100,3,9
bristol,DRIVE,E02003015,E02003106,3,10
bristol,DRIVE,E02003015,E02003107,3,11
bristol,DRIVE,E02003015,E02006887,3,12
bristol,DRIVE,E02003015,E02003098,3,13
bristol,DRIVE,E02003015,E02003026,3,14
bristol,DRIVE,E02003015,E02003068,3,15
bristol,DRIVE,E02003015,E02003024,3,16
bristol,DRIVE,E02003015,E02003025,3,17
bristol,DRIVE,E02003015,E02003037,3,18
bristol,DRIVE,E02003015,E02003041,3,19
bristol,DRIVE,E02003015,E02003031,3,20
bristol,DRIVE,E02003015,E02003034,3,21
bristol,DRIVE,E02003015,E02003032,3,22
bristol,DRIVE,E02003015,E02003108,3,23
bristol,DRIVE,E02003015,E02006889,3,24
bristol,DRIVE,E02003015,E02003117,3,25
bristol,DRIVE,E02003015,E02003121,3,26
bristol,DRIVE,E02003015,E02003046,3,27
bristol,DRIVE,E02003015,E02003049,3,28
bristol,DRIVE,E02003015,E02003050,3,29
bristol,DRIVE,E02003015,E02003054,3,30
bristol,DRIVE,E02003015,E02003047,3,31
bristol,DRIVE,E02003015,E02003052,3,32
bristol,DRIVE,E02003015,E02003056,3,33
bristol,DRIVE,E02003015,E02003057,3,34
bristol,DRIVE,E02003015,E02003059,3,35
bristol,DRIVE,E02003015,E02003058,3,36
bristol,DRIVE,E02003015,E02003053,3,37
bristol,DRIVE,E02003015,E02003060,3,38
bristol,DRIVE,E02003015,E02003063,3,39
bristol,DRIVE,E02003015,E02003064,3,40
bristol,DRIVE,E02003016,E02003012,4,0
bristol,DRIVE,E02003016,E02003013,4,1
bristol,DRIVE,E02003016,E02003014,4,2
bristol,DRIVE,E02003016,E02003015,4,3
bristol,DRIVE,E02003016,E02003017,4,4
bristol,DRIVE,E02003016,E02003019,4,5
bristol,DRIVE,E02003016,E02003020,4,6
bristol,DRIVE,E02003016,E02003043,4,7
bristol,DRIVE,E02003016,E02003094,4,8
bristol,DRIVE,E02003016,E02003100,4,9
bristol,DRIVE,E02003016,E02003106,4,10
bristol,DRIVE,E02003016,E02003107,4,11
bristol,DRIVE,E02003016,E02006887,4,12
bristol,DRIVE,E02003016,E02003098,4,13
bristol,DRIVE,E02003016,E02003026,4,14
bristol,DRIVE,E02003016,E02003068,4,15
bristol,DRIVE,E02003016,E02003024,4,16
bristol,DRIVE,E02003016,E02003025,4,17
bristol,DRIVE,E02003016,E02003037,4,18
bristol,DRIVE,E02003016,E02003041,4,19
bristol,DRIVE,E02003016,E02003031,4,20
bristol,DRIVE,E02003016,E02003034,4,21
bristol,DRIVE,E02003016,E02003032,4,22
bristol,DRIVE,E02003016,E02003108,4,23
bristol,DRIVE,E02003016,E02006889,4,24
bristol,DRIVE,E02003016,E02003117,4,25
bristol,DRIVE,E02003016,E02003121,4,26
bristol,DRIVE,E02003016,E02003046,4,27
bristol,DRIVE,E02003016,E02003049,4,28
bristol,DRIVE,E02003016,E02003050,4,29
bristol,DRIVE,E02003016,E02003054,4,30
bristol,DRIVE,E02003016,E02003047,4,31
bristol,DRIVE,E02003016,E02003052,4,32
bristol,DRIVE,E02003016,E02003056,4,33
bristol,DRIVE,E02003016,E02003057,4,34
bristol,DRIVE,E02003016,E02003059,4,35
bristol,DRIVE,E02003016,E02003058,4,36
bristol,DRIVE,E02003016,E02003053,4,37
bristol,DRIVE,E02003016,E02003060,4,38
bristol,DRIVE,E02003016,E02003063,4,39
bristol,DRIVE,E02003016,E02003064,4,40
bristol,DRIVE,E02003017,E02003012,5,0
bristol,DRIVE,E02003017,E02003013,5,1
bristol,DRIVE,E02003017,E02003014,5,2
bristol,DRIVE,E02003017,E02003015,5,3
bristol,DRIVE,E02003017,E02003017,5,4
bristol,DRIVE,E02003017,E02003019,5,5
bristol,DRIVE,E02003017,E02003020,5,6
bristol,DRIVE,E02003017,E02003043,5,7
bristol,DRIVE,E02003017,E02003094,5,8
bristol,DRIVE,E02003017,E02003100,5,9
bristol,DRIVE,E02003017,E02003106,5,10
bristol,DRIVE,E02003017,E02003107,5,11
bristol,DRIVE,E02003017,E02006887,5,12
bristol,DRIVE,E02003017,E02003098,5,13
bristol,DRIVE,E02003017,E02003026,5,14
bristol,DRIVE,E02003017,E02003068,5,15
bristol,DRIVE,E02003017,E02003024,5,16
bristol,DRIVE,E02003017,E02003025,5,17
bristol,DRIVE,E02003017,E02003037,5,18
bristol,DRIVE,E02003017,E02003041,5,19
bristol,DRIVE,E02003017,E02003031,5,20
bristol,DRIVE,E02003017,E02003034,5,21
bristol,DRIVE,E02003017,E02003032,5,22
bristol,DRIVE,E02003017,E02003108,5,23
bristol,DRIVE,E02003017,E02006889,5,24
bristol,DRIVE,E02003017,E02003117,5,25
bristol,DRIVE,E02003017,E02003121,5,26
bristol,DRIVE,E02003017,E02003046,5,27
bristol,DRIVE,E02003017,E02003049,5,28
bristol,DRIVE,E02003017,E02003050,5,29
bristol,DRIVE,E02003017,E02003054,5,30
bristol,DRIVE,E02003017,E02003047,5,31
bristol,DRIVE,E02003017,E02003052,5,32
bristol,DRIVE,E02003017,E02003056,5,33
bristol,DRIVE,E02003017,E02003057,5,34
bristol,DRIVE,E02003017,E02003059,5,35
bristol,DRIVE,E02003017,E02003058,5,36
bristol,DRIVE,E02003017,E02003053,5,37
bristol,DRIVE,E02003017,E02003060,5,38
bristol,DRIVE,E02003017,E02003063,5,39
bristol,DRIVE,E02003017,E02003064,5,40
bristol,DRIVE,E02003018,E02003012,6,0
bristol,DRIVE,E02003018,E02003013,6,1
bristol,DRIVE,E02003018,E02003014,6,2
bristol,DRIVE,E02003018,E02003015,6,3
bristol,DRIVE,E02003018,E02003017,6,4
bristol,DRIVE,E02003018,E02003019,6,5
bristol,DRIVE,E02003018,E02003020,6,6
bristol,DRIVE,E02003018,E02003043,6,7
bristol,DRIVE,E02003018,E02003094,6,8
bristol,DRIVE,E02003018,E02003100,6,9
bristol,DRIVE,E02003018,E02003106,6,10
bristol,DRIVE,E02003018,E02003107,6,11
bristol,DRIVE,E02003018,E02006887,6,12
bristol,DRIVE,E02003018,E02003098,6,13
bristol,DRIVE,E02003018,E02003026,6,14
bristol,DRIVE,E02003018,E02003068,6,15
bristol,DRIVE,E02003018,E02003024,6,16
bristol,DRIVE,E02003018,E02003025,6,17
bristol,DRIVE,E02003018,E02003037,6,18
bristol,DRIVE,E02003018,E02003041,6,19
bristol,DRIVE,E02003018,E02003031,6,20
bristol,DRIVE,E02003018,E02003034,6,21
bristol,DRIVE,E02003018,E02003032,6,22
bristol,DRIVE,E02003018,E02003108,6,23
bristol,DRIVE,E02003018,E02006889,6,24
bristol,DRIVE,E02003018,E02003117,6,25
bristol,DRIVE,E02003018,E02003121,6,26
bristol,DRIVE,E02003018,E02003046,6,27
bristol,DRIVE,E02003018,E02003049,6,28
bristol,DRIVE,E02003018,E02003050,6,29
bristol,DRIVE,E02003018,E02003054,6,30
bristol,DRIVE,E02003018,E02003047,6,31
bristol,DRIVE,E02003018,E02003052,6,32
bristol,DRIVE,E02003018,E02003056,6,33
bristol,DRIVE,E02003018,E02003057,6,34
bristol,DRIVE,E02003018,E02003059,6,35
bristol,DRIVE,E02003018,E02003058,6,36
bristol,DRIVE,E02003018,E02003053,6,37
bristol,DRIVE,E02003018,E02003060,6,38
bristol,DRIVE,E02003018,E02003063,6,39
bristol,DRIVE,E02003018,E02003064,6,40
bristol,DRIVE,E02003019,E02003012,7,0
bristol,DRIVE,E02003019,E02003013,7,1
bristol,DRIVE,E02003019,E02003014,7,2
bristol,DRIVE,E02003019,E02003015,7,3
bristol,DRIVE,E02003019,E02003017,7,4
bristol,DRIVE,E02003019,E02003019,7,5
bristol,DRIVE,E02003019,E02003020,7,6
bristol,DRIVE,E02003019,E02003043,7,7
bristol,DRIVE,E02003019,E02003094,7,8
bristol,DRIVE,E02003019,E02003100,7,9
bristol,DRIVE,E02003019,E02003106,7,10
bristol,DRIVE,E02003019,E02003107,7,11
bristol,DRIVE,E02003019,E02006887,7,12
bristol,DRIVE,E02003019,E02003098,7,13
bristol,DRIVE,E02003019,E02003026,7,14
bristol,DRIVE,E02003019,E02003068,7,15
bristol,DRIVE,E02003019,E02003024,7,16
bristol,DRIVE,E02003019,E02003025,7,17
bristol,DRIVE,E02003019,E02003037,7,18
bristol,DRIVE,E02003019,E02003041,7,19
bristol,DRIVE,E02003019,E02003031,7,20
bristol,DRIVE,E02003019,E02003034,7,21
bristol,DRIVE,E02003019,E02003032,7,22
bristol,DRIVE,E02003019,E02003108,7,23
bristol,DRIVE,E02003019,E02006889,7,24
bristol,DRIVE,E02003019,E02003117,7,25
bristol,DRIVE,E02003019,E02003121,7,26
bristol,DRIVE,E02003019,E02003046,7,27
bristol,DRIVE,E02003019,E02003049,7,28
bristol,DRIVE,E02003019,E02003050,7,29
bristol,DRIVE,E02003019,E02003054,7,30
bristol,DRIVE,E02003019,E02003047,7,31
bristol,DRIVE,E02003019,E02003052,7,32
bristol,DRIVE,E02003019,E02003056,7,33
bristol,DRIVE,E02003019,E02003057,7,34
bristol,DRIVE,E02003019,E02003059,7,35
bristol,DRIVE,E02003019,E02003058,7,36
bristol,DRIVE,E02003019,E02003053,7,37
bristol,DRIVE,E02003019,E02003060,7,38
bristol,DRIVE,E02003019,E02003063,7,39
bristol,DRIVE,E02003019,E02003064,7,40
bristol,DRIVE,E02003020,E02003012,8,0
bristol,DRIVE,E02003020,E02003013,8,1
bristol,DRIVE,E02003020,E02003014,8,2
bristol,DRIVE,E02003020,E02003015,8,3
bristol,DRIVE,E02003020,E02003017,8,4
bristol,DRIVE,E02003020,E02003019,8,5
bristol,DRIVE,E02003020,E02003020,8,6
bristol,DRIVE,E02003020,E02003043,8,7
bristol,DRIVE,E02003020,E02003094,8,8
bristol,DRIVE,E02003020,E02003100,8,9
bristol,DRIVE,E02003020,E02003106,8,10
bristol,DRIVE,E02003020,E02003107,8,11
bristol,DRIVE,E02003020,E02006887,8,12
bristol,DRIVE,E02003020,E02003098,8,13
bristol,DRIVE,E02003020,E02003026,8,14
bristol,DRIVE,E02003020,E02003068,8,15
bristol,DRIVE,E02003020,E02003024,8,16
bristol,DRIVE,E02003020,E02003025,8,17
bristol,DRIVE,E02003020,E02003037,8,18
bristol,DRIVE,E02003020,E02003041,8,19
bristol,DRIVE,E02003020,E02003031,8,20
bristol,DRIVE,E02003020,E02003034,8,21
bristol,DRIVE,E02003020,E02003032,8,22
bristol,DRIVE,E02003020,E02003108,8,23
bristol,DRIVE,E02003020,E02006889,8,24
bristol,DRIVE,E02003020,E02003117,8,25
bristol,DRIVE,E02003020,E02003121,8,26
bristol,DRIVE,E02003020,E02003046,8,27
bristol,DRIVE,E02003020,E02003049,8,28
bristol,DRIVE,E02003020,E02003050,8,29
bristol,DRIVE,E02003020,E02003054,8,30
bristol,DRIVE,E02003020,E02003047,8,31
bristol,DRIVE,E02003020,E02003052,8,32
bristol,DRIVE,E02003020,E02003056,8,33
bristol,DRIVE,E02003020,E02003057,8,34
bristol,DRIVE,E02003020,E02003059,8,35
bristol,DRIVE,E02003020,E02003058,8,36
bristol,DRIVE,E02003020,E02003053,8,37
bristol,DRIVE,E02003020,E02003060,8,38
bristol,DRIVE,E02003020,E02003063,8,39
bristol,DRIVE,E02003020,E02003064,8,40
bristol,DRIVE,E02003021,E02003012,9,0
bristol,DRIVE,E02003021,E02003013,9,1
bristol,DRIVE,E02003021,E02003014,9,2
bristol,DRIVE,E02003021,E02003015,9,3
bristol,DRIVE,E02003021,E02003017,9,4
bristol,DRIVE,E02003021,E02003019,9,5
bristol,DRIVE,E02003021,E02003020,9,6
bristol,DRIVE,E02003021,E02003043,9,7
bristol,DRIVE,E02003021,E02003094,9,8
bristol,DRIVE,E02003021,E02003100,9,9
bristol,DRIVE,E02003021,E02003106,9,10
bristol,DRIVE,E02003021,E02003107,9,11
bristol,DRIVE,E02003021,E02006887,9,12
bristol,DRIVE,E02003021,E02003098,9,13
bristol,DRIVE,E02003021,E02003026,9,14
bristol,DRIVE,E02003021,E02003068,9,15
bristol,DRIVE,E02003021,E02003024,9,16
bristol,DRIVE,E02003021,E02003025,9,17
bristol,DRIVE,E02003021,E02003037,9,18
bristol,DRIVE,E02003021,E02003041,9,19
bristol,DRIVE,E02003021,E02003031,9,20
bristol,DRIVE,E02003021,E02003034,9,21
bristol,DRIVE,E02003021,E02003032,9,22
bristol,DRIVE,E02003021,E02003108,9,23
bristol,DRIVE,E02003021,E02006889,9,24
bristol,DRIVE,E02003021,E02003117,9,25
bristol,DRIVE,E02003021,E02003121,9,26
bristol,DRIVE,E02003021,E02003046,9,27
bristol,DRIVE,E02003021,E02003049,9,28
bristol,DRIVE,E02003021,E02003050,9,29
bristol,DRIVE,E02003021,E02003054,9,30
bristol,DRIVE,E02003021,E02003047,9,31
bristol,DRIVE,E02003021,E02003052,9,32
bristol,DRIVE,E02003021,E02003056,9,33
bristol,DRIVE,E02003021,E02003057,9,34
bristol,DRIVE,E02003021,E02003059,9,35
bristol,DRIVE,E02003021,E02003058,9,36
bristol,DRIVE,E02003021,E02003053,9,37
bristol,DRIVE,E02003021,E02003060,9,38
bristol,DRIVE,E02003021,E02003063,9,39
bristol,DRIVE,E02003021,E02003064,9,40
bristol,DRIVE,E02003022,E02003012,10,0
bristol,DRIVE,E02003022,E02003013,10,1
bristol,DRIVE,E02003022,E02003014,10,2
bristol,DRIVE,E02003022,E02003015,10,3
bristol,DRIVE,E02003022,E02003017,10,4
bristol,DRIVE,E02003022,E02003019,10,5
bristol,DRIVE,E02003022,E02003020,10,6
bristol,DRIVE,E02003022,E02003043,10,7
bristol,DRIVE,E02003022,E02003094,10,8
bristol,DRIVE,E02003022,E02003100,10,9
bristol,DRIVE,E02003022,E02003106,10,10
bristol,DRIVE,E02003022,E02003107,10,11
bristol,DRIVE,E02003022,E02006887,10,12
bristol,DRIVE,E02003022,E02003098,10,13
bristol,DRIVE,E02003022,E02003026,10,14
bristol,DRIVE,E02003022,E02003068,10,15
bristol,DRIVE,E02003022,E02003024,10,16
bristol,DRIVE,E02003022,E02003025,10,17
bristol,DRIVE,E02003022,E02003037,10,18
bristol,DRIVE,E02003022,E02003041,10,19
bristol,DRIVE,E02003022,E02003031,10,20
bristol,DRIVE,E02003022,E02003034,10,21
bristol,DRIVE,E02003022,E02003032,10,22
bristol,DRIVE,E02003022,E02003108,10,23
bristol,DRIVE,E02003022,E02006889,10,24
bristol,DRIVE,E02003022,E02003117,10,25
bristol,DRIVE,E02003022,E02003121,10,26
bristol,DRIVE,E02003022,E02003046,10,27
bristol,DRIVE,E02003022,E02003049,10,28
bristol,DRIVE,E02003022,E02003050,10,29
bristol,DRIVE,E02003022,E02003054,10,30
bristol,DRIVE,E02003022,E02003047,10,31
bristol,DRIVE,E02003022,E02003052,10,32
bristol,DRIVE,E02003022,E02003056,10,33
bristol,DRIVE,E02003022,E02003057,10,34
bristol,DRIVE,E02003022,E02003059,10,35
bristol,DRIVE,E02003022,E02003058,10,36
bristol,DRIVE,E02003022,E02003053,10,37
bristol,DRIVE,E02003022,E02003060,10,38
bristol,DRIVE,E02003022,E02003063,10,39
bristol,DRIVE,E02003022,E02003064,10,40
bristol,DRIVE,E02003023,E02003012,11,0
bristol,DRIVE,E02003023,E02003013,11,1
bristol,DRIVE,E02003023,E02003014,11,2
bristol,DRIVE,E02003023,E02003015,11,3
bristol,DRIVE,E02003023,E02003017,11,4
bristol,DRIVE,E02003023,E02003019,11,5
bristol,DRIVE,E02003023,E02003020,11,6
bristol,DRIVE,E02003023,E02003043,11,7
bristol,DRIVE,E02003023,E02003094,11,8
bristol,DRIVE,E02003023,E02003100,11,9
bristol,DRIVE,E02003023,E02003106,11,10
bristol,DRIVE,E02003023,E02003107,11,11
bristol,DRIVE,E02003023,E02006887,11,12
bristol,DRIVE,E02003023,E02003098,11,13
bristol,DRIVE,E02003023,E02003026,11,14
bristol,DRIVE,E02003023,E02003068,11,15
bristol,DRIVE,E02003023,E02003024,11,16
bristol,DRIVE,E02003023,E02003025,11,17
bristol,DRIVE,E02003023,E02003037,11,18
bristol,DRIVE,E02003023,E02003041,11,19
bristol,DRIVE,E02003023,E02003031,11,20
bristol,DRIVE,E02003023,E02003034,11,21
bristol,DRIVE,E02003023,E02003032,11,22
bristol,DRIVE,E02003023,E02003108,11,23
bristol,DRIVE,E02003023,E02006889,11,24
bristol,DRIVE,E02003023,E02003117,11,25
bristol,DRIVE,E02003023,E02003121,11,26
bristol,DRIVE,E02003023,E02003046,11,27
bristol,DRIVE,E02003023,E02003049,11,28
bristol,DRIVE,E02003023,E02003050,11,29
bristol,DRIVE,E02003023,E02003054,11,30
bristol,DRIVE,E02003023,E02003047,11,31
bristol,DRIVE,E02003023,E02003052,11,32
bristol,DRIVE,E02003023,E02003056,11,33
bristol,DRIVE,E02003023,E02003057,11,34
bristol,DRIVE,E02003023,E02003059,11,35
bristol,DRIVE,E02003023,E02003058,11,36
bristol,DRIVE,E02003023,E02003053,11,37
bristol,DRIVE,E02003023,E02003060,11,38
bristol,DRIVE,E02003023,E02003063,11,39
bristol,DRIVE,E02003023,E02003064,11,40
bristol,DRIVE,E02003024,E02003012,12,0
bristol,DRIVE,E02003024,E02003013,12,1
bristol,DRIVE,E02003024,E02003014,12,2
bristol,DRIVE,E02003024,E02003015,12,3
bristol,DRIVE,E02003024,E02003017,12,4
bristol,DRIVE,E02003024,E02003019,12,5
bristol,DRIVE,E02003024,E02003020,12,6
bristol,DRIVE,E02003024,E02003043,12,7
bristol,DRIVE,E02003024,E02003094,12,8
bristol,DRIVE,E02003024,E02003100,12,9
bristol,DRIVE,E02003024,E02003106,12,10
bristol,DRIVE,E02003024,E02003107,12,11
bristol,DRIVE,E02003024,E02006887,12,12
bristol,DRIVE,E02003024,E02003098,12,13
bristol,DRIVE,E02003024,E02003026,12,14
bristol,DRIVE,E02003024,E02003068,12,15
bristol,DRIVE,E02003024,E02003024,12,16
bristol,DRIVE,E02003024,E02003025,12,17
bristol,DRIVE,E02003024,E02003037,12,18
bristol,DRIVE,E02003024,E02003041,12,19
bristol,DRIVE,E02003024,E02003031,12,20
bristol,DRIVE,E02003024,E02003034,12,21
bristol,DRIVE,E02003024,E02003032,12,22
bristol,DRIVE,E02003024,E02003108,12,23
bristol,DRIVE,E02003024,E02006889,12,24
bristol,DRIVE,E02003024,E02003117,12,25
bristol,DRIVE,E02003024,E02003121,12,26
bristol,DRIVE,E02003024,E02003046,12,27
bristol,DRIVE,E02003024,E02003049,12,28
bristol,DRIVE,E02003024,E02003050,12,29
bristol,DRIVE,E02003024,E02003054,12,30
bristol,DRIVE,E02003024,E02003047,12,31
bristol,DRIVE,E02003024,E02003052,12,32
bristol,DRIVE,E02003024,E02003056,12,33
bristol,DRIVE,E02003024,E02003057,12,34
bristol,DRIVE,E02003024,E02003059,12,35
bristol,DRIVE,E02003024,E02003058,12,36
bristol,DRIVE,E02003024,E02003053,12,37
bristol,DRIVE,E02003024,E02003060,12,38
bristol,DRIVE,E02003024,E02003063,12,39
bristol,DRIVE,E02003024,E02003064,12,40
bristol,DRIVE,E02003025,E02003012,13,0
bristol,DRIVE,E02003025,E02003013,13,1
bristol,DRIVE,E02003025,E02003014,13,2
bristol,DRIVE,E02003025,E02003015,13,3
bristol,DRIVE,E02003025,E02003017,13,4
bristol,DRIVE,E02003025,E02003019,13,5
bristol,DRIVE,E02003025,E02003020,13,6
bristol,DRIVE,E02003025,E02003043,13,7
bristol,DRIVE,E02003025,E02003094,13,8
bristol,DRIVE,E02003025,E02003100,13,9
bristol,DRIVE,E02003025,E02003106,13,10
bristol,DRIVE,E02003025,E02003107,13,11
bristol,DRIVE,E02003025,E02006887,13,12
bristol,DRIVE,E02003025,E02003098,13,13
bristol,DRIVE,E02003025,E02003026,13,14
bristol,DRIVE,E02003025,E02003068,13,15
bristol,DRIVE,E02003025,E02003024,13,16
bristol,DRIVE,E02003025,E02003025,13,17
bristol,DRIVE,E02003025,E02003037,13,18
bristol,DRIVE,E02003025,E02003041,13,19
bristol,DRIVE,E02003025,E02003031,13,20
bristol,DRIVE,E02003025,E02003034,13,21
bristol,DRIVE,E02003025,E02003032,13,22
bristol,DRIVE,E02003025,E02003108,13,23
bristol,DRIVE,E02003025,E02006889,13,24
bristol,DRIVE,E02003025,E02003117,13,25
bristol,DRIVE,E02003025,E02003121,13,26
bristol,DRIVE,E02003025,E02003046,13,27
bristol,DRIVE,E02003025,E02003049,13,28
bristol,DRIVE,E02003025,E02003050,13,29
bristol,DRIVE,E02003025,E02003054,13,30
bristol,DRIVE,E02003025,E02003047,13,31
bristol,DRIVE,E02003025,E02003052,13,32
bristol,DRIVE,E02003025,E02003056,13,33
bristol,DRIVE,E02003025,E02003057,13,34
bristol,DRIVE,E02003025,E02003059,13,35
bristol,DRIVE,E02003025,E02003058,13,36
bristol,DRIVE,E02003025,E02003053,13,37
bristol,DRIVE,E02003025,E02003060,13,38
bristol,DRIVE,E02003025,E02003063,13,39
bristol,DRIVE,E02003025,E02003064,13,40
bristol,DRIVE,E02003026,E02003012,14,0
bristol,DRIVE,E02003026,E02003013,14,1
bristol,DRIVE,E02003026,E02003014,14,2
bristol,DRIVE,E02003026,E02003015,14,3
bristol,DRIVE,E02003026,E02003017,14,4
bristol,DRIVE,E02003026,E02003019,14,5
bristol,DRIVE,E02003026,E02003020,14,6
bristol,DRIVE,E02003026,E02003043,14,7
bristol,DRIVE,E02003026,E02003094,14,8
bristol,DRIVE,E02003026,E02003100,14,9
bristol,DRIVE,E02003026,E02003106,14,10
bristol,DRIVE,E02003026,E02003107,14,11
bristol,DRIVE,E02003026,E02006887,14,12
bristol,DRIVE,E02003026,E02003098,14,13
bristol,DRIVE,E02003026,E02003026,14,14
bristol,DRIVE,E02003026,E02003068,14,15
bristol,DRIVE,E02003026,E02003024,14,16
bristol,DRIVE,E02003026,E02003025,14,17
bristol,DRIVE,E02003026,E02003037,14,18
bristol,DRIVE,E02003026,E02003041,14,19
bristol,DRIVE,E02003026,E02003031,14,20
bristol,DRIVE,E02003026,E02003034,14,21
bristol,DRIVE,E02003026,E02003032,14,22
bristol,DRIVE,E02003026,E02003108,14,23
bristol,DRIVE,E02003026,E02006889,14,24
bristol,DRIVE,E02003026,E02003117,14,25
bristol,DRIVE,E02003026,E02003121,14,26
bristol,DRIVE,E02003026,E02003046,14,27
bristol,DRIVE,E02003026,E02003049,14,28
bristol,DRIVE,E02003026,E02003050,14,29
bristol,DRIVE,E02003026,E02003054,14,30
bristol,DRIVE,E02003026,E02003047,14,31
bristol,DRIVE,E02003026,E02003052,14,32
bristol,DRIVE,E02003026,E02003056,14,33
bristol,DRIVE,E02003026,E02003057,14,34
bristol,DRIVE,E02003026,E02003059,14,35
bristol,DRIVE,E02003026,E02003058,14,36
bristol,DRIVE,E02003026,E02003053,14,37
bristol,DRIVE,E02003026,E02003060,14,38
bristol,DRIVE,E02003026,E02003063,14,39
bristol,DRIVE,E02003026,E02003064,14,40
bristol,DRIVE,E02003027,E02003012,15,0
bristol,DRIVE,E02003027,E02003013,15,1
bristol,DRIVE,E02003027,E02003014,15,2
bristol,DRIVE,E02003027,E02003015,15,3
bristol,DRIVE,E02003027,E02003017,15,4
bristol,DRIVE,E02003027,E02003019,15,5
bristol,DRIVE,E02003027,E02003020,15,6
bristol,DRIVE,E02003027,E02003043,15,7
bristol,DRIVE,E02003027,E02003094,15,8
bristol,DRIVE,E02003027,E02003100,15,9
bristol,DRIVE,E02003027,E02003106,15,10
bristol,DRIVE,E02003027,E02003107,15,11
bristol,DRIVE,E02003027,E02006887,15,12
bristol,DRIVE,E02003027,E02003098,15,13
bristol,DRIVE,E02003027,E02003026,15,14
bristol,DRIVE,E02003027,E02003068,15,15
bristol,DRIVE,E02003027,E02003024,15,16
bristol,DRIVE,E02003027,E02003025,15,17
bristol,DRIVE,E02003027,E02003037,15,18
bristol,DRIVE,E02003027,E02003041,15,19
bristol,DRIVE,E02003027,E02003031,15,20
bristol,DRIVE,E02003027,E02003034,15,21
bristol,DRIVE,E02003027,E02003032,15,22
bristol,DRIVE,E02003027,E02003108,15,23
bristol,DRIVE,E02003027,E02006889,15,24
bristol,DRIVE,E02003027,E02003117,15,25
bristol,DRIVE,E02003027,E02003121,15,26
bristol,DRIVE,E02003027,E02003046,15,27
bristol,DRIVE,E02003027,E02003049,15,28
bristol,DRIVE,E02003027,E02003050,15,29
bristol,DRIVE,E02003027,E02003054,15,30
bristol,DRIVE,E02003027,E02003047,15,31
bristol,DRIVE,E02003027,E02003052,15,32
bristol,DRIVE,E02003027,E02003056,15,33
bristol,DRIVE,E02003027,E02003057,15,34
bristol,DRIVE,E02003027,E02003059,15,35
bristol,DRIVE,E02003027,E02003058,15,36
bristol,DRIVE,E02003027,E02003053,15,37
bristol,DRIVE,E02003027,E02003060,15,38
bristol,DRIVE,E02003027,E02003063,15,39
bristol,DRIVE,E02003027,E02003064,15,40
bristol,DRIVE,E02003028,E02003012,16,0
bristol,DRIVE,E02003028,E02003013,16,1
bristol,DRIVE,E02003028,E02003014,16,2
bristol,DRIVE,E02003028,E02003015,16,3
bristol,DRIVE,E02003028,E02003017,16,4
bristol,DRIVE,E02003028,E02003019,16,5
bristol,DRIVE,E02003028,E02003020,16,6
bristol,DRIVE,E02003028,E02003043,16,7
bristol,DRIVE,E02003028,E02003094,16,8
bristol,DRIVE,E02003028,E02003100,16,9
bristol,DRIVE,E02003028,E02003106,16,10
bristol,DRIVE,E02003028,E02003107,16,11
bristol,DRIVE,E02003028,E02006887,16,12
bristol,DRIVE,E02003028,E02003098,16,13
bristol,DRIVE,E02003028,E02003026,16,14
bristol,DRIVE,E02003028,E02003068,16,15
bristol,DRIVE,E02003028,E02003024,16,16
bristol,DRIVE,E02003028,E02003025,16,17
bristol,DRIVE,E02003028,E02003037,16,18
bristol,DRIVE,E02003028,E02003041,16,19
bristol,DRIVE,E02003028,E02003031,16,20
bristol,DRIVE,E02003028,E02003034,16,21
bristol,DRIVE,E02003028,E02003032,16,22
bristol,DRIVE,E02003028,E02003108,16,23
bristol,DRIVE,E02003028,E02006889,16,24
bristol,DRIVE,E02003028,E02003117,16,25
bristol,DRIVE,E02003028,E02003121,16,26
bristol,DRIVE,E02003028,E02003046,16,27
bristol,DRIVE,E02003028,E02003049,16,28
bristol,DRIVE,E02003028,E02003050,16,29
bristol,DRIVE,E02003028,E02003054,16,30
bristol,DRIVE,E02003028,E02003047,16,31
bristol,DRIVE,E02003028,E02003052,16,32
bristol,DRIVE,E02003028,E02003056,16,33
bristol,DRIVE,E02003028,E02003057,16,34
bristol,DRIVE,E02003028,E02003059,16,35
bristol,DRIVE,E02003028,E02003058,16,36
bristol,DRIVE,E02003028,E02003053,16,37
bristol,DRIVE,E02003028,E02003060,16,38
bristol,DRIVE,E02003028,E02003063,16,39
bristol,DRIVE,E02003028,E02003064,16,40
bristol,DRIVE,E02003029,E02003012,17,0
bristol,DRIVE,E02003029,E02003013,17,1
bristol,DRIVE,E02003029,E02003014,17,2
bristol,DRIVE,E02003029,E02003015,17,3
bristol,DRIVE,E02003029,E02003017,17,4
bristol,DRIVE,E02003029,E02003019,17,5
bristol,DRIVE,E02003029,E02003020,17,6
bristol,DRIVE,E02003029,E02003043,17,7
bristol,DRIVE,E02003029,E02003094,17,8
bristol,DRIVE,E02003029,E02003100,17,9
bristol,DRIVE,E02003029,E02003106,17,10
bristol,DRIVE,E02003029,E02003107,17,11
bristol,DRIVE,E02003029,E02006887,17,12
bristol,DRIVE,E02003029,E02003098,17,13
bristol,DRIVE,E02003029,E02003026,17,14
bristol,DRIVE,E02003029,E02003068,17,15
bristol,DRIVE,E02003029,E02003024,17,16
bristol,DRIVE,E02003029,E02003025,17,17
bristol,DRIVE,E02003029,E02003037,17,18
bristol,DRIVE,E02003029,E02003041,17,19
bristol,DRIVE,E02003029,E02003031,17,20
bristol,DRIVE,E02003029,E02003034,17,21
bristol,DRIVE,E02003029,E02003032,17,22
bristol,DRIVE,E02003029,E02003108,17,23
bristol,DRIVE,E02003029,E02006889,17,24
bristol,DRIVE,E02003029,E02003117,17,25
bristol,DRIVE,E02003029,E02003121,17,26
bristol,DRIVE,E02003029,E02003046,17,27
bristol,DRIVE,E02003029,E02003049,17,28
bristol,DRIVE,E02003029,E02003050,17,29
bristol,DRIVE,E02003029,E02003054,17,30
bristol,DRIVE,E02003029,E02003047,17,31
bristol,DRIVE,E02003029,E02003052,17,32
bristol,DRIVE,E02003029,E02003056,17,33
bristol,DRIVE,E02003029,E02003057,17,34
bristol,DRIVE,E02003029,E02003059,17,35
bristol,DRIVE,E02003029,E02003058,17,36
bristol,DRIVE,E02003029,E02003053,17,37
bristol,DRIVE,E02003029,E02003060,17,38
bristol,DRIVE,E02003029,E02003063,17,39
bristol,DRIVE,E02003029,E02003064,17,40
bristol,DRIVE,E02003030,E02003012,18,0
bristol,DRIVE,E02003030,E02003013,18,1
bristol,DRIVE,E02003030,E02003014,18,2
bristol,DRIVE,E02003030,E02003015,18,3
bristol,DRIVE,E02003030,E02003017,18,4
bristol,DRIVE,E02003030,E02003019,18,5
bristol,DRIVE,E02003030,E02003020,18,6
bristol,DRIVE,E02003030,E02003043,18,7
bristol,DRIVE,E02003030,E02003094,18,8
bristol,DRIVE,E02003030,E02003100,18,9
bristol,DRIVE,E02003030,E02003106,18,10
bristol,DRIVE,E02003030,E02003107,18,11
bristol,DRIVE,E02003030,E02006887,18,12
bristol,DRIVE,E02003030,E02003098,18,13
bristol,DRIVE,E02003030,E02003026,18,14
bristol,DRIVE,E02003030,E02003068,18,15
bristol,DRIVE,E02003030,E02003024,18,16
bristol,DRIVE,E02003030,E02003025,18,17
bristol,DRIVE,E02003030,E02003037,18,18
bristol,DRIVE,E02003030,E02003041,18,19
bristol,DRIVE,E02003030,E02003031,18,20
bristol,DRIVE,E02003030,E02003034,18,21
bristol,DRIVE,E02003030,E02003032,18,22
bristol,DRIVE,E02003030,E02003108,18,23
bristol,DRIVE,E02003030,E02006889,18,24
bristol,DRIVE,E02003030,E02003117,18,25
bristol,DRIVE,E02003030,E02003121,18,26
bristol,DRIVE,E02003030,E02003046,18,27
bristol,DRIVE,E02003030,E02003049,18,28
bristol,DRIVE,E02003030,E02003050,18,29
bristol,DRIVE,E02003030,E02003054,18,30
bristol,DRIVE,E02003030,E02003047,18,31
bristol,DRIVE,E02003030,E02003052,18,32
bristol,DRIVE,E02003030,E02003056,18,33
bristol,DRIVE,E02003030,E02003057,18,34
bristol,DRIVE,E02003030,E02003059,18,35
bristol,DRIVE,E02003030,E02003058,18,36
bristol,DRIVE,E02003030,E02003053,18,37
bristol,DRIVE,E02003030,E02003060,18,38
bristol,DRIVE,E02003030,E02003063,18,39
bristol,DRIVE,E02003030,E02003064,18,40
bristol,DRIVE,E02003031,E02003012,19,0
bristol,DRIVE,E02003031,E02003013,19,1
bristol,DRIVE,E02003031,E02003014,19,2
bristol,DRIVE,E02003031,E02003015,19,3
bristol,DRIVE,E02003031,E02003017,19,4
bristol,DRIVE,E02003031,E02003019,19,5
bristol,DRIVE,E02003031,E02003020,19,6
bristol,DRIVE,E02003031,E02003043,19,7
bristol,DRIVE,E02003031,E02003094,19,8
bristol,DRIVE,E02003031,E02003100,19,9
bristol,DRIVE,E02003031,E02003106,19,10
bristol,DRIVE,E02003031,E02003107,19,11
bristol,DRIVE,E02003031,E02006887,19,12
bristol,DRIVE,E02003031,E02003098,19,13
bristol,DRIVE,E02003031,E02003026,19,14
bristol,DRIVE,E02003031,E02003068,19,15
bristol,DRIVE,E02003031,E02003024,19,16
bristol,DRIVE,E02003031,E02003025,19,17
bristol,DRIVE,E02003031,E02003037,19,18
bristol,DRIVE,E02003031,E02003041,19,19
bristol,DRIVE,E02003031,E02003031,19,20
bristol,DRIVE,E02003031,E02003034,19,21
bristol,DRIVE,E02003031,E02003032,19,22
bristol,DRIVE,E02003031,E02003108,19,23
bristol,DRIVE,E02003031,E02006889,19,24
bristol,DRIVE,E02003031,E02003117,19,25
bristol,DRIVE,E02003031,E02003121,19,26
bristol,DRIVE,E02003031,E02003046,19,27
bristol,DRIVE,E02003031,E02003049,19,28
bristol,DRIVE,E02003031,E02003050,19,29
bristol,DRIVE,E02003031,E02003054,19,30
bristol,DRIVE,E02003031,E02003047,19,31
bristol,DRIVE,E02003031,E02003052,19,32
bristol,DRIVE,E02003031,E02003056,19,33
bristol,DRIVE,E02003031,E02003057,19,34
bristol,DRIVE,E02003031,E02003059,19,35
bristol,DRIVE,E02003031,E02003058,19,36
bristol,DRIVE,E02003031,E02003053,19,37
bristol,DRIVE,E02003031,E02003060,19,38
bristol,DRIVE,E02003031,E02003063,19,39
bristol,DRIVE,E02003031,E02003064,19,40
bristol,DRIVE,E02003032,E02003012,20,0
bristol,DRIVE,E02003032,E02003013,20,1
bristol,DRIVE,E02003032,E02003014,20,2
bristol,DRIVE,E02003032,E02003015,20,3
bristol,DRIVE,E02003032,E02003017,20,4
bristol,DRIVE,E02003032,E02003019,20,5
bristol,DRIVE,E02003032,E02003020,20,6
bristol,DRIVE,E02003032,E02003043,20,7
bristol,DRIVE,E02003032,E02003094,20,8
bristol,DRIVE,E02003032,E02003100,20,9
bristol,DRIVE,E02003032,E02003106,20,10
bristol,DRIVE,E02003032,E02003107,20,11
bristol,DRIVE,E02003032,E02006887,20,12
bristol,DRIVE,E02003032,E02003098,20,13
bristol,DRIVE,E02003032,E02003026,20,14
bristol,DRIVE,E02003032,E02003068,20,15
bristol,DRIVE,E02003032,E02003024,20,16
bristol,DRIVE,E02003032,E02003025,20,17
bristol,DRIVE,E02003032,E02003037,20,18
bristol,DRIVE,E02003032,E02003041,20,19
bristol,DRIVE,E02003032,E02003031,20,20
bristol,DRIVE,E02003032,E02003034,20,21
bristol,DRIVE,E02003032,E02003032,20,22
bristol,DRIVE,E02003032,E02003108,20,23
bristol,DRIVE,E02003032,E02006889,20,24
bristol,DRIVE,E02003032,E02003117,20,25
bristol,DRIVE,E02003032,E02003121,20,26
bristol,DRIVE,E02003032,E02003046,20,27
bristol,DRIVE,E02003032,E02003049,20,28
bristol,DRIVE,E02003032,E02003050,20,29
bristol,DRIVE,E02003032,E02003054,20,30
bristol,DRIVE,E02003032,E02003047,20,31
bristol,DRIVE,E02003032,E02003052,20,32
bristol,DRIVE,E02003032,E02003056,20,33
bristol,DRIVE,E02003032,E02003057,20,34
bristol,DRIVE,E02003032,E02003059,20,35
bristol,DRIVE,E02003032,E02003058,20,36
bristol,DRIVE,E02003032,E02003053,20,37
bristol,DRIVE,E02003032,E02003060,20,38
bristol,DRIVE,E02003032,E02003063,20,39
bristol,DRIVE,E02003032,E02003064,20,40
bristol,DRIVE,E02003033,E02003012,21,0
bristol,DRIVE,E02003033,E02003013,21,1
bristol,DRIVE,E02003033,E02003014,21,2
bristol,DRIVE,E02003033,E02003015,21,3
bristol,DRIVE,E02003033,E02003017,21,4
bristol,DRIVE,E02003033,E02003019,21,5
bristol,DRIVE,E02003033,E02003020,21,6
bristol,DRIVE,E02003033,E02003043,21,7
bristol,DRIVE,E02003033,E02003094,21,8
bristol,DRIVE,E02003033,E02003100,21,9
bristol,DRIVE,E02003033,E02003106,21,10
bristol,DRIVE,E02003033,E02003107,21,11
bristol,DRIVE,E02003033,E02006887,21,12
bristol,DRIVE,E02003033,E02003098,21,13
bristol,DRIVE,E02003033,E02003026,21,14
bristol,DRIVE,E02003033,E02003068,21,15
bristol,DRIVE,E02003033,E02003024,21,16
bristol,DRIVE,E02003033,E02003025,21,17
bristol,DRIVE,E02003033,E02003037,21,18
bristol,DRIVE,E02003033,E02003041,21,19
bristol,DRIVE,E02003033,E02003031,21,20
bristol,DRIVE,E02003033,E02003034,21,21
bristol,DRIVE,E02003033,E02003032,21,22
bristol,DRIVE,E02003033,E02003108,21,23
bristol,DRIVE,E02003033,E02006889,21,24
bristol,DRIVE,E02003033,E02003117,21,25
bristol,DRIVE,E02003033,E02003121,21,26
bristol,DRIVE,E02003033,E02003046,21,27
bristol,DRIVE,E02003033,E02003049,21,28
bristol,DRIVE,E02003033,E02003050,21,29
bristol,DRIVE,E02003033,E02003054,21,30
bristol,DRIVE,E02003033,E02003047,21,31
bristol,DRIVE,E02003033,E02003052,21,32
bristol,DRIVE,E02003033,E02003056,21,33
bristol,DRIVE,E02003033,E02003057,21,34
bristol,DRIVE,E02003033,E02003059,21,35
bristol,DRIVE,E02003033,E02003058,21,36
bristol,DRIVE,E02003033,E02003053,21,37
bristol,DRIVE,E02003033,E02003060,21,38
bristol,DRIVE,E02003033,E02003063,21,39
bristol,DRIVE,E02003033,E02003064,21,40
bristol,DRIVE,E02003034,E02003012,22,0
bristol,DRIVE,E02003034,E02003013,22,1
bristol,DRIVE,E02003034,E02003014,22,2
bristol,DRIVE,E02003034,E02003015,22,3
bristol,DRIVE,E02003034,E02003017,22,4
bristol,DRIVE,E02003034,E02003019,22,5
bristol,DRIVE,E02003034,E02003020,22,6
bristol,DRIVE,E02003034,E02003043,22,7
bristol,DRIVE,E02003034,E02003094,22,8
bristol,DRIVE,E02003034,E02003100,22,9
bristol,DRIVE,E02003034,E02003106,22,10
bristol,DRIVE,E02003034,E02003107,22,11
bristol,DRIVE,E02003034,E02006887,22,12
bristol,DRIVE,E02003034,E02003098,22,13
bristol,DRIVE,E02003034,E02003026,22,14
bristol,DRIVE,E02003034,E02003068,22,15
bristol,DRIVE,E02003034,E02003024,22,16
bristol,DRIVE,E02003034,E02003025,22,17
bristol,DRIVE,E02003034,E02003037,22,18
bristol,DRIVE,E02003034,E02003041,22,19
bristol,DRIVE,E02003034,E02003031,22,20
bristol,DRIVE,E02003034,E02003034,22,21
bristol,DRIVE,E02003034,E02003032,22,22
bristol,DRIVE,E02003034,E02003108,22,23
bristol,DRIVE,E02003034,E02006889,22,24
bristol,DRIVE,E02003034,E02003117,22,25
bristol,DRIVE,E02003034,E02003121,22,26
bristol,DRIVE,E02003034,E02003046,22,27
bristol,DRIVE,E02003034,E02003049,22,28
bristol,DRIVE,E02003034,E02003050,22,29
bristol,DRIVE,E02003034,E02003054,22,30
bristol,DRIVE,E02003034,E02003047,22,31
bristol,DRIVE,E02003034,E02003052,22,32
bristol,DRIVE,E02003034,E02003056,22,33
bristol,DRIVE,E02003034,E02003057,22,34
bristol,DRIVE,E02003034,E02003059,22,35
bristol,DRIVE,E02003034,E02003058,22,36
bristol,DRIVE,E02003034,E02003053,22,37
bristol,DRIVE,E02003034,E02003060,22,38
bristol,DRIVE,E02003034,E02003063,22,39
bristol,DRIVE,E02003034,E02003064,22,40
bristol,DRIVE,E02003036,E02003012,23,0
bristol,DRIVE,E02003036,E02003013,23,1
bristol,DRIVE,E02003036,E02003014,23,2
bristol,DRIVE,E02003036,E02003015,23,3
bristol,DRIVE,E02003036,E02003017,23,4
bristol,DRIVE,E02003036,E02003019,23,5
bristol,DRIVE,E02003036,E02003020,23,6
bristol,DRIVE,E02003036,E02003043,23,7
bristol,DRIVE,E02003036,E02003094,23,8
bristol,DRIVE,E02003036,E02003100,23,9
bristol,DRIVE,E02003036,E02003106,23,10
bristol,DRIVE,E02003036,E02003107,23,11
bristol,DRIVE,E02003036,E02006887,23,12
bristol,DRIVE,E02003036,E02003098,23,13
bristol,DRIVE,E02003036,E02003026,23,14
bristol,DRIVE,E02003036,E02003068,23,15
bristol,DRIVE,E02003036,E02003024,23,16
bristol,DRIVE,E02003036,E02003025,23,17
bristol,DRIVE,E02003036,E02003037,23,18
bristol,DRIVE,E02003036,E02003041,23,19
bristol,DRIVE,E02003036,E02003031,23,20
bristol,DRIVE,E02003036,E02003034,23,21
bristol,DRIVE,E02003036,E02003032,23,22
bristol,DRIVE,E02003036,E02003108,23,23
bristol,DRIVE,E02003036,E02006889,23,24
bristol,DRIVE,E02003036,E02003117,23,25
bristol,DRIVE,E02003036,E02003121,23,26
bristol,DRIVE,E02003036,E02003046,23,27
bristol,DRIVE,E02003036,E02003049,23,28
bristol,DRIVE,E02003036,E02003050,23,29
bristol,DRIVE,E02003036,E02003054,23,30
bristol,DRIVE,E02003036,E02003047,23,31
bristol,DRIVE,E02003036,E02003052,23,32
bristol,DRIVE,E02003036,E02003056,23,33
bristol,DRIVE,E02003036,E02003057,23,34
bristol,DRIVE,E02003036,E02003059,23,35
bristol,DRIVE,E02003036,E02003058,23,36
bristol,DRIVE,E02003036,E02003053,23,37
bristol,DRIVE,E02003036,E02003060,23,38
bristol,DRIVE,E02003036,E02003063,23,39
bristol,DRIVE,E02003036,E02003064,23,40
bristol,DRIVE,E02003037,E02003012,24,0
bristol,DRIVE,E02003037,E02003013,24,1
bristol,DRIVE,E02003037,E02003014,24,2
bristol,DRIVE,E02003037,E02003015,24,3
bristol,DRIVE,E02003037,E02003017,24,4
bristol,DRIVE,E02003037,E02003019,24,5
bristol,DRIVE,E02003037,E02003020,24,6
bristol,DRIVE,E02003037,E02003043,24,7
bristol,DRIVE,E02003037,E02003094,24,8
bristol,DRIVE,E02003037,E02003100,24,9
bristol,DRIVE,E02003037,E02003106,24,10
bristol,DRIVE,E02003037,E02003107,24,11
bristol,DRIVE,E02003037,E02006887,24,12
bristol,DRIVE,E02003037,E02003098,24,13
bristol,DRIVE,E02003037,E02003026,24,14
bristol,DRIVE,E02003037,E02003068,24,15
bristol,DRIVE,E02003037,E02003024,24,16
bristol,DRIVE,E02003037,E02003025,24,17
bristol,DRIVE,E02003037,E02003037,24,18
bristol,DRIVE,E02003037,E02003041,24,19
bristol,DRIVE,E02003037,E02003031,24,20
bristol,DRIVE,E02003037,E02003034,24,21
bristol,DRIVE,E02003037,E02003032,24,22
bristol,DRIVE,E02003037,E02003108,24,23
bristol,DRIVE,E02003037,E02006889,24,24
bristol,DRIVE,E02003037,E02003117,24,25
bristol,DRIVE,E02003037,E02003121,24,26
bristol,DRIVE,E02003037,E02003046,24,27
bristol,DRIVE,E02003037,E02003049,24,28
bristol,DRIVE,E02003037,E02003050,24,29
bristol,DRIVE,E02003037,E02003054,24,30
bristol,DRIVE,E02003037,E02003047,24,31
bristol,DRIVE,E02003037,E02003052,24,32
bristol,DRIVE,E02003037,E02003056,24,33
bristol,DRIVE,E02003037,E02003057,24,34
bristol,DRIVE,E02003037,E02003059,24,35
bristol,DRIVE,E02003037,E02003058,24,36
bristol,DRIVE,E02003037,E02003053,24,37
bristol,DRIVE,E02003037,E02003060,24,38
bristol,DRIVE,E02003037,E02003063,24,39
bristol,DRIVE,E02003037,E02003064,24,40
bristol,DRIVE,E02003038,E02003012,25,0
bristol,DRIVE,E02003038,E02003013,25,1
bristol,DRIVE,E02003038,E02003014,25,2
bristol,DRIVE,E02003038,E02003015,25,3
bristol,DRIVE,E02003038,E02003017,25,4
bristol,DRIVE,E02003038,E02003019,25,5
bristol,DRIVE,E02003038,E02003020,25,6
bristol,DRIVE,E02003038,E02003043,25,7
bristol,DRIVE,E02003038,E02003094,25,8
bristol,DRIVE,E02003038,E02003100,25,9
bristol,DRIVE,E02003038,E02003106,25,10
bristol,DRIVE,E02003038,E02003107,25,11
bristol,DRIVE,E02003038,E02006887,25,12
bristol,DRIVE,E02003038,E02003098,25,13
bristol,DRIVE,E02003038,E02003026,25,14
bristol,DRIVE,E02003038,E02003068,25,15
bristol,DRIVE,E02003038,E02003024,25,16
bristol,DRIVE,E02003038,E02003025,25,17
bristol,DRIVE,E02003038,E02003037,25,18
bristol,DRIVE,E02003038,E02003041,25,19
bristol,DRIVE,E02003038,E02003031,25,20
bristol,DRIVE,E02003038,E02003034,25,21
bristol,DRIVE,E02003038,E02003032,25,22
bristol,DRIVE,E02003038,E02003108,25,23
bristol,DRIVE,E02003038,E02006889,25,24
bristol,DRIVE,E02003038,E02003117,25,25
bristol,DRIVE,E02003038,E02003121,25,26
bristol,DRIVE,E02003038,E02003046,25,27
bristol,DRIVE,E02003038,E02003049,25,28
bristol,DRIVE,E02003038,E02003050,25,29
bristol,DRIVE,E02003038,E02003054,25,30
bristol,DRIVE,E02003038,E02003047,25,31
bristol,DRIVE,E02003038,E02003052,25,32
bristol,DRIVE,E02003038,E02003056,25,33
bristol,DRIVE,E02003038,E02003057,25,34
bristol,DRIVE,E02003038,E02003059,25,35
bristol,DRIVE,E02003038,E02003058,25,36
bristol,DRIVE,E02003038,E02003053,25,37
bristol,DRIVE,E02003038,E02003060,25,38
bristol,DRIVE,E02003038,E02003063,25,39
bristol,DRIVE,E02003038,E02003064,25,40
bristol,DRIVE,E02003039,E02003012,26,0
bristol,DRIVE,E02003039,E02003013,26,1
bristol,DRIVE,E02003039,E02003014,26,2
bristol,DRIVE,E02003039,E02003015,26,3
bristol,DRIVE,E02003039,E02003017,26,4
bristol,DRIVE,E02003039,E02003019,26,5
bristol,DRIVE,E02003039,E02003020,26,6
bristol,DRIVE,E02003039,E02003043,26,7
bristol,DRIVE,E02003039,E02003094,26,8
bristol,DRIVE,E02003039,E02003100,26,9
bristol,DRIVE,E02003039,E02003106,26,10
bristol,DRIVE,E02003039,E02003107,26,11
bristol,DRIVE,E02003039,E02006887,26,12
bristol,DRIVE,E02003039,E02003098,26,13
bristol,DRIVE,E02003039,E02003026,26,14
bristol,DRIVE,E02003039,E02003068,26,15
bristol,DRIVE,E02003039,E02003024,26,16
bristol,DRIVE,E02003039,E02003025,26,17
bristol,DRIVE,E02003039,E02003037,26,18
bristol,DRIVE,E02003039,E02003041,26,19
bristol,DRIVE,E02003039,E02003031,26,20
bristol,DRIVE,E02003039,E02003034,26,21
bristol,DRIVE,E02003039,E02003032,26,22
bristol,DRIVE,E02003039,E02003108,26,23
bristol,DRIVE,E02003039,E02006889,26,24
bristol,DRIVE,E02003039,E02003117,26,25
bristol,DRIVE,E02003039,E02003121,26,26
bristol,DRIVE,E02003039,E02003046,26,27
bristol,DRIVE,E02003039,E02003049,26,28
bristol,DRIVE,E02003039,E02003050,26,29
bristol,DRIVE,E02003039,E02003054,26,30
bristol,DRIVE,E02003039,E02003047,26,31
bristol,DRIVE,E02003039,E02003052,26,32
bristol,DRIVE,E02003039,E02003056,26,33
bristol,DRIVE,E02003039,E02003057,26,34
bristol,DRIVE,E02003039,E02003059,26,35
bristol,DRIVE,E02003039,E02003058,26,36
bristol,DRIVE,E02003039,E02003053,26,37
bristol,DRIVE,E02003039,E02003060,26,38
bristol,DRIVE,E02003039,E02003063,26,39
bristol,DRIVE,E02003039,E02003064,26,40
bristol,DRIVE,E02003040,E02003012,27,0
bristol,DRIVE,E02003040,E02003013,27,1
bristol,DRIVE,E02003040,E02003014,27,2
bristol,DRIVE,E02003040,E02003015,27,3
bristol,DRIVE,E02003040,E02003017,27,4
bristol,DRIVE,E02003040,E02003019,27,5
bristol,DRIVE,E02003040,E02003020,27,6
bristol,DRIVE,E02003040,E02003043,27,7
bristol,DRIVE,E02003040,E02003094,27,8
bristol,DRIVE,E02003040,E02003100,27,9
bristol,DRIVE,E02003040,E02003106,27,10
bristol,DRIVE,E02003040,E02003107,27,11
bristol,DRIVE,E02003040,E02006887,27,12
bristol,DRIVE,E02003040,E02003098,27,13
bristol,DRIVE,E02003040,E02003026,27,14
bristol,DRIVE,E02003040,E02003068,27,15
bristol,DRIVE,E02003040,E02003024,27,16
bristol,DRIVE,E02003040,E02003025,27,17
bristol,DRIVE,E02003040,E02003037,27,18
bristol,DRIVE,E02003040,E02003041,27,19
bristol,DRIVE,E02003040,E02003031,27,20
bristol,DRIVE,E02003040,E02003034,27,21
bristol,DRIVE,E02003040,E02003032,27,22
bristol,DRIVE,E02003040,E02003108,27,23
bristol,DRIVE,E02003040,E02006889,27,24
bristol,DRIVE,E02003040,E02003117,27,25
bristol,DRIVE,E02003040,E02003121,27,26
bristol,DRIVE,E02003040,E02003046,27,27
bristol,DRIVE,E02003040,E02003049,27,28
bristol,DRIVE,E02003040,E02003050,27,29
bristol,DRIVE,E02003040,E02003054,27,30
bristol,DRIVE,E02003040,E02003047,27,31
bristol,DRIVE,E02003040,E02003052,27,32
bristol,DRIVE,E02003040,E02003056,27,33
bristol,DRIVE,E02003040,E02003057,27,34
bristol,DRIVE,E02003040,E02003059,27,35
bristol,DRIVE,E02003040,E02003058,27,36
bristol,DRIVE,E02003040,E02003053,27,37
bristol,DRIVE,E02003040,E02003060,27,38
bristol,DRIVE,E02003040,E02003063,27,39
bristol,DRIVE,E02003040,E02003064,27,40
bristol,DRIVE,E02003041,E02003012,28,0
bristol,DRIVE,E02003041,E02003013,28,1
bristol,DRIVE,E02003041,E02003014,28,2
bristol,DRIVE,E02003041,E02003015,28,3
bristol,DRIVE,E02003041,E02003017,28,4
bristol,DRIVE,E02003041,E02003019,28,5
bristol,DRIVE,E02003041,E02003020,28,6
bristol,DRIVE,E02003041,E02003043,28,7
bristol,DRIVE,E02003041,E02003094,28,8
bristol,DRIVE,E02003041,E02003100,28,9
bristol,DRIVE,E02003041,E02003106,28,10
bristol,DRIVE,E02003041,E02003107,28,11
bristol,DRIVE,E02003041,E02006887,28,12
bristol,DRIVE,E02003041,E02003098,28,13
bristol,DRIVE,E02003041,E02003026,28,14
bristol,DRIVE,E02003041,E02003068,28,15
bristol,DRIVE,E02003041,E02003024,28,16
bristol,DRIVE,E02003041,E02003025,28,17
bristol,DRIVE,E02003041,E02003037,28,18
bristol,DRIVE,E02003041,E02003041,28,19
bristol,DRIVE,E02003041,E02003031,28,20
bristol,DRIVE,E02003041,E02003034,28,21
bristol,DRIVE,E02003041,E02003032,28,22
bristol,DRIVE,E02003041,E02003108,28,23
bristol,DRIVE,E02003041,E02006889,28,24
bristol,DRIVE,E02003041,E02003117,28,25
bristol,DRIVE,E02003041,E02003121,28,26
bristol,DRIVE,E02003041,E02003046,28,27
bristol,DRIVE,E02003041,E02003049,28,28
bristol,DRIVE,E02003041,E02003050,28,29
bristol,DRIVE,E02003041,E02003054,28,30
bristol,DRIVE,E02003041,E02003047,28,31
bristol,DRIVE,E02003041,E02003052,28,32
bristol,DRIVE,E02003041,E02003056,28,33
bristol,DRIVE,E02003041,E02003057,28,34
bristol,DRIVE,E02003041,E02003059,28,35
bristol,DRIVE,E02003041,E02003058,28,36
bristol,DRIVE,E02003041,E02003053,28,37
bristol,DRIVE,E02003041,E02003060,28,38
bristol,DRIVE,E02003041,E02003063,28,39
bristol,DRIVE,E02003041,E02003064,28,40
bristol,DRIVE,E02003043,E02003012,29,0
bristol,DRIVE,E02003043,E02003013,29,1
bristol,DRIVE,E02003043,E02003014,29,2
bristol,DRIVE,E02003043,E02003015,29,3
bristol,DRIVE,E02003043,E02003017,29,4
bristol,DRIVE,E02003043,E02003019,29,5
bristol,DRIVE,E02003043,E02003020,29,6
bristol,DRIVE,E02003043,E02003043,29,7
bristol,DRIVE,E02003043,E02003094,29,8
bristol,DRIVE,E02003043,E02003100,29,9
bristol,DRIVE,E02003043,E02003106,29,10
bristol,DRIVE,E02003043,E02003107,29,11
bristol,DRIVE,E02003043,E02006887,29,12
bristol,DRIVE,E02003043,E02003098,29,13
bristol,DRIVE,E02003043,E02003026,29,14
bristol,DRIVE,E02003043,E02003068,29,15
bristol,DRIVE,E02003043,E02003024,29,16
bristol,DRIVE,E02003043,E02003025,29,17
bristol,DRIVE,E02003043,E02003037,29,18
bristol,DRIVE,E02003043,E02003041,29,19
bristol,DRIVE,E02003043,E02003031,29,20
bristol,DRIVE,E02003043,E02003034,29,21
bristol,DRIVE,E02003043,E02003032,29,22
bristol,DRIVE,E02003043,E02003108,29,23
bristol,DRIVE,E02003043,E02006889,29,24
bristol,DRIVE,E02003043,E02003117,29,25
bristol,DRIVE,E02003043,E02003121,29,26
bristol,DRIVE,E02003043,E02003046,29,27
bristol,DRIVE,E02003043,E02003049,29,28
bristol,DRIVE,E02003043,E02003050,29,29
bristol,DRIVE,E02003043,E02003054,29,30
bristol,DRIVE,E02003043,E02003047,29,31
bristol,DRIVE,E02003043,E02003052,29,32
bristol,DRIVE,E02003043,E02003056,29,33
bristol,DRIVE,E02003043,E02003057,29,34
bristol,DRIVE,E02003043,E02003059,29,35
bristol,DRIVE,E02003043,E02003058,29,36
bristol,DRIVE,E02003043,E02003053,29,37
bristol,DRIVE,E02003043,E02003060,29,38
bristol,DRIVE,E02003043,E02003063,29,39
bristol,DRIVE,E02003043,E02003064,29,40
bristol,DRIVE,E02003044,E02003012,30,0
bristol,DRIVE,E02003044,E02003013,30,1
bristol,DRIVE,E02003044,E02003014,30,2
bristol,DRIVE,E02003044,E02003015,30,3
bristol,DRIVE,E02003044,E02003017,30,4
bristol,DRIVE,E02003044,E02003019,30,5
bristol,DRIVE,E02003044,E02003020,30,6
bristol,DRIVE,E02003044,E02003043,30,7
bristol,DRIVE,E02003044,E02003094,30,8
bristol,DRIVE,E02003044,E02003100,30,9
bristol,DRIVE,E02003044,E02003106,30,10
bristol,DRIVE,E02003044,E02003107,30,11
bristol,DRIVE,E02003044,E02006887,30,12
bristol,DRIVE,E02003044,E02003098,30,13
bristol,DRIVE,E02003044,E02003026,30,14
bristol,DRIVE,E02003044,E02003068,30,15
bristol,DRIVE,E02003044,E02003024,30,16
bristol,DRIVE,E02003044,E02003025,30,17
bristol,DRIVE,E02003044,E02003037,30,18
bristol,DRIVE,E02003044,E02003041,30,19
bristol,DRIVE,E02003044,E02003031,30,20
bristol,DRIVE,E02003044,E02003034,30,21
bristol,DRIVE,E02003044,E02003032,30,22
bristol,DRIVE,E02003044,E02003108,30,23
bristol,DRIVE,E02003044,E02006889,30,24
bristol,DRIVE,E02003044,E02003117,30,25
bristol,DRIVE,E02003044,E02003121,30,26
bristol,DRIVE,E02003044,E02003046,30,27
bristol,DRIVE,E02003044,E02003049,30,28
bristol,DRIVE,E02003044,E02003050,30,29
bristol,DRIVE,E02003044,E02003054,30,30
bristol,DRIVE,E02003044,E02003047,30,31
bristol,DRIVE,E02003044,E02003052,30,32
bristol,DRIVE,E02003044,E02003056,30,33
bristol,DRIVE,E02003044,E02003057,30,34
bristol,DRIVE,E02003044,E02003059,30,35
bristol,DRIVE,E02003044,E02003058,30,36
bristol,DRIVE,E02003044,E02003053,30,37
bristol,DRIVE,E02003044,E02003060,30,38
bristol,DRIVE,E02003044,E02003063,30,39
bristol,DRIVE,E02003044,E02003064,30,40
bristol,DRIVE,E02003045,E02003012,31,0
bristol,DRIVE,E02003045,E02003013,31,1
bristol,DRIVE,E02003045,E02003014,31,2
bristol,DRIVE,E02003045,E02003015,31,3
bristol,DRIVE,E02003045,E02003017,31,4
bristol,DRIVE,E02003045,E02003019,31,5
bristol,DRIVE,E02003045,E02003020,31,6
bristol,DRIVE,E02003045,E02003043,31,7
bristol,DRIVE,E02003045,E02003094,31,8
bristol,DRIVE,E02003045,E02003100,31,9
bristol,DRIVE,E02003045,E02003106,31,10
bristol,DRIVE,E02003045,E02003107,31,11
bristol,DRIVE,E02003045,E02006887,31,12
bristol,DRIVE,E02003045,E02003098,31,13
bristol,DRIVE,E02003045,E02003026,31,14
bristol,DRIVE,E02003045,E02003068,31,15
bristol,DRIVE,E02003045,E02003024,31,16
bristol,DRIVE,E02003045,E02003025,31,17
bristol,DRIVE,E02003045,E02003037,31,18
bristol,DRIVE,E02003045,E02003041,31,19
bristol,DRIVE,E02003045,E02003031,31,20
bristol,DRIVE,E02003045,E02003034,31,21
bristol,DRIVE,E02003045,E02003032,31,22
bristol,DRIVE,E02003045,E02003108,31,23
bristol,DRIVE,E02003045,E02006889,31,24
bristol,DRIVE,E02003045,E02003117,31,25
bristol,DRIVE,E02003045,E02003121,31,26
bristol,DRIVE,E02003045,E02003046,31,27
bristol,DRIVE,E02003045,E02003049,31,28
bristol,DRIVE,E02003045,E02003050,31,29
bristol,DRIVE,E02003045,E02003054,31,30
bristol,DRIVE,E02003045,E02003047,31,31
bristol,DRIVE,E02003045,E02003052,31,32
bristol,DRIVE,E02003045,E02003056,31,33
bristol,DRIVE,E02003045,E02003057,31,34
bristol,DRIVE,E02003045,E02003059,31,35
bristol,DRIVE,E02003045,E02003058,31,36
bristol,DRIVE,E02003045,E02003053,31,37
bristol,DRIVE,E02003045,E02003060,31,38
bristol,DRIVE,E02003045,E02003063,31,39
bristol,DRIVE,E02003045,E02003064,31,40
bristol,DRIVE,E02003046,E02003012,32,0
bristol,DRIVE,E02003046,E02003013,32,1
bristol,DRIVE,E02003046,E02003014,32,2
bristol,DRIVE,E02003046,E02003015,32,3
bristol,DRIVE,E02003046,E02003017,32,4
bristol,DRIVE,E02003046,E02003019,32,5
bristol,DRIVE,E02003046,E02003020,32,6
bristol,DRIVE,E02003046,E02003043,32,7
bristol,DRIVE,E02003046,E02003094,32,8
bristol,DRIVE,E02003046,E02003100,32,9
bristol,DRIVE,E02003046,E02003106,32,10
bristol,DRIVE,E02003046,E02003107,32,11
bristol,DRIVE,E02003046,E02006887,32,12
bristol,DRIVE,E02003046,E02003098,32,13
bristol,DRIVE,E02003046,E02003026,32,14
bristol,DRIVE,E02003046,E02003068,32,15
bristol,DRIVE,E02003046,E02003024,32,16
bristol,DRIVE,E02003046,E02003025,32,17
bristol,DRIVE,E02003046,E02003037,32,18
bristol,DRIVE,E02003046,E02003041,32,19
bristol,DRIVE,E02003046,E02003031,32,20
bristol,DRIVE,E02003046,E02003034,32,21
bristol,DRIVE,E02003046,E02003032,32,22
bristol,DRIVE,E02003046,E02003108,32,23
bristol,DRIVE,E02003046,E02006889,32,24
bristol,DRIVE,E02003046,E02003117,32,25
bristol,DRIVE,E02003046,E02003121,32,26
bristol,DRIVE,E02003046,E02003046,32,27
bristol,DRIVE,E02003046,E02003049,32,28
bristol,DRIVE,E02003046,E02003050,32,29
bristol,DRIVE,E02003046,E02003054,32,30
bristol,DRIVE,E02003046,E02003047,32,31
bristol,DRIVE,E02003046,E02003052,32,32
bristol,DRIVE,E02003046,E02003056,32,33
bristol,DRIVE,E02003046,E02003057,32,34
bristol,DRIVE,E02003046,E02003059,32,35
bristol,DRIVE,E02003046,E02003058,32,36
bristol,DRIVE,E02003046,E02003053,32,37
bristol,DRIVE,E02003046,E02003060,32,38
bristol,DRIVE,E02003046,E02003063,32,39
bristol,DRIVE,E02003046,E02003064,32,40
bristol,DRIVE,E02003047,E02003012,33,0
bristol,DRIVE,E02003047,E02003013,33,1
bristol,DRIVE,E02003047,E02003014,33,2
bristol,DRIVE,E02003047,E02003015,33,3
bristol,DRIVE,E02003047,E02003017,33,4
bristol,DRIVE,E02003047,E02003019,33,5
bristol,DRIVE,E02003047,E02003020,33,6
bristol,DRIVE,E02003047,E02003043,33,7
bristol,DRIVE,E02003047,E02003094,33,8
bristol,DRIVE,E02003047,E02003100,33,9
bristol,DRIVE,E02003047,E02003106,33,10
bristol,DRIVE,E02003047,E02003107,33,11
bristol,DRIVE,E02003047,E02006887,33,12
bristol,DRIVE,E02003047,E02003098,33,13
bristol,DRIVE,E02003047,E02003026,33,14
bristol,DRIVE,E02003047,E02003068,33,15
bristol,DRIVE,E02003047,E02003024,33,16
bristol,DRIVE,E02003047,E02003025,33,17
bristol,DRIVE,E02003047,E02003037,33,18
bristol,DRIVE,E02003047,E02003041,33,19
bristol,DRIVE,E02003047,E02003031,33,20
bristol,DRIVE,E02003047,E02003034,33,21
bristol,DRIVE,E02003047,E02003032,33,22
bristol,DRIVE,E02003047,E02003108,33,23
bristol,DRIVE,E02003047,E02006889,33,24
bristol,DRIVE,E02003047,E02003117,33,25
bristol,DRIVE,E02003047,E02003121,33,26
bristol,DRIVE,E02003047,E02003046,33,27
bristol,DRIVE,E02003047,E02003049,33,28
bristol,DRIVE,E02003047,E02003050,33,29
bristol,DRIVE,E02003047,E02003054,33,30
bristol,DRIVE,E02003047,E02003047,33,31
bristol,DRIVE,E02003047,E02003052,33,32
bristol,DRIVE,E02003047,E02003056,33,33
bristol,DRIVE,E02003047,E02003057,33,34
bristol,DRIVE,E02003047,E02003059,33,35
bristol,DRIVE,E02003047,E02003058,33,36
bristol,DRIVE,E02003047,E02003053,33,37
bristol,DRIVE,E02003047,E02003060,33,38
bristol,DRIVE,E02003047,E02003063,33,39
bristol,DRIVE,E02003047,E02003064,33,40
bristol,DRIVE,E02003048,E02003012,34,0
bristol,DRIVE,E02003048,E02003013,34,1
bristol,DRIVE,E02003048,E02003014,34,2
bristol,DRIVE,E02003048,E02003015,34,3
bristol,DRIVE,E02003048,E02003017,34,4
bristol,DRIVE,E02003048,E02003019,34,5
bristol,DRIVE,E02003048,E02003020,34,6
bristol,DRIVE,E02003048,E02003043,34,7
bristol,DRIVE,E02003048,E02003094,34,8
bristol,DRIVE,E02003048,E02003100,34,9
bristol,DRIVE,E02003048,E02003106,34,10
bristol,DRIVE,E02003048,E02003107,34,11
bristol,DRIVE,E02003048,E02006887,34,12
bristol,DRIVE,E02003048,E02003098,34,13
bristol,DRIVE,E02003048,E02003026,34,14
bristol,DRIVE,E02003048,E02003068,34,15
bristol,DRIVE,E02003048,E02003024,34,16
bristol,DRIVE,E02003048,E02003025,34,17
bristol,DRIVE,E02003048,E02003037,34,18
bristol,DRIVE,E02003048,E02003041,34,19
bristol,DRIVE,E02003048,E02003031,34,20
bristol,DRIVE,E02003048,E02003034,34,21
bristol,DRIVE,E02003048,E02003032,34,22
bristol,DRIVE,E02003048,E02003108,34,23
bristol,DRIVE,E02003048,E02006889,34,24
bristol,DRIVE,E02003048,E02003117,34,25
bristol,DRIVE,E02003048,E02003121,34,26
bristol,DRIVE,E02003048,E02003046,34,27
bristol,DRIVE,E02003048,E02003049,34,28
bristol,DRIVE,E02003048,E02003050,34,29
bristol,DRIVE,E02003048,E02003054,34,30
bristol,DRIVE,E02003048,E02003047,34,31
bristol,DRIVE,E02003048,E02003052,34,32
bristol,DRIVE,E02003048,E02003056,34,33
bristol,DRIVE,E02003048,E02003057,34,34
bristol,DRIVE,E02003048,E02003059,34,35
bristol,DRIVE,E02003048,E02003058,34,36
bristol,DRIVE,E02003048,E02003053,34,37
bristol,DRIVE,E02003048,E02003060,34,38
bristol,DRIVE,E02003048,E02003063,34,39
bristol,DRIVE,E02003048,E02003064,34,40
bristol,DRIVE,E02003049,E02003012,35,0
bristol,DRIVE,E02003049,E02003013,35,1
bristol,DRIVE,E02003049,E02003014,35,2
bristol,DRIVE,E02003049,E02003015,35,3
bristol,DRIVE,E02003049,E02003017,35,4
bristol,DRIVE,E02003049,E02003019,35,5
bristol,DRIVE,E02003049,E02003020,35,6
bristol,DRIVE,E02003049,E02003043,35,7
bristol,DRIVE,E02003049,E02003094,35,8
bristol,DRIVE,E02003049,E02003100,35,9
bristol,DRIVE,E02003049,E02003106,35,10
bristol,DRIVE,E02003049,E02003107,35,11
bristol,DRIVE,E02003049,E02006887,35,12
bristol,DRIVE,E02003049,E02003098,35,13
bristol,DRIVE,E02003049,E02003026,35,14
bristol,DRIVE,E02003049,E02003068,35,15
bristol,DRIVE,E02003049,E02003024,35,16
bristol,DRIVE,E02003049,E02003025,35,17
bristol,DRIVE,E02003049,E02003037,35,18
bristol,DRIVE,E02003049,E02003041,35,19
bristol,DRIVE,E02003049,E02003031,35,20
bristol,DRIVE,E02003049,E02003034,35,21
bristol,DRIVE,E02003049,E02003032,35,22
bristol,DRIVE,E02003049,E02003108,35,23
bristol,DRIVE,E02003049,E02006889,35,24
bristol,DRIVE,E02003049,E02003117,35,25
bristol,DRIVE,E02003049,E02003121,35,26
bristol,DRIVE,E02003049,E02003046,35,27
bristol,DRIVE,E02003049,E02003049,35,28
bristol,DRIVE,E02003049,E02003050,35,29
bristol,DRIVE,E02003049,E02003054,35,30
bristol,DRIVE,E02003049,E02003047,35,31
bristol,DRIVE,E02003049,E02003052,35,32
bristol,DRIVE,E02003049,E02003056,35,33
bristol,DRIVE,E02003049,E02003057,35,34
bristol,DRIVE,E02003049,E02003059,35,35
bristol,DRIVE,E02003049,E02003058,35,36
bristol,DRIVE,E02003049,E02003053,35,37
bristol,DRIVE,E02003049,E02003060,35,38
bristol,DRIVE,E02003049,E02003063,35,39
bristol,DRIVE,E02003049,E02003064,35,40
bristol,DRIVE,E02003050,E02003012,36,0
bristol,DRIVE,E02003050,E02003013,36,1
bristol,DRIVE,E02003050,E02003014,36,2
bristol,DRIVE,E02003050,E02003015,36,3
bristol,DRIVE,E02003050,E02003017,36,4
bristol,DRIVE,E02003050,E02003019,36,5
bristol,DRIVE,E02003050,E02003020,36,6
bristol,DRIVE,E02003050,E02003043,36,7
bristol,DRIVE,E02003050,E02003094,36,8
bristol,DRIVE,E02003050,E02003100,36,9
bristol,DRIVE,E02003050,E02003106,36,10
bristol,DRIVE,E02003050,E02003107,36,11
bristol,DRIVE,E02003050,E02006887,36,12
bristol,DRIVE,E02003050,E02003098,36,13
bristol,DRIVE,E02003050,E02003026,36,14
bristol,DRIVE,E02003050,E02003068,36,15
bristol,DRIVE,E02003050,E02003024,36,16
bristol,DRIVE,E02003050,E02003025,36,17
bristol,DRIVE,E02003050,E02003037,36,18
bristol,DRIVE,E02003050,E02003041,36,19
bristol,DRIVE,E02003050,E02003031,36,20
bristol,DRIVE,E02003050,E02003034,36,21
bristol,DRIVE,E02003050,E02003032,36,22
bristol,DRIVE,E02003050,E02003108,36,23
bristol,DRIVE,E02003050,E02006889,36,24
bristol,DRIVE,E02003050,E02003117,36,25
bristol,DRIVE,E02003050,E02003121,36,26
bristol,DRIVE,E02003050,E02003046,36,27
bristol,DRIVE,E02003050,E02003049,36,28
bristol,DRIVE,E02003050,E02003050,36,29
bristol,DRIVE,E02003050,E02003054,36,30
bristol,DRIVE,E02003050,E02003047,36,31
bristol,DRIVE,E02003050,E02003052,36,32
bristol,DRIVE,E02003050,E02003056,36,33
bristol,DRIVE,E02003050,E02003057,36,34
bristol,DRIVE,E02003050,E02003059,36,35
bristol,DRIVE,E02003050,E02003058,36,36
bristol,DRIVE,E02003050,E02003053,36,37
bristol,DRIVE,E02003050,E02003060,36,38
bristol,DRIVE,E02003050,E02003063,36,39
bristol,DRIVE,E02003050,E02003064,36,40
bristol,DRIVE,E02003051,E02003012,37,0
bristol,DRIVE,E02003051,E02003013,37,1
bristol,DRIVE,E02003051,E02003014,37,2
bristol,DRIVE,E02003051,E02003015,37,3
bristol,DRIVE,E02003051,E02003017,37,4
bristol,DRIVE,E02003051,E02003019,37,5
bristol,DRIVE,E02003051,E02003020,37,6
bristol,DRIVE,E02003051,E02003043,37,7
bristol,DRIVE,E02003051,E02003094,37,8
bristol,DRIVE,E02003051,E02003100,37,9
bristol,DRIVE,E02003051,E02003106,37,10
bristol,DRIVE,E02003051,E02003107,37,11
bristol,DRIVE,E02003051,E02006887,37,12
bristol,DRIVE,E02003051,E02003098,37,13
bristol,DRIVE,E02003051,E02003026,37,14
bristol,DRIVE,E02003051,E02003068,37,15
bristol,DRIVE,E02003051,E02003024,37,16
bristol,DRIVE,E02003051,E02003025,37,17
bristol,DRIVE,E02003051,E02003037,37,18
bristol,DRIVE,E02003051,E02003041,37,19
bristol,DRIVE,E02003051,E02003031,37,20
bristol,DRIVE,E02003051,E02003034,37,21
bristol,DRIVE,E02003051,E02003032,37,22
bristol,DRIVE,E02003051,E02003108,37,23
bristol,DRIVE,E02003051,E02006889,37,24
bristol,DRIVE,E02003051,E02003117,37,25
bristol,DRIVE,E02003051,E02003121,37,26
bristol,DRIVE,E02003051,E02003046,37,27
bristol,DRIVE,E02003051,E02003049,37,28
bristol,DRIVE,E02003051,E02003050,37,29
bristol,DRIVE,E02003051,E02003054,37,30
bristol,DRIVE,E02003051,E02003047,37,31
bristol,DRIVE,E02003051,E02003052,37,32
bristol,DRIVE,E02003051,E02003056,37,33
bristol,DRIVE,E02003051,E02003057,37,34
bristol,DRIVE,E02003051,E02003059,37,35
bristol,DRIVE,E02003051,E02003058,37,36
bristol,DRIVE,E02003051,E02003053,37,37
bristol,DRIVE,E02003051,E02003060,37,38
bristol,DRIVE,E02003051,E02003063,37,39
bristol,DRIVE,E02003051,E02003064,37,40
bristol,DRIVE,E02003052,E02003012,38,0
bristol,DRIVE,E02003052,E02003013,38,1
bristol,DRIVE,E02003052,E02003014,38,2
bristol,DRIVE,E02003052,E02003015,38,3
bristol,DRIVE,E02003052,E02003017,38,4
bristol,DRIVE,E02003052,E02003019,38,5
bristol,DRIVE,E02003052,E02003020,38,6
bristol,DRIVE,E02003052,E02003043,38,7
bristol,DRIVE,E02003052,E02003094,38,8
bristol,DRIVE,E02003052,E02003100,38,9
bristol,DRIVE,E02003052,E02003106,38,10
bristol,DRIVE,E02003052,E02003107,38,11
bristol,DRIVE,E02003052,E02006887,38,12
bristol,DRIVE,E02003052,E02003098,38,13
bristol,DRIVE,E02003052,E02003026,38,14
bristol,DRIVE,E02003052,E02003068,38,15
bristol,DRIVE,E02003052,E02003024,38,16
bristol,DRIVE,E02003052,E02003025,38,17
bristol,DRIVE,E02003052,E02003037,38,18
bristol,DRIVE,E02003052,E02003041,38,19
bristol,DRIVE,E02003052,E02003031,38,20
bristol,DRIVE,E02003052,E02003034,38,21
bristol,DRIVE,E02003052,E02003032,38,22
bristol,DRIVE,E02003052,E02003108,38,23
bristol,DRIVE,E02003052,E02006889,38,24
bristol,DRIVE,E02003052,E02003117,38,25
bristol,DRIVE,E02003052,E02003121,38,26
bristol,DRIVE,E02003052,E02003046,38,27
bristol,DRIVE,E02003052,E02003049,38,28
bristol,DRIVE,E02003052,E02003050,38,29
bristol,DRIVE,E02003052,E02003054,38,30
bristol,DRIVE,E02003052,E02003047,38,31
bristol,DRIVE,E02003052,E02003052,38,32
bristol,DRIVE,E02003052,E02003056,38,33
bristol,DRIVE,E02003052,E02003057,38,34
bristol,DRIVE,E02003052,E02003059,38,35
bristol,DRIVE,E02003052,E02003058,38,36
bristol,DRIVE,E02003052,E02003053,38,37
bristol,DRIVE,E02003052,E02003060,38,38
bristol,DRIVE,E02003052,E02003063,38,39
bristol,DRIVE,E02003052,E02003064,38,40
bristol,DRIVE,E02003053,E02003012,39,0
bristol,DRIVE,E02003053,E02003013,39,1
bristol,DRIVE,E02003053,E02003014,39,2
bristol,DRIVE,E02003053,E02003015,39,3
bristol,DRIVE,E02003053,E02003017,39,4
bristol,DRIVE,E02003053,E02003019,39,5
bristol,DRIVE,E02003053,E02003020,39,6
bristol,DRIVE,E02003053,E02003043,39,7
bristol,DRIVE,E02003053,E02003094,39,8
bristol,DRIVE,E02003053,E02003100,39,9
bristol,DRIVE,E02003053,E02003106,39,10
bristol,DRIVE,E02003053,E02003107,39,11
bristol,DRIVE,E02003053,E02006887,39,12
bristol,DRIVE,E02003053,E02003098,39,13
bristol,DRIVE,E02003053,E02003026,39,14
bristol,DRIVE,E02003053,E02003068,39,15
bristol,DRIVE,E02003053,E02003024,39,16
bristol,DRIVE,E02003053,E02003025,39,17
bristol,DRIVE,E02003053,E02003037,39,18
bristol,DRIVE,E02003053,E02003041,39,19
bristol,DRIVE,E02003053,E02003031,39,20
bristol,DRIVE,E02003053,E02003034,39,21
bristol,DRIVE,E02003053,E02003032,39,22
bristol,DRIVE,E02003053,E02003108,39,23
bristol,DRIVE,E02003053,E02006889,39,24
bristol,DRIVE,E02003053,E02003117,39,25
bristol,DRIVE,E02003053,E02003121,39,26
bristol,DRIVE,E02003053,E02003046,39,27
bristol,DRIVE,E02003053,E02003049,39,28
bristol,DRIVE,E02003053,E02003050,39,29
bristol,DRIVE,E02003053,E02003054,39,30
bristol,DRIVE,E02003053,E02003047,39,31
bristol,DRIVE,E02003053,E02003052,39,32
bristol,DRIVE,E02003053,E02003056,39,33
bristol,DRIVE,E02003053,E02003057,39,34
bristol,DRIVE,E02003053,E02003059,39,35
bristol,DRIVE,E02003053,E02003058,39,36
bristol,DRIVE,E02003053,E02003053,39,37
bristol,DRIVE,E02003053,E02003060,39,38
bristol,DRIVE,E02003053,E02003063,39,39
bristol,DRIVE,E02003053,E02003064,39,40
bristol,DRIVE,E02003054,E02003012,40,0
bristol,DRIVE,E02003054,E02003013,40,1
bristol,DRIVE,E02003054,E02003014,40,2
bristol,DRIVE,E02003054,E02003015,40,3
bristol,DRIVE,E02003054,E02003017,40,4
bristol,DRIVE,E02003054,E02003019,40,5
bristol,DRIVE,E02003054,E02003020,40,6
bristol,DRIVE,E02003054,E02003043,40,7
bristol,DRIVE,E02003054,E02003094,40,8
bristol,DRIVE,E02003054,E02003100,40,9
bristol,DRIVE,E02003054,E02003106,40,10
bristol,DRIVE,E02003054,E02003107,40,11
bristol,DRIVE,E02003054,E02006887,40,12
bristol,DRIVE,E02003054,E02003098,40,13
bristol,DRIVE,E02003054,E02003026,40,14
bristol,DRIVE,E02003054,E02003068,40,15
bristol,DRIVE,E02003054,E02003024,40,16
bristol,DRIVE,E02003054,E02003025,40,17
bristol,DRIVE,E02003054,E02003037,40,18
bristol,DRIVE,E02003054,E02003041,40,19
bristol,DRIVE,E02003054,E02003031,40,20
bristol,DRIVE,E02003054,E02003034,40,21
bristol,DRIVE,E02003054,E02003032,40,22
bristol,DRIVE,E02003054,E02003108,40,23
bristol,DRIVE,E02003054,E02006889,40,24
bristol,DRIVE,E02003054,E02003117,40,25
bristol,DRIVE,E02003054,E02003121,40,26
bristol,DRIVE,E02003054,E02003046,40,27
bristol,DRIVE,E02003054,E02003049,40,28
bristol,DRIVE,E02003054,E02003050,40,29
bristol,DRIVE,E02003054,E02003054,40,30
bristol,DRIVE,E02003054,E02003047,40,31
bristol,DRIVE,E02003054,E02003052,40,32
bristol,DRIVE,E02003054,E02003056,40,33
bristol,DRIVE,E02003054,E02003057,40,34
bristol,DRIVE,E02003054,E02003059,40,35
bristol,DRIVE,E02003054,E02003058,40,36
bristol,DRIVE,E02003054,E02003053,40,37
bristol,DRIVE,E02003054,E02003060,40,38
bristol,DRIVE,E02003054,E02003063,40,39
bristol,DRIVE,E02003054,E02003064,40,40
bristol,DRIVE,E02003055,E02003012,41,0
bristol,DRIVE,E02003055,E02003013,41,1
bristol,DRIVE,E02003055,E02003014,41,2
bristol,DRIVE,E02003055,E02003015,41,3
bristol,DRIVE,E02003055,E02003017,41,4
bristol,DRIVE,E02003055,E02003019,41,5
bristol,DRIVE,E02003055,E02003020,41,6
bristol,DRIVE,E02003055,E02003043,41,7
bristol,DRIVE,E02003055,E02003094,41,8
bristol,DRIVE,E02003055,E02003100,41,9
bristol,DRIVE,E02003055,E02003106,41,10
bristol,DRIVE,E02003055,E02003107,41,11
bristol,DRIVE,E02003055,E02006887,41,12
bristol,DRIVE,E02003055,E02003098,41,13
bristol,DRIVE,E02003055,E02003026,41,14
bristol,DRIVE,E02003055,E02003068,41,15
bristol,DRIVE,E02003055,E02003024,41,16
bristol,DRIVE,E02003055,E02003025,41,17
bristol,DRIVE,E02003055,E02003037,41,18
bristol,DRIVE,E02003055,E02003041,41,19
bristol,DRIVE,E02003055,E02003031,41,20
bristol,DRIVE,E02003055,E02003034,41,21
bristol,DRIVE,E02003055,E02003032,41,22
bristol,DRIVE,E02003055,E02003108,41,23
bristol,DRIVE,E02003055,E02006889,41,24
bristol,DRIVE,E02003055,E02003117,41,25
bristol,DRIVE,E02003055,E02003121,41,26
bristol,DRIVE,E02003055,E02003046,41,27
bristol,DRIVE,E02003055,E02003049,41,28
bristol,DRIVE,E02003055,E02003050,41,29
bristol,DRIVE,E02003055,E02003054,41,30
bristol,DRIVE,E02003055,E02003047,41,31
bristol,DRIVE,E02003055,E02003052,41,32
bristol,DRIVE,E02003055,E02003056,41,33
bristol,DRIVE,E02003055,E02003057,41,34
bristol,DRIVE,E02003055,E02003059,41,35
bristol,DRIVE,E02003055,E02003058,41,36
bristol,DRIVE,E02003055,E02003053,41,37
bristol,DRIVE,E02003055,E02003060,41,38
bristol,DRIVE,E02003055,E02003063,41,39
bristol,DRIVE,E02003055,E02003064,41,40
bristol,DRIVE,E02003056,E02003012,42,0
bristol,DRIVE,E02003056,E02003013,42,1
bristol,DRIVE,E02003056,E02003014,42,2
bristol,DRIVE,E02003056,E02003015,42,3
bristol,DRIVE,E02003056,E02003017,42,4
bristol,DRIVE,E02003056,E02003019,42,5
bristol,DRIVE,E02003056,E02003020,42,6
bristol,DRIVE,E02003056,E02003043,42,7
bristol,DRIVE,E02003056,E02003094,42,8
bristol,DRIVE,E02003056,E02003100,42,9
bristol,DRIVE,E02003056,E02003106,42,10
bristol,DRIVE,E02003056,E02003107,42,11
bristol,DRIVE,E02003056,E02006887,42,12
bristol,DRIVE,E02003056,E02003098,42,13
bristol,DRIVE,E02003056,E02003026,42,14
bristol,DRIVE,E02003056,E02003068,42,15
bristol,DRIVE,E02003056,E02003024,42,16
bristol,DRIVE,E02003056,E02003025,42,17
bristol,DRIVE,E02003056,E02003037,42,18
bristol,DRIVE,E02003056,E02003041,42,19
bristol,DRIVE,E02003056,E02003031,42,20
bristol,DRIVE,E02003056,E02003034,42,21
bristol,DRIVE,E02003056,E02003032,42,22
bristol,DRIVE,E02003056,E02003108,42,23
bristol,DRIVE,E02003056,E02006889,42,24
bristol,DRIVE,E02003056,E02003117,42,25
bristol,DRIVE,E02003056,E02003121,42,26
bristol,DRIVE,E02003056,E02003046,42,27
bristol,DRIVE,E02003056,E02003049,42,28
bristol,DRIVE,E02003056,E02003050,42,29
bristol,DRIVE,E02003056,E02003054,42,30
bristol,DRIVE,E02003056,E02003047,42,31
bristol,DRIVE,E02003056,E02003052,42,32
bristol,DRIVE,E02003056,E02003056,42,33
bristol,DRIVE,E02003056,E02003057,42,34
bristol,DRIVE,E02003056,E02003059,42,35
bristol,DRIVE,E02003056,E02003058,42,36
bristol,DRIVE,E02003056,E02003053,42,37
bristol,DRIVE,E02003056,E02003060,42,38
bristol,DRIVE,E02003056,E02003063,42,39
bristol,DRIVE,E02003056,E02003064,42,40
bristol,DRIVE,E02003057,E02003012,43,0
bristol,DRIVE,E02003057,E02003013,43,1
bristol,DRIVE,E02003057,E02003014,43,2
bristol,DRIVE,E02003057,E02003015,43,3
bristol,DRIVE,E02003057,E02003017,43,4
bristol,DRIVE,E02003057,E02003019,43,5
bristol,DRIVE,E02003057,E02003020,43,6
bristol,DRIVE,E02003057,E02003043,43,7
bristol,DRIVE,E02003057,E02003094,43,8
bristol,DRIVE,E02003057,E02003100,43,9
bristol,DRIVE,E02003057,E02003106,43,10
bristol,DRIVE,E02003057,E02003107,43,11
bristol,DRIVE,E02003057,E02006887,43,12
bristol,DRIVE,E02003057,E02003098,43,13
bristol,DRIVE,E02003057,E02003026,43,14
bristol,DRIVE,E02003057,E02003068,43,15
bristol,DRIVE,E02003057,E02003024,43,16
bristol,DRIVE,E02003057,E02003025,43,17
bristol,DRIVE,E02003057,E02003037,43,18
bristol,DRIVE,E02003057,E02003041,43,19
bristol,DRIVE,E02003057,E02003031,43,20
bristol,DRIVE,E02003057,E02003034,43,21
bristol,DRIVE,E02003057,E02003032,43,22
bristol,DRIVE,E02003057,E02003108,43,23
bristol,DRIVE,E02003057,E02006889,43,24
bristol,DRIVE,E02003057,E02003117,43,25
bristol,DRIVE,E02003057,E02003121,43,26
bristol,DRIVE,E02003057,E02003046,43,27
bristol,DRIVE,E02003057,E02003049,43,28
bristol,DRIVE,E02003057,E02003050,43,29
bristol,DRIVE,E02003057,E02003054,43,30
bristol,DRIVE,E02003057,E02003047,43,31
bristol,DRIVE,E02003057,E02003052,43,32
bristol,DRIVE,E02003057,E02003056,43,33
bristol,DRIVE,E02003057,E02003057,43,34
bristol,DRIVE,E02003057,E02003059,43,35
bristol,DRIVE,E02003057,E02003058,43,36
bristol,DRIVE,E02003057,E02003053,43,37
bristol,DRIVE,E02003057,E02003060,43,38
bristol,DRIVE,E02003057,E02003063,43,39
bristol,DRIVE,E02003057,E02003064,43,40
bristol,DRIVE,E02003058,E02003012,44,0
bristol,DRIVE,E02003058,E02003013,44,1
bristol,DRIVE,E02003058,E02003014,44,2
bristol,DRIVE,E02003058,E02003015,44,3
bristol,DRIVE,E02003058,E02003017,44,4
bristol,DRIVE,E02003058,E02003019,44,5
bristol,DRIVE,E02003058,E02003020,44,6
bristol,DRIVE,E02003058,E02003043,44,7
bristol,DRIVE,E02003058,E02003094,44,8
bristol,DRIVE,E02003058,E02003100,44,9
bristol,DRIVE,E02003058,E02003106,44,10
bristol,DRIVE,E02003058,E02003107,44,11
bristol,DRIVE,E02003058,E02006887,44,12
bristol,DRIVE,E02003058,E02003098,44,13
bristol,DRIVE,E02003058,E02003026,44,14
bristol,DRIVE,E02003058,E02003068,44,15
bristol,DRIVE,E02003058,E02003024,44,16
bristol,DRIVE,E02003058,E02003025,44,17
bristol,DRIVE,E02003058,E02003037,44,18
bristol,DRIVE,E02003058,E02003041,44,19
bristol,DRIVE,E02003058,E02003031,44,20
bristol,DRIVE,E02003058,E02003034,44,21
bristol,DRIVE,E02003058,E02003032,44,22
bristol,DRIVE,E02003058,E02003108,44,23
bristol,DRIVE,E02003058,E02006889,44,24
bristol,DRIVE,E02003058,E02003117,44,25
bristol,DRIVE,E02003058,E02003121,44,26
bristol,DRIVE,E02003058,E02003046,44,27
bristol,DRIVE,E02003058,E02003049,44,28
bristol,DRIVE,E02003058,E02003050,44,29
bristol,DRIVE,E02003058,E02003054,44,30
bristol,DRIVE,E02003058,E02003047,44,31
bristol,DRIVE,E02003058,E02003052,44,32
bristol,DRIVE,E02003058,E02003056,44,33
bristol,DRIVE,E02003058,E02003057,44,34
bristol,DRIVE,E02003058,E02003059,44,35
bristol,DRIVE,E02003058,E02003058,44,36
bristol,DRIVE,E02003058,E02003053,44,37
bristol,DRIVE,E02003058,E02003060,44,38
bristol,DRIVE,E02003058,E02003063,44,39
bristol,DRIVE,E02003058,E02003064,44,40
bristol,DRIVE,E02003059,E02003012,45,0
bristol,DRIVE,E02003059,E02003013,45,1
bristol,DRIVE,E02003059,E02003014,45,2
bristol,DRIVE,E02003059,E02003015,45,3
bristol,DRIVE,E02003059,E02003017,45,4
bristol,DRIVE,E02003059,E02003019,45,5
bristol,DRIVE,E02003059,E02003020,45,6
bristol,DRIVE,E02003059,E02003043,45,7
bristol,DRIVE,E02003059,E02003094,45,8
bristol,DRIVE,E02003059,E02003100,45,9
bristol,DRIVE,E02003059,E02003106,45,10
bristol,DRIVE,E02003059,E02003107,45,11
bristol,DRIVE,E02003059,E02006887,45,12
bristol,DRIVE,E02003059,E02003098,45,13
bristol,DRIVE,E02003059,E02003026,45,14
bristol,DRIVE,E02003059,E02003068,45,15
bristol,DRIVE,E02003059,E02003024,45,16
bristol,DRIVE,E02003059,E02003025,45,17
bristol,DRIVE,E02003059,E02003037,45,18
bristol,DRIVE,E02003059,E02003041,45,19
bristol,DRIVE,E02003059,E02003031,45,20
bristol,DRIVE,E02003059,E02003034,45,21
bristol,DRIVE,E02003059,E02003032,45,22
bristol,DRIVE,E02003059,E02003108,45,23
bristol,DRIVE,E02003059,E02006889,45,24
bristol,DRIVE,E02003059,E02003117,45,25
bristol,DRIVE,E02003059,E02003121,45,26
bristol,DRIVE,E02003059,E02003046,45,27
bristol,DRIVE,E02003059,E02003049,45,28
bristol,DRIVE,E02003059,E02003050,45,29
bristol,DRIVE,E02003059,E02003054,45,30
bristol,DRIVE,E02003059,E02003047,45,31
bristol,DRIVE,E02003059,E02003052,45,32
bristol,DRIVE,E02003059,E02003056,45,33
bristol,DRIVE,E02003059,E02003057,45,34
bristol,DRIVE,E02003059,E02003059,45,35
bristol,DRIVE,E02003059,E02003058,45,36
bristol,DRIVE,E02003059,E02003053,45,37
bristol,DRIVE,E02003059,E02003060,45,38
bristol,DRIVE,E02003059,E02003063,45,39
bristol,DRIVE,E02003059,E02003064,45,40
bristol,DRIVE,E02003060,E02003012,46,0
bristol,DRIVE,E02003060,E02003013,46,1
bristol,DRIVE,E02003060,E02003014,46,2
bristol,DRIVE,E02003060,E02003015,46,3
bristol,DRIVE,E02003060,E02003017,46,4
bristol,DRIVE,E02003060,E02003019,46,5
bristol,DRIVE,E02003060,E02003020,46,6
bristol,DRIVE,E02003060,E02003043,46,7
bristol,DRIVE,E02003060,E02003094,46,8
bristol,DRIVE,E02003060,E02003100,46,9
bristol,DRIVE,E02003060,E02003106,46,10
bristol,DRIVE,E02003060,E02003107,46,11
bristol,DRIVE,E02003060,E02006887,46,12
bristol,DRIVE,E02003060,E02003098,46,13
bristol,DRIVE,E02003060,E02003026,46,14
bristol,DRIVE,E02003060,E02003068,46,15
bristol,DRIVE,E02003060,E02003024,46,16
bristol,DRIVE,E02003060,E02003025,46,17
bristol,DRIVE,E02003060,E02003037,46,18
bristol,DRIVE,E02003060,E02003041,46,19
bristol,DRIVE,E02003060,E02003031,46,20
bristol,DRIVE,E02003060,E02003034,46,21
bristol,DRIVE,E02003060,E02003032,46,22
bristol,DRIVE,E02003060,E02003108,46,23
bristol,DRIVE,E02003060,E02006889,46,24
bristol,DRIVE,E02003060,E02003117,46,25
bristol,DRIVE,E02003060,E02003121,46,26
bristol,DRIVE,E02003060,E02003046,46,27
bristol,DRIVE,E02003060,E02003049,46,28
bristol,DRIVE,E02003060,E02003050,46,29
bristol,DRIVE,E02003060,E02003054,46,30
bristol,DRIVE,E02003060,E02003047,46,31
bristol,DRIVE,E02003060,E02003052,46,32
bristol,DRIVE,E02003060,E02003056,46,33
bristol,DRIVE,E02003060,E02003057,46,34
bristol,DRIVE,E02003060,E02003059,46,35
bristol,DRIVE,E02003060,E02003058,46,36
bristol,DRIVE,E02003060,E02003053,46,37
bristol,DRIVE,E02003060,E02003060,46,38
bristol,DRIVE,E02003060,E02003063,46,39
bristol,DRIVE,E02003060,E02003064,46,40
bristol,DRIVE,E02003061,E02003012,47,0
bristol,DRIVE,E02003061,E02003013,47,1
bristol,DRIVE,E02003061,E02003014,47,2
bristol,DRIVE,E02003061,E02003015,47,3
bristol,DRIVE,E02003061,E02003017,47,4
bristol,DRIVE,E02003061,E02003019,47,5
bristol,DRIVE,E02003061,E02003020,47,6
bristol,DRIVE,E02003061,E02003043,47,7
bristol,DRIVE,E02003061,E02003094,47,8
bristol,DRIVE,E02003061,E02003100,47,9
bristol,DRIVE,E02003061,E02003106,47,10
bristol,DRIVE,E02003061,E02003107,47,11
bristol,DRIVE,E02003061,E02006887,47,12
bristol,DRIVE,E02003061,E02003098,47,13
bristol,DRIVE,E02003061,E02003026,47,14
bristol,DRIVE,E02003061,E02003068,47,15
bristol,DRIVE,E02003061,E02003024,47,16
bristol,DRIVE,E02003061,E02003025,47,17
bristol,DRIVE,E02003061,E02003037,47,18
bristol,DRIVE,E02003061,E02003041,47,19
bristol,DRIVE,E02003061,E02003031,47,20
bristol,DRIVE,E02003061,E02003034,47,21
bristol,DRIVE,E02003061,E02003032,47,22
bristol,DRIVE,E02003061,E02003108,47,23
bristol,DRIVE,E02003061,E02006889,47,24
bristol,DRIVE,E02003061,E02003117,47,25
bristol,DRIVE,E02003061,E02003121,47,26
bristol,DRIVE,E02003061,E02003046,47,27
bristol,DRIVE,E02003061,E02003049,47,28
bristol,DRIVE,E02003061,E02003050,47,29
bristol,DRIVE,E02003061,E02003054,47,30
bristol,DRIVE,E02003061,E02003047,47,31
bristol,DRIVE,E02003061,E02003052,47,32
bristol,DRIVE,E02003061,E02003056,47,33
bristol,DRIVE,E02003061,E02003057,47,34
bristol,DRIVE,E02003061,E02003059,47,35
bristol,DRIVE,E02003061,E02003058,47,36
bristol,DRIVE,E02003061,E02003053,47,37
bristol,DRIVE,E02003061,E02003060,47,38
bristol,DRIVE,E02003061,E02003063,47,39
bristol,DRIVE,E02003061,E02003064,47,40
bristol,DRIVE,E02003062,E02003012,48,0
bristol,DRIVE,E02003062,E02003013,48,1
bristol,DRIVE,E02003062,E02003014,48,2
bristol,DRIVE,E02003062,E02003015,48,3
bristol,DRIVE,E02003062,E02003017,48,4
bristol,DRIVE,E02003062,E02003019,48,5
bristol,DRIVE,E02003062,E02003020,48,6
bristol,DRIVE,E02003062,E02003043,48,7
bristol,DRIVE,E02003062,E02003094,48,8
bristol,DRIVE,E02003062,E02003100,48,9
bristol,DRIVE,E02003062,E02003106,48,10
bristol,DRIVE,E02003062,E02003107,48,11
bristol,DRIVE,E02003062,E02006887,48,12
bristol,DRIVE,E02003062,E02003098,48,13
bristol,DRIVE,E02003062,E02003026,48,14
bristol,DRIVE,E02003062,E02003068,48,15
bristol,DRIVE,E02003062,E02003024,48,16
bristol,DRIVE,E02003062,E02003025,48,17
bristol,DRIVE,E02003062,E02003037,48,18
bristol,DRIVE,E02003062,E02003041,48,19
bristol,DRIVE,E02003062,E02003031,48,20
bristol,DRIVE,E02003062,E02003034,48,21
bristol,DRIVE,E02003062,E02003032,48,22
bristol,DRIVE,E02003062,E02003108,48,23
bristol,DRIVE,E02003062,E02006889,48,24
bristol,DRIVE,E02003062,E02003117,48,25
bristol,DRIVE,E02003062,E02003121,48,26
bristol,DRIVE,E02003062,E02003046,48,27
bristol,DRIVE,E02003062,E02003049,48,28
bristol,DRIVE,E02003062,E02003050,48,29
bristol,DRIVE,E02003062,E02003054,48,30
bristol,DRIVE,E02003062,E02003047,48,31
bristol,DRIVE,E02003062,E02003052,48,32
bristol,DRIVE,E02003062,E02003056,48,33
bristol,DRIVE,E02003062,E02003057,48,34
bristol,DRIVE,E02003062,E02003059,48,35
bristol,DRIVE,E02003062,E02003058,48,36
bristol,DRIVE,E02003062,E02003053,48,37
bristol,DRIVE,E02003062,E02003060,48,38
bristol,DRIVE,E02003062,E02003063,48,39
bristol,DRIVE,E02003062,E02003064,48,40
bristol,DRIVE,E02003063,E02003012,49,0
bristol,DRIVE,E02003063,E02003013,49,1
bristol,DRIVE,E02003063,E02003014,49,2
bristol,DRIVE,E02003063,E02003015,49,3
bristol,DRIVE,E02003063,E02003017,49,4
bristol,DRIVE,E02003063,E02003019,49,5
bristol,DRIVE,E02003063,E02003020,49,6
bristol,DRIVE,E02003063,E02003043,49,7
bristol,DRIVE,E02003063,E02003094,49,8
bristol,DRIVE,E02003063,E02003100,49,9
bristol,DRIVE,E02003063,E02003106,49,10
bristol,DRIVE,E02003063,E02003107,49,11
bristol,DRIVE,E02003063,E02006887,49,12
bristol,DRIVE,E02003063,E02003098,49,13
bristol,DRIVE,E02003063,E02003026,49,14
bristol,DRIVE,E02003063,E02003068,49,15
bristol,DRIVE,E02003063,E02003024,49,16
bristol,DRIVE,E02003063,E02003025,49,17
bristol,DRIVE,E02003063,E02003037,49,18
bristol,DRIVE,E02003063,E02003041,49,19
bristol,DRIVE,E02003063,E02003031,49,20
bristol,DRIVE,E02003063,E02003034,49,21
bristol,DRIVE,E02003063,E02003032,49,22
bristol,DRIVE,E02003063,E02003108,49,23
bristol,DRIVE,E02003063,E02006889,49,24
bristol,DRIVE,E02003063,E02003117,49,25
bristol,DRIVE,E02003063,E02003121,49,26
bristol,DRIVE,E02003063,E02003046,49,27
bristol,DRIVE,E02003063,E02003049,49,28
bristol,DRIVE,E02003063,E02003050,49,29
bristol,DRIVE,E02003063,E02003054,49,30
bristol,DRIVE,E02003063,E02003047,49,31
bristol,DRIVE,E02003063,E02003052,49,32
bristol,DRIVE,E02003063,E02003056,49,33
bristol,DRIVE,E02003063,E02003057,49,34
bristol,DRIVE,E02003063,E02003059,49,35
bristol,DRIVE,E02003063,E02003058,49,36
bristol,DRIVE,E02003063,E02003053,49,37
bristol,DRIVE,E02003063,E02003060,49,38
bristol,DRIVE,E02003063,E02003063,49,39
bristol,DRIVE,E02003063,E02003064,49,40
bristol,DRIVE,E02003064,E02003012,50,0
bristol,DRIVE,E02003064,E02003013,50,1
bristol,DRIVE,E02003064,E02003014,50,2
bristol,DRIVE,E02003064,E02003015,50,3
bristol,DRIVE,E02003064,E02003017,50,4
bristol,DRIVE,E02003064,E02003019,50,5
bristol,DRIVE,E02003064,E02003020,50,6
bristol,DRIVE,E02003064,E02003043,50,7
bristol,DRIVE,E02003064,E02003094,50,8
bristol,DRIVE,E02003064,E02003100,50,9
bristol,DRIVE,E02003064,E02003106,50,10
bristol,DRIVE,E02003064,E02003107,50,11
bristol,DRIVE,E02003064,E02006887,50,12
bristol,DRIVE,E02003064,E02003098,50,13
bristol,DRIVE,E02003064,E02003026,50,14
bristol,DRIVE,E02003064,E02003068,50,15
bristol,DRIVE,E02003064,E02003024,50,16
bristol,DRIVE,E02003064,E02003025,50,17
bristol,DRIVE,E02003064,E02003037,50,18
bristol,DRIVE,E02003064,E02003041,50,19
bristol,DRIVE,E02003064,E02003031,50,20
bristol,DRIVE,E02003064,E02003034,50,21
bristol,DRIVE,E02003064,E02003032,50,22
bristol,DRIVE,E02003064,E02003108,50,23
bristol,DRIVE,E02003064,E02006889,50,24
bristol,DRIVE,E02003064,E02003117,50,25
bristol,DRIVE,E02003064,E02003121,50,26
bristol,DRIVE,E02003064,E02003046,50,27
bristol,DRIVE,E02003064,E02003049,50,28
bristol,DRIVE,E02003064,E02003050,50,29
bristol,DRIVE,E02003064,E02003054,50,30
bristol,DRIVE,E02003064,E02003047,50,31
bristol,DRIVE,E02003064,E02003052,50,32
bristol,DRIVE,E02003064,E02003056,50,33
bristol,DRIVE,E02003064,E02003057,50,34
bristol,DRIVE,E02003064,E02003059,50,35
bristol,DRIVE,E02003064,E02003058,50,36
bristol,DRIVE,E02003064,E02003053,50,37
bristol,DRIVE,E02003064,E02003060,50,38
bristol,DRIVE,E02003064,E02003063,50,39
bristol,DRIVE,E02003064,E02003064,50,40
bristol,DRIVE,E02006887,E02003012,51,0
bristol,DRIVE,E02006887,E02003013,51,1
bristol,DRIVE,E02006887,E02003014,51,2
bristol,DRIVE,E02006887,E02003015,51,3
bristol,DRIVE,E02006887,E02003017,51,4
bristol,DRIVE,E02006887,E02003019,51,5
bristol,DRIVE,E02006887,E02003020,51,6
bristol,DRIVE,E02006887,E02003043,51,7
bristol,DRIVE,E02006887,E02003094,51,8
bristol,DRIVE,E02006887,E02003100,51,9
bristol,DRIVE,E02006887,E02003106,51,10
bristol,DRIVE,E02006887,E02003107,51,11
bristol,DRIVE,E02006887,E02006887,51,12
bristol,DRIVE,E02006887,E02003098,51,13
bristol,DRIVE,E02006887,E02003026,51,14
bristol,DRIVE,E02006887,E02003068,51,15
bristol,DRIVE,E02006887,E02003024,51,16
bristol,DRIVE,E02006887,E02003025,51,17
bristol,DRIVE,E02006887,E02003037,51,18
bristol,DRIVE,E02006887,E02003041,51,19
bristol,DRIVE,E02006887,E02003031,51,20
bristol,DRIVE,E02006887,E02003034,51,21
bristol,DRIVE,E02006887,E02003032,51,22
bristol,DRIVE,E02006887,E02003108,51,23
bristol,DRIVE,E02006887,E02006889,51,24
bristol,DRIVE,E02006887,E02003117,51,25
bristol,DRIVE,E02006887,E02003121,51,26
bristol,DRIVE,E02006887,E02003046,51,27
bristol,DRIVE,E02006887,E02003049,51,28
bristol,DRIVE,E02006887,E02003050,51,29
bristol,DRIVE,E02006887,E02003054,51,30
bristol,DRIVE,E02006887,E02003047,51,31
bristol,DRIVE,E02006887,E02003052,51,32
bristol,DRIVE,E02006887,E02003056,51,33
bristol,DRIVE,E02006887,E02003057,51,34
bristol,DRIVE,E02006887,E02003059,51,35
bristol,DRIVE,E02006887,E02003058,51,36
bristol,DRIVE,E02006887,E02003053,51,37
bristol,DRIVE,E02006887,E02003060,51,38
bristol,DRIVE,E02006887,E02003063,51,39
bristol,DRIVE,E02006887,E02003064,51,40
bristol,DRIVE,E02006888,E02003012,52,0
bristol,DRIVE,E02006888,E02003013,52,1
bristol,DRIVE,E02006888,E02003014,52,2
bristol,DRIVE,E02006888,E02003015,52,3
bristol,DRIVE,E02006888,E02003017,52,4
bristol,DRIVE,E02006888,E02003019,52,5
bristol,DRIVE,E02006888,E02003020,52,6
bristol,DRIVE,E02006888,E02003043,52,7
bristol,DRIVE,E02006888,E02003094,52,8
bristol,DRIVE,E02006888,E02003100,52,9
bristol,DRIVE,E02006888,E02003106,52,10
bristol,DRIVE,E02006888,E02003107,52,11
bristol,DRIVE,E02006888,E02006887,52,12
bristol,DRIVE,E02006888,E02003098,52,13
bristol,DRIVE,E02006888,E02003026,52,14
bristol,DRIVE,E02006888,E02003068,52,15
bristol,DRIVE,E02006888,E02003024,52,16
bristol,DRIVE,E02006888,E02003025,52,17
bristol,DRIVE,E02006888,E02003037,52,18
bristol,DRIVE,E02006888,E02003041,52,19
bristol,DRIVE,E02006888,E02003031,52,20
bristol,DRIVE,E02006888,E02003034,52,21
bristol,DRIVE,E02006888,E02003032,52,22
bristol,DRIVE,E02006888,E02003108,52,23
bristol,DRIVE,E02006888,E02006889,52,24
bristol,DRIVE,E02006888,E02003117,52,25
bristol,DRIVE,E02006888,E02003121,52,26
bristol,DRIVE,E02006888,E02003046,52,27
bristol,DRIVE,E02006888,E02003049,52,28
bristol,DRIVE,E02006888,E02003050,52,29
bristol,DRIVE,E02006888,E02003054,52,30
bristol,DRIVE,E02006888,E02003047,52,31
bristol,DRIVE,E02006888,E02003052,52,32
bristol,DRIVE,E02006888,E02003056,52,33
bristol,DRIVE,E02006888,E02003057,52,34
bristol,DRIVE,E02006888,E02003059,52,35
bristol,DRIVE,E02006888,E02003058,52,36
bristol,DRIVE,E02006888,E02003053,52,37
bristol,DRIVE,E02006888,E02003060,52,38
bristol,DRIVE,E02006888,E02003063,52,39
bristol,DRIVE,E02006888,E02003064,52,40
bristol,DRIVE,E02006889,E02003012,53,0
bristol,DRIVE,E02006889,E02003013,53,1
bristol,DRIVE,E02006889,E02003014,53,2
bristol,DRIVE,E02006889,E02003015,53,3
bristol,DRIVE,E02006889,E02003017,53,4
bristol,DRIVE,E02006889,E02003019,53,5
bristol,DRIVE,E02006889,E02003020,53,6
bristol,DRIVE,E02006889,E02003043,53,7
bristol,DRIVE,E02006889,E02003094,53,8
bristol,DRIVE,E02006889,E02003100,53,9
bristol,DRIVE,E02006889,E02003106,53,10
bristol,DRIVE,E02006889,E02003107,53,11
bristol,DRIVE,E02006889,E02006887,53,12
bristol,DRIVE,E02006889,E02003098,53,13
bristol,DRIVE,E02006889,E02003026,53,14
bristol,DRIVE,E02006889,E02003068,53,15
bristol,DRIVE,E02006889,E02003024,53,16
bristol,DRIVE,E02006889,E02003025,53,17
bristol,DRIVE,E02006889,E02003037,53,18
bristol,DRIVE,E02006889,E02003041,53,19
bristol,DRIVE,E02006889,E02003031,53,20
bristol,DRIVE,E02006889,E02003034,53,21
bristol,DRIVE,E02006889,E02003032,53,22
bristol,DRIVE,E02006889,E02003108,53,23
bristol,DRIVE,E02006889,E02006889,53,24
bristol,DRIVE,E02006889,E02003117,53,25
bristol,DRIVE,E02006889,E02003121,53,26
bristol,DRIVE,E02006889,E02003046,53,27
bristol,DRIVE,E02006889,E02003049,53,28
bristol,DRIVE,E02006889,E02003050,53,29
bristol,DRIVE,E02006889,E02003054,53,30
bristol,DRIVE,E02006889,E02003047,53,31
bristol,DRIVE,E02006889,E02003052,53,32
bristol,DRIVE,E02006889,E02003056,53,33
bristol,DRIVE,E02006889,E02003057,53,34
bristol,DRIVE,E02006889,E02003059,53,35
bristol,DRIVE,E02006889,E02003058,53,36
bristol,DRIVE,E02006889,E02003053,53,37
bristol,DRIVE,E02006889,E02003060,53,38
bristol,DRIVE,E02006889,E02003063,53,39
bristol,DRIVE,E02006889,E02003064,53,40
bristol,DRIVE,E02006890,E02003012,54,0
bristol,DRIVE,E02006890,E02003013,54,1
bristol,DRIVE,E02006890,E02003014,54,2
bristol,DRIVE,E02006890,E02003015,54,3
bristol,DRIVE,E02006890,E02003017,54,4
bristol,DRIVE,E02006890,E02003019,54,5
bristol,DRIVE,E02006890,E02003020,54,6
bristol,DRIVE,E02006890,E02003043,54,7
bristol,DRIVE,E02006890,E02003094,54,8
bristol,DRIVE,E02006890,E02003100,54,9
bristol,DRIVE,E02006890,E02003106,54,10
bristol,DRIVE,E02006890,E02003107,54,11
bristol,DRIVE,E02006890,E02006887,54,12
bristol,DRIVE,E02006890,E02003098,54,13
bristol,DRIVE,E02006890,E02003026,54,14
bristol,DRIVE,E02006890,E02003068,54,15
bristol,DRIVE,E02006890,E02003024,54,16
bristol,DRIVE,E02006890,E02003025,54,17
bristol,DRIVE,E02006890,E02003037,54,18
bristol,DRIVE,E02006890,E02003041,54,19
bristol,DRIVE,E02006890,E02003031,54,20
bristol,DRIVE,E02006890,E02003034,54,21
bristol,DRIVE,E02006890,E02003032,54,22
bristol,DRIVE,E02006890,E02003108,54,23
bristol,DRIVE,E02006890,E02006889,54,24
bristol,DRIVE,E02006890,E02003117,54,25
bristol,DRIVE,E02006890,E02003121,54,26
bristol,DRIVE,E02006890,E02003046,54,27
bristol,DRIVE,E02006890,E02003049,54,28
bristol,DRIVE,E02006890,E02003050,54,29
bristol,DRIVE,E02006890,E02003054,54,30
bristol,DRIVE,E02006890,E02003047,54,31
bristol,DRIVE,E02006890,E02003052,54,32
bristol,DRIVE,E02006890,E02003056,54,33
bristol,DRIVE,E02006890,E02003057,54,34
bristol,DRIVE,E02006890,E02003059,54,35
bristol,DRIVE,E02006890,E02003058,54,36
bristol,DRIVE,E02006890,E02003053,54,37
bristol,DRIVE,E02006890,E02003060,54,38
bristol,DRIVE,E02006890,E02003063,54,39
bristol,DRIVE,E02006890,E02003064,54,40
bristol,BICYCLE,E02003016,E02003043,0,0
bristol,BICYCLE,E02003016,E02003019,0,1
bristol,BICYCLE,E02003016,E02003106,0,2
bristol,BICYCLE,E02003016,E02006887,0,3
bristol,BICYCLE,E02003016,E02003034,0,4
bristol,BICYCLE,E02003017,E02003043,1,0
bristol,BICYCLE,E02003017,E02003019,1,1
bristol,BICYCLE,E02003017,E02003106,1,2
bristol,BICYCLE,E02003017,E02006887,1,3
bristol,BICYCLE,E02003017,E02003034,1,4
bristol,BICYCLE,E02003019,E02003043,2,0
bristol,BICYCLE,E02003019,E02003019,2,1
bristol,BICYCLE,E02003019,E02003106,2,2
bristol,BICYCLE,E02003019,E02006887,2,3
bristol,BICYCLE,E02003019,E02003034,2,4
bristol,BICYCLE,E02003020,E02003043,3,0
bristol,BICYCLE,E02003020,E02003019,3,1
bristol,BICYCLE,E02003020,E02003106,3,2
bristol,BICYCLE,E02003020,E02006887,3,3
bristol,BICYCLE,E02003020,E02003034,3,4
bristol,BICYCLE,E02003021,E02003043,4,0
bristol,BICYCLE,E02003021,E02003019,4,1
bristol,BICYCLE,E02003021,E02003106,4,2
bristol,BICYCLE,E02003021,E02006887,4,3
bristol,BICYCLE,E02003021,E02003034,4,4
bristol,BICYCLE,E02003022,E02003043,5,0
bristol,BICYCLE,E02003022,E02003019,5,1
bristol,BICYCLE,E02003022,E02003106,5,2
bristol,BICYCLE,E02003022,E02006887,5,3
bristol,BICYCLE,E02003022,E02003034,5,4
bristol,BICYCLE,E02003026,E02003043,6,0
bristol,BICYCLE,E02003026,E02003019,6,1
bristol,BICYCLE,E02003026,E02003106,6,2
bristol,BICYCLE,E02003026,E02006887,6,3
bristol,BICYCLE,E02003026,E02003034,6,4
bristol,BICYCLE,E02003027,E02003043,7,0
bristol,BICYCLE,E02003027,E02003019,7,1
bristol,BICYCLE,E02003027,E02003106,7,2
bristol,BICYCLE,E02003027,E02006887,7,3
bristol,BICYCLE,E02003027,E02003034,7,4
bristol,BICYCLE,E02003028,E02003043,8,0
bristol,BICYCLE,E02003028,E02003019,8,1
bristol,BICYCLE,E02003028,E02003106,8,2
bristol,BICYCLE,E02003028,E02006887,8,3
bristol,BICYCLE,E02003028,E02003034,8,4
bristol,BICYCLE,E02003030,E02003043,9,0
bristol,BICYCLE,E02003030,E02003019,9,1
bristol,BICYCLE,E02003030,E02003106,9,2
bristol,BICYCLE,E02003030,E02006887,9,3
bristol,BICYCLE,E02003030,E02003034,9,4
bristol,BICYCLE,E02003031,E02003043,10,0
bristol,BICYCLE,E02003031,E02003019,10,1
bristol,BICYCLE,E02003031,E02003106,10,2
bristol,BICYCLE,E02003031,E02006887,10,3
bristol,BICYCLE,E02003031,E02003034,10,4
bristol,BICYCLE,E02003033,E02003043,11,0
bristol,BICYCLE,E02003033,E02003019,11,1
bristol,BICYCLE,E02003033,E02003106,11,2
bristol,BICYCLE,E02003033,E02006887,11,3
bristol,BICYCLE,E02003033,E02003034,11,4
bristol,BICYCLE,E02003034,E02003043,12,0
bristol,BICYCLE,E02003034,E02003019,12,1
bristol,BICYCLE,E02003034,E02003106,12,2
bristol,BICYCLE,E02003034,E02006887,12,3
bristol,BICYCLE,E02003034,E02003034,12,4
bristol,BICYCLE,E02003036,E02003043,13,0
bristol,BICYCLE,E02003036,E02003019,13,1
bristol,BICYCLE,E02003036,E02003106,13,2
bristol,BICYCLE,E02003036,E02006887,13,3
bristol,BICYCLE,E02003036,E02003034,13,4
bristol,BICYCLE,E02003037,E02003043,14,0
bristol,BICYCLE,E02003037,E02003019,14,1
bristol,BICYCLE,E02003037,E02003106,14,2
bristol,BICYCLE,E02003037,E02006887,14,3
bristol,BICYCLE,E02003037,E02003034,14,4
bristol,BICYCLE,E02003040,E02003043,15,0
bristol,BICYCLE,E02003040,E02003019,15,1
bristol,BICYCLE,E02003040,E02003106,15,2
bristol,BICYCLE,E02003040,E02006887,15,3
bristol,BICYCLE,E02003040,E02003034,15,4
bristol,BICYCLE,E02003041,E02003043,16,0
bristol,BICYCLE,E02003041,E02003019,16,1
bristol,BICYCLE,E02003041,E02003106,16,2
bristol,BICYCLE,E02003041,E02006887,16,3
bristol,BICYCLE,E02003041,E02003034,16,4
bristol,BICYCLE,E02003043,E02003043,17,0
bristol,BICYCLE,E02003043,E02003019,17,1
bristol,BICYCLE,E02003043,E02003106,17,2
bristol,BICYCLE,E02003043,E02006887,17,3
bristol,BICYCLE,E02003043,E02003034,17,4
bristol,BICYCLE,E02003045,E02003043,18,0
bristol,BICYCLE,E02003045,E02003019,18,1
bristol,BICYCLE,E02003045,E02003106,18,2
bristol,BICYCLE,E02003045,E02006887,18,3
bristol,BICYCLE,E02003045,E02003034,18,4
bristol,BICYCLE,E02003046,E02003043,19,0
bristol,BICYCLE,E02003046,E02003019,19,1
bristol,BICYCLE,E02003046,E02003106,19,2
bristol,BICYCLE,E02003046,E02006887,19,3
bristol,BICYCLE,E02003046,E02003034,19,4
bristol,BICYCLE,E02003047,E02003043,20,0
bristol,BICYCLE,E02003047,E02003019,20,1
bristol,BICYCLE,E02003047,E02003106,20,2
bristol,BICYCLE,E02003047,E02006887,20,3
bristol,BICYCLE,E02003047,E02003034,20,4
bristol,BICYCLE,E02003048,E02003043,21,0
bristol,BICYCLE,E02003048,E02003019,21,1
bristol,BICYCLE,E02003048,E02003106,21,2
bristol,BICYCLE,E02003048,E02006887,21,3
bristol,BICYCLE,E02003048,E02003034,21,4
bristol,BICYCLE,E02003050,E02003043,22,0
bristol,BICYCLE,E02003050,E02003019,22,1
bristol,BICYCLE,E02003050,E02003106,22,2
bristol,BICYCLE,E02003050,E02006887,22,3
bristol,BICYCLE,E02003050,E02003034,22,4
bristol,BICYCLE,E02003051,E02003043,23,0
bristol,BICYCLE,E02003051,E02003019,23,1
bristol,BICYCLE,E02003051,E02003106,23,2
bristol,BICYCLE,E02003051,E02006887,23,3
bristol,BICYCLE,E02003051,E02003034,23,4
bristol,BICYCLE,E02003052,E02003043,24,0
bristol,BICYCLE,E02003052,E02003019,24,1
bristol,BICYCLE,E02003052,E02003106,24,2
bristol,BICYCLE,E02003052,E02006887,24,3
bristol,BICYCLE,E02003052,E02003034,24,4
bristol,BICYCLE,E02003053,E02003043,25,0
bristol,BICYCLE,E02003053,E02003019,25,1
bristol,BICYCLE,E02003053,E02003106,25,2
bristol,BICYCLE,E02003053,E02006887,25,3
bristol,BICYCLE,E02003053,E02003034,25,4
bristol,BICYCLE,E02006888,E02003043,26,0
bristol,BICYCLE,E02006888,E02003019,26,1
bristol,BICYCLE,E02006888,E02003106,26,2
bristol,BICYCLE,E02006888,E02006887,26,3
bristol,BICYCLE,E02006888,E02003034,26,4
bristol,BICYCLE,E02006890,E02003043,27,0
bristol,BICYCLE,E02006890,E02003019,27,1
bristol,BICYCLE,E02006890,E02003106,27,2
bristol,BICYCLE,E02006890,E02006887,27,3
bristol,BICYCLE,E02006890,E02003034,27,4
bristol,WALK,E02003012,E02003012,0,0
bristol,WALK,E02003012,E02003013,0,1
bristol,WALK,E02003012,E02003015,0,2
bristol,WALK,E02003012,E02003014,0,3
bristol,WALK,E02003012,E02003019,0,4
bristol,WALK,E02003012,E02003016,0,5
bristol,WALK,E02003012,E02003106,0,6
bristol,WALK,E02003012,E02003017,0,7
bristol,WALK,E02003012,E02003027,0,8
bristol,WALK,E02003012,E02003043,0,9
bristol,WALK,E02003012,E02003023,0,10
bristol,WALK,E02003012,E02003024,0,11
bristol,WALK,E02003012,E02003025,0,12
bristol,WALK,E02003012,E02003031,0,13
bristol,WALK,E02003012,E02003034,0,14
bristol,WALK,E02003012,E02003036,0,15
bristol,WALK,E02003012,E02006887,0,16
bristol,WALK,E02003012,E02003028,0,17
bristol,WALK,E02003012,E02003037,0,18
bristol,WALK,E02003012,E02003033,0,19
bristol,WALK,E02003012,E02003032,0,20
bristol,WALK,E02003012,E02003041,0,21
bristol,WALK,E02003012,E02003038,0,22
bristol,WALK,E02003012,E02003039,0,23
bristol,WALK,E02003012,E02003040,0,24
bristol,WALK,E02003012,E02006889,0,25
bristol,WALK,E02003012,E02003046,0,26
bristol,WALK,E02003012,E02003054,0,27
bristol,WALK,E02003012,E02003047,0,28
bristol,WALK,E02003012,E02003050,0,29
bristol,WALK,E02003012,E02003052,0,30
bristol,WALK,E02003012,E02003049,0,31
bristol,WALK,E02003012,E02003053,0,32
bristol,WALK,E02003012,E02003056,0,33
bristol,WALK,E02003012,E02003057,0,34
bristol,WALK,E02003012,E02003058,0,35
bristol,WALK,E02003012,E02003059,0,36
bristol,WALK,E02003012,E02003060,0,37
bristol,WALK,E02003012,E02003062,0,38
bristol,WALK,E02003012,E02003063,0,39
bristol,WALK,E02003012,E02003064,0,40
bristol,WALK,E02003012,E02006888,0,41
bristol,WALK,E02003012,E02006890,0,42
bristol,WALK,E02003013,E02003012,1,0
bristol,WALK,E02003013,E02003013,1,1
bristol,WALK,E02003013,E02003015,1,2
bristol,WALK,E02003013,E02003014,1,3
bristol,WALK,E02003013,E02003019,1,4
bristol,WALK,E02003013,E02003016,1,5
bristol,WALK,E02003013,E02003106,1,6
bristol,WALK,E02003013,E02003017,1,7
bristol,WALK,E02003013,E02003027,1,8
bristol,WALK,E02003013,E02003043,1,9
bristol,WALK,E02003013,E02003023,1,10
bristol,WALK,E02003013,E02003024,1,11
bristol,WALK,E02003013,E02003025,1,12
bristol,WALK,E02003013,E02003031,1,13
bristol,WALK,E02003013,E02003034,1,14
bristol,WALK,E02003013,E02003036,1,15
bristol,WALK,E02003013,E02006887,1,16
bristol,WALK,E02003013,E02003028,1,17
bristol,WALK,E02003013,E02003037,1,18
bristol,WALK,E02003013,E02003033,1,19
bristol,WALK,E02003013,E02003032,1,20
bristol,WALK,E02003013,E02003041,1,21
bristol,WALK,E02003013,E02003038,1,22
bristol,WALK,E02003013,E02003039,1,23
bristol,WALK,E02003013,E02003040,1,24
bristol,WALK,E02003013,E02006889,1,25
bristol,WALK,E02003013,E02003046,1,26
bristol,WALK,E02003013,E02003054,1,27
bristol,WALK,E02003013,E02003047,1,28
bristol,WALK,E02003013,E02003050,1,29
bristol,WALK,E02003013,E02003052,1,30
bristol,WALK,E02003013,E02003049,1,31
bristol,WALK,E02003013,E02003053,1,32
bristol,WALK,E02003013,E02003056,1,33
bristol,WALK,E02003013,E02003057,1,34
bristol,WALK,E02003013,E02003058,1,35
bristol,WALK,E02003013,E02003059,1,36
bristol,WALK,E02003013,E02003060,1,37
bristol,WALK,E02003013,E02003062,1,38
bristol,WALK,E02003013,E02003063,1,39
bristol,WALK,E02003013,E02003064,1,40
bristol,WALK,E02003013,E02006888,1,41
bristol,WALK,E02003013,E02006890,1,42
bristol,WALK,E02003014,E02003012,2,0
bristol,WALK,E02003014,E02003013,2,1
bristol,WALK,E02003014,E02003015,2,2
bristol,WALK,E02003014,E02003014,2,3
bristol,WALK,E02003014,E02003019,2,4
bristol,WALK,E02003014,E02003016,2,5
bristol,WALK,E02003014,E02003106,2,6
bristol,WALK,E02003014,E02003017,2,7
bristol,WALK,E02003014,E02003027,2,8
bristol,WALK,E02003014,E02003043,2,9
bristol,WALK,E02003014,E02003023,2,10
bristol,WALK,E02003014,E02003024,2,11
bristol,WALK,E02003014,E02003025,2,12
bristol,WALK,E02003014,E02003031,2,13
bristol,WALK,E02003014,E02003034,2,14
bristol,WALK,E02003014,E02003036,2,15
bristol,WALK,E02003014,E02006887,2,16
bristol,WALK,E02003014,E02003028,2,17
bristol,WALK,E02003014,E02003037,2,18
bristol,WALK,E02003014,E02003033,2,19
bristol,WALK,E02003014,E02003032,2,20
bristol,WALK,E02003014,E02003041,2,21
bristol,WALK,E02003014,E02003038,2,22
bristol,WALK,E02003014,E02003039,2,23
bristol,WALK,E02003014,E02003040,2,24
bristol,WALK,E02003014,E02006889,2,25
bristol,WALK,E02003014,E02003046,2,26
bristol,WALK,E02003014,E02003054,2,27
bristol,WALK,E02003014,E02003047,2,28
bristol,WALK,E02003014,E02003050,2,29
bristol,WALK,E02003014,E02003052,2,30
bristol,WALK,E02003014,E02003049,2,31
bristol,WALK,E02003014,E02003053,2,32
bristol,WALK,E02003014,E02003056,2,33
bristol,WALK,E02003014,E02003057,2,34
bristol,WALK,E02003014,E02003058,2,35
bristol,WALK,E02003014,E02003059,2,36
bristol,WALK,E02003014,E02003060,2,37
bristol,WALK,E02003014,E02003062,2,38
bristol,WALK,E02003014,E02003063,2,39
bristol,WALK,E02003014,E02003064,2,40
bristol,WALK,E02003014,E02006888,2,41
bristol,WALK,E02003014,E02006890,2,42
bristol,WALK,E02003015,E02003012,3,0
bristol,WALK,E02003015,E02003013,3,1
bristol,WALK,E02003015,E02003015,3,2
bristol,WALK,E02003015,E02003014,3,3
bristol,WALK,E02003015,E02003019,3,4
bristol,WALK,E02003015,E02003016,3,5
bristol,WALK,E02003015,E02003106,3,6
bristol,WALK,E02003015,E02003017,3,7
bristol,WALK,E02003015,E02003027,3,8
bristol,WALK,E02003015,E02003043,3,9
bristol,WALK,E02003015,E02003023,3,10
bristol,WALK,E02003015,E02003024,3,11
bristol,WALK,E02003015,E02003025,3,12
bristol,WALK,E02003015,E02003031,3,13
bristol,WALK,E02003015,E02003034,3,14
bristol,WALK,E02003015,E02003036,3,15
bristol,WALK,E02003015,E02006887,3,16
bristol,WALK,E02003015,E02003028,3,17
bristol,WALK,E02003015,E02003037,3,18
bristol,WALK,E02003015,E02003033,3,19
bristol,WALK,E02003015,E02003032,3,20
bristol,WALK,E02003015,E02003041,3,21
bristol,WALK,E02003015,E02003038,3,22
bristol,WALK,E02003015,E02003039,3,23
bristol,WALK,E02003015,E02003040,3,24
bristol,WALK,E02003015,E02006889,3,25
bristol,WALK,E02003015,E02003046,3,26
bristol,WALK,E02003015,E02003054,3,27
bristol,WALK,E02003015,E02003047,3,28
bristol,WALK,E02003015,E02003050,3,29
bristol,WALK,E02003015,E02003052,3,30
bristol,WALK,E02003015,E02003049,3,31
bristol,WALK,E02003015,E02003053,3,32
bristol,WALK,E02003015,E02003056,3,33
bristol,WALK,E02003015,E02003057,3,34
bristol,WALK,E02003015,E02003058,3,35
bristol,WALK,E02003015,E02003059,3,36
bristol,WALK,E02003015,E02003060,3,37
bristol,WALK,E02003015,E02003062,3,38
bristol,WALK,E02003015,E02003063,3,39
bristol,WALK,E02003015,E02003064,3,40
bristol,WALK,E02003015,E02006888,3,41
bristol,WALK,E02003015,E02006890,3,42
bristol,WALK,E02003016,E02003012,4,0
bristol,WALK,E02003016,E02003013,4,1
bristol,WALK,E02003016,E02003015,4,2
bristol,WALK,E02003016,E02003014,4,3
bristol,WALK,E02003016,E02003019,4,4
bristol,WALK,E02003016,E02003016,4,5
bristol,WALK,E02003016,E02003106,4,6
bristol,WALK,E02003016,E02003017,4,7
bristol,WALK,E02003016,E02003027,4,8
bristol,WALK,E02003016,E02003043,4,9
bristol,WALK,E02003016,E02003023,4,10
bristol,WALK,E02003016,E02003024,4,11
bristol,WALK,E02003016,E02003025,4,12
bristol,WALK,E02003016,E02003031,4,13
bristol,WALK,E02003016,E02003034,4,14
bristol,WALK,E02003016,E02003036,4,15
bristol,WALK,E02003016,E02006887,4,16
bristol,WALK,E02003016,E02003028,4,17
bristol,WALK,E02003016,E02003037,4,18
bristol,WALK,E02003016,E02003033,4,19
bristol,WALK,E02003016,E02003032,4,20
bristol,WALK,E02003016,E02003041,4,21
bristol,WALK,E02003016,E02003038,4,22
bristol,WALK,E02003016,E02003039,4,23
bristol,WALK,E02003016,E02003040,4,24
bristol,WALK,E02003016,E02006889,4,25
bristol,WALK,E02003016,E02003046,4,26
bristol,WALK,E02003016,E02003054,4,27
bristol,WALK,E02003016,E02003047,4,28
bristol,WALK,E02003016,E02003050,4,29
bristol,WALK,E02003016,E02003052,4,30
bristol,WALK,E02003016,E02003049,4,31
bristol,WALK,E02003016,E02003053,4,32
bristol,WALK,E02003016,E02003056,4,33
bristol,WALK,E02003016,E02003057,4,34
bristol,WALK,E02003016,E02003058,4,35
bristol,WALK,E02003016,E02003059,4,36
bristol,WALK,E02003016,E02003060,4,37
bristol,WALK,E02003016,E02003062,4,38
bristol,WALK,E02003016,E02003063,4,39
bristol,WALK,E02003016,E02003064,4,40
bristol,WALK,E02003016,E02006888,4,41
bristol,WALK,E02003016,E02006890,4,42
bristol,WALK,E02003017,E02003012,5,0
bristol,WALK,E02003017,E02003013,5,1
bristol,WALK,E02003017,E02003015,5,2
bristol,WALK,E02003017,E02003014,5,3
bristol,WALK,E02003017,E02003019,5,4
bristol,WALK,E02003017,E02003016,5,5
bristol,WALK,E02003017,E02003106,5,6
bristol,WALK,E02003017,E02003017,5,7
bristol,WALK,E02003017,E02003027,5,8
bristol,WALK,E02003017,E02003043,5,9
bristol,WALK,E02003017,E02003023,5,10
bristol,WALK,E02003017,E02003024,5,11
bristol,WALK,E02003017,E02003025,5,12
bristol,WALK,E02003017,E02003031,5,13
bristol,WALK,E02003017,E02003034,5,14
bristol,WALK,E02003017,E02003036,5,15
bristol,WALK,E02003017,E02006887,5,16
bristol,WALK,E02003017,E02003028,5,17
bristol,WALK,E02003017,E02003037,5,18
bristol,WALK,E02003017,E02003033,5,19
bristol,WALK,E02003017,E02003032,5,20
bristol,WALK,E02003017,E02003041,5,21
bristol,WALK,E02003017,E02003038,5,22
bristol,WALK,E02003017,E02003039,5,23
bristol,WALK,E02003017,E02003040,5,24
bristol,WALK,E02003017,E02006889,5,25
bristol,WALK,E02003017,E02003046,5,26
bristol,WALK,E02003017,E02003054,5,27
bristol,WALK,E02003017,E02003047,5,28
bristol,WALK,E02003017,E02003050,5,29
bristol,WALK,E02003017,E02003052,5,30
bristol,WALK,E02003017,E02003049,5,31
bristol,WALK,E02003017,E02003053,5,32
bristol,WALK,E02003017,E02003056,5,33
bristol,WALK,E02003017,E02003057,5,34
bristol,WALK,E02003017,E02003058,5,35
bristol,WALK,E02003017,E02003059,5,36
bristol,WALK,E02003017,E02003060,5,37
bristol,WALK,E02003017,E02003062,5,38
bristol,WALK,E02003017,E02003063,5,39
bristol,WALK,E02003017,E02003064,5,40
bristol,WALK,E02003017,E02006888,5,41
bristol,WALK,E02003017,E02006890,5,42
bristol,WALK,E02003019,E02003012,6,0
bristol,WALK,E02003019,E02003013,6,1
bristol,WALK,E02003019,E02003015,6,2
bristol,WALK,E02003019,E02003014,6,3
bristol,WALK,E02003019,E02003019,6,4
bristol,WALK,E02003019,E02003016,6,5
bristol,WALK,E02003019,E02003106,6,6
bristol,WALK,E02003019,E02003017,6,7
bristol,WALK,E02003019,E02003027,6,8
bristol,WALK,E02003019,E02003043,6,9
bristol,WALK,E02003019,E02003023,6,10
bristol,WALK,E02003019,E02003024,6,11
bristol,WALK,E02003019,E02003025,6,12
bristol,WALK,E02003019,E02003031,6,13
bristol,WALK,E02003019,E02003034,6,14
bristol,WALK,E02003019,E02003036,6,15
bristol,WALK,E02003019,E02006887,6,16
bristol,WALK,E02003019,E02003028,6,17
bristol,WALK,E02003019,E02003037,6,18
bristol,WALK,E02003019,E02003033,6,19
bristol,WALK,E02003019,E02003032,6,20
bristol,WALK,E02003019,E02003041,6,21
bristol,WALK,E02003019,E02003038,6,22
bristol,WALK,E02003019,E02003039,6,23
bristol,WALK,E02003019,E02003040,6,24
bristol,WALK,E02003019,E02006889,6,25
bristol,WALK,E02003019,E02003046,6,26
bristol,WALK,E02003019,E02003054,6,27
bristol,WALK,E02003019,E02003047,6,28
bristol,WALK,E02003019,E02003050,6,29
bristol,WALK,E02003019,E02003052,6,30
bristol,WALK,E02003019,E02003049,6,31
bristol,WALK,E02003019,E02003053,6,32
bristol,WALK,E02003019,E02003056,6,33
bristol,WALK,E02003019,E02003057,6,34
bristol,WALK,E02003019,E02003058,6,35
bristol,WALK,E02003019,E02003059,6,36
bristol,WALK,E02003019,E02003060,6,37
bristol,WALK,E02003019,E02003062,6,38
bristol,WALK,E02003019,E02003063,6,39
bristol,WALK,E02003019,E02003064,6,40
bristol,WALK,E02003019,E02006888,6,41
bristol,WALK,E02003019,E02006890,6,42
bristol,WALK,E02003021,E02003012,7,0
bristol,WALK,E02003021,E02003013,7,1
bristol,WALK,E02003021,E02003015,7,2
bristol,WALK,E02003021,E02003014,7,3
bristol,WALK,E02003021,E02003019,7,4
bristol,WALK,E02003021,E02003016,7,5
bristol,WALK,E02003021,E02003106,7,6
bristol,WALK,E02003021,E02003017,7,7
bristol,WALK,E02003021,E02003027,7,8
bristol,WALK,E02003021,E02003043,7,9
bristol,WALK,E02003021,E02003023,7,10
bristol,WALK,E02003021,E02003024,7,11
bristol,WALK,E02003021,E02003025,7,12
bristol,WALK,E02003021,E02003031,7,13
bristol,WALK,E02003021,E02003034,7,14
bristol,WALK,E02003021,E02003036,7,15
bristol,WALK,E02003021,E02006887,7,16
bristol,WALK,E02003021,E02003028,7,17
bristol,WALK,E02003021,E02003037,7,18
bristol,WALK,E02003021,E02003033,7,19
bristol,WALK,E02003021,E02003032,7,20
bristol,WALK,E02003021,E02003041,7,21
bristol,WALK,E02003021,E02003038,7,22
bristol,WALK,E02003021,E02003039,7,23
bristol,WALK,E02003021,E02003040,7,24
bristol,WALK,E02003021,E02006889,7,25
bristol,WALK,E02003021,E02003046,7,26
bristol,WALK,E02003021,E02003054,7,27
bristol,WALK,E02003021,E02003047,7,28
bristol,WALK,E02003021,E02003050,7,29
bristol,WALK,E02003021,E02003052,7,30
bristol,WALK,E02003021,E02003049,7,31
bristol,WALK,E02003021,E02003053,7,32
bristol,WALK,E02003021,E02003056,7,33
bristol,WALK,E02003021,E02003057,7,34
bristol,WALK,E02003021,E02003058,7,35
bristol,WALK,E02003021,E02003059,7,36
bristol,WALK,E02003021,E02003060,7,37
bristol,WALK,E02003021,E02003062,7,38
bristol,WALK,E02003021,E02003063,7,39
bristol,WALK,E02003021,E02003064,7,40
bristol,WALK,E02003021,E02006888,7,41
bristol,WALK,E02003021,E02006890,7,42
bristol,WALK,E02003022,E02003012,8,0
bristol,WALK,E02003022,E02003013,8,1
bristol,WALK,E02003022,E02003015,8,2
bristol,WALK,E02003022,E02003014,8,3
bristol,WALK,E02003022,E02003019,8,4
bristol,WALK,E02003022,E02003016,8,5
bristol,WALK,E02003022,E02003106,8,6
bristol,WALK,E02003022,E02003017,8,7
bristol,WALK,E02003022,E02003027,8,8
bristol,WALK,E02003022,E02003043,8,9
bristol,WALK,E02003022,E02003023,8,10
bristol,WALK,E02003022,E02003024,8,11
bristol,WALK,E02003022,E02003025,8,12
bristol,WALK,E02003022,E02003031,8,13
bristol,WALK,E02003022,E02003034,8,14
bristol,WALK,E02003022,E02003036,8,15
bristol,WALK,E02003022,E02006887,8,16
bristol,WALK,E02003022,E02003028,8,17
bristol,WALK,E02003022,E02003037,8,18
bristol,WALK,E02003022,E02003033,8,19
bristol,WALK,E02003022,E02003032,8,20
bristol,WALK,E02003022,E02003041,8,21
bristol,WALK,E02003022,E02003038,8,22
bristol,WALK,E02003022,E02003039,8,23
bristol,WALK,E02003022,E02003040,8,24
bristol,WALK,E02003022,E02006889,8,25
bristol,WALK,E02003022,E02003046,8,26
bristol,WALK,E02003022,E02003054,8,27
bristol,WALK,E02003022,E02003047,8,28
bristol,WALK,E02003022,E02003050,8,29
bristol,WALK,E02003022,E02003052,8,30
bristol,WALK,E02003022,E02003049,8,31
bristol,WALK,E02003022,E02003053,8,32
bristol,WALK,E02003022,E02003056,8,33
bristol,WALK,E02003022,E02003057,8,34
bristol,WALK,E02003022,E02003058,8,35
bristol,WALK,E02003022,E02003059,8,36
bristol,WALK,E02003022,E02003060,8,37
bristol,WALK,E02003022,E02003062,8,38
bristol,WALK,E02003022,E02003063,8,39
bristol,WALK,E02003022,E02003064,8,40
bristol,WALK,E02003022,E02006888,8,41
bristol,WALK,E02003022,E02006890,8,42
bristol,WALK,E02003023,E02003012,9,0
bristol,WALK,E02003023,E02003013,9,1
bristol,WALK,E02003023,E02003015,9,2
bristol,WALK,E02003023,E02003014,9,3
bristol,WALK,E02003023,E02003019,9,4
bristol,WALK,E02003023,E02003016,9,5
bristol,WALK,E02003023,E02003106,9,6
bristol,WALK,E02003023,E02003017,9,7
bristol,WALK,E02003023,E02003027,9,8
bristol,WALK,E02003023,E02003043,9,9
bristol,WALK,E02003023,E02003023,9,10
bristol,WALK,E02003023,E02003024,9,11
bristol,WALK,E02003023,E02003025,9,12
bristol,WALK,E02003023,E02003031,9,13
bristol,WALK,E02003023,E02003034,9,14
bristol,WALK,E02003023,E02003036,9,15
bristol,WALK,E02003023,E02006887,9,16
bristol,WALK,E02003023,E02003028,9,17
bristol,WALK,E02003023,E02003037,9,18
bristol,WALK,E02003023,E02003033,9,19
bristol,WALK,E02003023,E02003032,9,20
bristol,WALK,E02003023,E02003041,9,21
bristol,WALK,E02003023,E02003038,9,22
bristol,WALK,E02003023,E02003039,9,23
bristol,WALK,E02003023,E02003040,9,24
bristol,WALK,E02003023,E02006889,9,25
bristol,WALK,E02003023,E02003046,9,26
bristol,WALK,E02003023,E02003054,9,27
bristol,WALK,E02003023,E02003047,9,28
bristol,WALK,E02003023,E02003050,9,29
bristol,WALK,E02003023,E02003052,9,30
bristol,WALK,E02003023,E02003049,9,31
bristol,WALK,E02003023,E02003053,9,32
bristol,WALK,E02003023,E02003056,9,33
bristol,WALK,E02003023,E02003057,9,34
bristol,WALK,E02003023,E02003058,9,35
bristol,WALK,E02003023,E02003059,9,36
bristol,WALK,E02003023,E02003060,9,37
bristol,WALK,E02003023,E02003062,9,38
bristol,WALK,E02003023,E02003063,9,39
bristol,WALK,E02003023,E02003064,9,40
bristol,WALK,E02003023,E02006888,9,41
bristol,WALK,E02003023,E02006890,9,42
bristol,WALK,E02003024,E02003012,10,0
bristol,WALK,E02003024,E02003013,10,1
bristol,WALK,E02003024,E02003015,10,2
bristol,WALK,E02003024,E02003014,10,3
bristol,WALK,E02003024,E02003019,10,4
bristol,WALK,E02003024,E02003016,10,5
bristol,WALK,E02003024,E02003106,10,6
bristol,WALK,E02003024,E02003017,10,7
bristol,WALK,E02003024,E02003027,10,8
bristol,WALK,E02003024,E02003043,10,9
bristol,WALK,E02003024,E02003023,10,10
bristol,WALK,E02003024,E02003024,10,11
bristol,WALK,E02003024,E02003025,10,12
bristol,WALK,E02003024,E02003031,10,13
bristol,WALK,E02003024,E02003034,10,14
bristol,WALK,E02003024,E02003036,10,15
bristol,WALK,E02003024,E02006887,10,16
bristol,WALK,E02003024,E02003028,10,17
bristol,WALK,E02003024,E02003037,10,18
bristol,WALK,E02003024,E02003033,10,19
bristol,WALK,E02003024,E02003032,10,20
bristol,WALK,E02003024,E02003041,10,21
bristol,WALK,E02003024,E02003038,10,22
bristol,WALK,E02003024,E02003039,10,23
bristol,WALK,E02003024,E02003040,10,24
bristol,WALK,E02003024,E02006889,10,25
bristol,WALK,E02003024,E02003046,10,26
bristol,WALK,E02003024,E02003054,10,27
bristol,WALK,E02003024,E02003047,10,28
bristol,WALK,E02003024,E02003050,10,29
bristol,WALK,E02003024,E02003052,10,30
bristol,WALK,E02003024,E02003049,10,31
bristol,WALK,E02003024,E02003053,10,32
bristol,WALK,E02003024,E02003056,10,33
bristol,WALK,E02003024,E02003057,10,34
bristol,WALK,E02003024,E02003058,10,35
bristol,WALK,E02003024,E02003059,10,36
bristol,WALK,E02003024,E02003060,10,37
bristol,WALK,E02003024,E02003062,10,38
bristol,WALK,E02003024,E02003063,10,39
bristol,WALK,E02003024,E02003064,10,40
bristol,WALK,E02003024,E02006888,10,41
bristol,WALK,E02003024,E02006890,10,42
bristol,WALK,E02003025,E02003012,11,0
bristol,WALK,E02003025,E02003013,11,1
bristol,WALK,E02003025,E02003015,11,2
bristol,WALK,E02003025,E02003014,11,3
bristol,WALK,E02003025,E02003019,11,4
bristol,WALK,E02003025,E02003016,11,5
bristol,WALK,E02003025,E02003106,11,6
bristol,WALK,E02003025,E02003017,11,7
bristol,WALK,E02003025,E02003027,11,8
bristol,WALK,E02003025,E02003043,11,9
bristol,WALK,E02003025,E02003023,11,10
bristol,WALK,E02003025,E02003024,11,11
bristol,WALK,E02003025,E02003025,11,12
bristol,WALK,E02003025,E02003031,11,13
bristol,WALK,E02003025,E02003034,11,14
bristol,WALK,E02003025,E02003036,11,15
bristol,WALK,E02003025,E02006887,11,16
bristol,WALK,E02003025,E02003028,11,17
bristol,WALK,E02003025,E02003037,11,18
bristol,WALK,E02003025,E02003033,11,19
bristol,WALK,E02003025,E02003032,11,20
bristol,WALK,E02003025,E02003041,11,21
bristol,WALK,E02003025,E02003038,11,22
bristol,WALK,E02003025,E02003039,11,23
bristol,WALK,E02003025,E02003040,11,24
bristol,WALK,E02003025,E02006889,11,25
bristol,WALK,E02003025,E02003046,11,26
bristol,WALK,E02003025,E02003054,11,27
bristol,WALK,E02003025,E02003047,11,28
bristol,WALK,E02003025,E02003050,11,29
bristol,WALK,E02003025,E02003052,11,30
bristol,WALK,E02003025,E02003049,11,31
bristol,WALK,E02003025,E02003053,11,32
bristol,WALK,E02003025,E02003056,11,33
bristol,WALK,E02003025,E02003057,11,34
bristol,WALK,E02003025,E02003058,11,35
bristol,WALK,E02003025,E02003059,11,36
bristol,WALK,E02003025,E02003060,11,37
bristol,WALK,E02003025,E02003062,11,38
bristol,WALK,E02003025,E02003063,11,39
bristol,WALK,E02003025,E02003064,11,40
bristol,WALK,E02003025,E02006888,11,41
bristol,WALK,E02003025,E02006890,11,42
bristol,WALK,E02003026,E02003012,12,0
bristol,WALK,E02003026,E02003013,12,1
bristol,WALK,E02003026,E02003015,12,2
bristol,WALK,E02003026,E02003014,12,3
bristol,WALK,E02003026,E02003019,12,4
bristol,WALK,E02003026,E02003016,12,5
bristol,WALK,E02003026,E02003106,12,6
bristol,WALK,E02003026,E02003017,12,7
bristol,WALK,E02003026,E02003027,12,8
bristol,WALK,E02003026,E02003043,12,9
bristol,WALK,E02003026,E02003023,12,10
bristol,WALK,E02003026,E02003024,12,11
bristol,WALK,E02003026,E02003025,12,12
bristol,WALK,E02003026,E02003031,12,13
bristol,WALK,E02003026,E02003034,12,14
bristol,WALK,E02003026,E02003036,12,15
bristol,WALK,E02003026,E02006887,12,16
bristol,WALK,E02003026,E02003028,12,17
bristol,WALK,E02003026,E02003037,12,18
bristol,WALK,E02003026,E02003033,12,19
bristol,WALK,E02003026,E02003032,12,20
bristol,WALK,E02003026,E02003041,12,21
bristol,WALK,E02003026,E02003038,12,22
bristol,WALK,E02003026,E02003039,12,23
bristol,WALK,E02003026,E02003040,12,24
bristol,WALK,E02003026,E02006889,12,25
bristol,WALK,E02003026,E02003046,12,26
bristol,WALK,E02003026,E02003054,12,27
bristol,WALK,E02003026,E02003047,12,28
bristol,WALK,E02003026,E02003050,12,29
bristol,WALK,E02003026,E02003052,12,30
bristol,WALK,E02003026,E02003049,12,31
bristol,WALK,E02003026,E02003053,12,32
bristol,WALK,E02003026,E02003056,12,33
bristol,WALK,E02003026,E02003057,12,34
bristol,WALK,E02003026,E02003058,12,35
bristol,WALK,E02003026,E02003059,12,36
bristol,WALK,E02003026,E02003060,12,37
bristol,WALK,E02003026,E02003062,12,38
bristol,WALK,E02003026,E02003063,12,39
bristol,WALK,E02003026,E02003064,12,40
bristol,WALK,E02003026,E02006888,12,41
bristol,WALK,E02003026,E02006890,12,42
bristol,WALK,E02003027,E02003012,13,0
bristol,WALK,E02003027,E02003013,13,1
bristol,WALK,E02003027,E02003015,13,2
bristol,WALK,E02003027,E02003014,13,3
bristol,WALK,E02003027,E02003019,13,4
bristol,WALK,E02003027,E02003016,13,5
bristol,WALK,E02003027,E02003106,13,6
bristol,WALK,E02003027,E02003017,13,7
bristol,WALK,E02003027,E02003027,13,8
bristol,WALK,E02003027,E02003043,13,9
bristol,WALK,E02003027,E02003023,13,10
bristol,WALK,E02003027,E02003024,13,11
bristol,WALK,E02003027,E02003025,13,12
bristol,WALK,E02003027,E02003031,13,13
bristol,WALK,E02003027,E02003034,13,14
bristol,WALK,E02003027,E02003036,13,15
bristol,WALK,E02003027,E02006887,13,16
bristol,WALK,E02003027,E02003028,13,17
bristol,WALK,E02003027,E02003037,13,18
bristol,WALK,E02003027,E02003033,13,19
bristol,WALK,E02003027,E02003032,13,20
bristol,WALK,E02003027,E02003041,13,21
bristol,WALK,E02003027,E02003038,13,22
bristol,WALK,E02003027,E02003039,13,23
bristol,WALK,E02003027,E02003040,13,24
bristol,WALK,E02003027,E02006889,13,25
bristol,WALK,E02003027,E02003046,13,26
bristol,WALK,E02003027,E02003054,13,27
bristol,WALK,E02003027,E02003047,13,28
bristol,WALK,E02003027,E02003050,13,29
bristol,WALK,E02003027,E02003052,13,30
bristol,WALK,E02003027,E02003049,13,31
bristol,WALK,E02003027,E02003053,13,32
bristol,WALK,E02003027,E02003056,13,33
bristol,WALK,E02003027,E02003057,13,34
bristol,WALK,E02003027,E02003058,13,35
bristol,WALK,E02003027,E02003059,13,36
bristol,WALK,E02003027,E02003060,13,37
bristol,WALK,E02003027,E02003062,13,38
bristol,WALK,E02003027,E02003063,13,39
bristol,WALK,E02003027,E02003064,13,40
bristol,WALK,E02003027,E02006888,13,41
bristol,WALK,E02003027,E02006890,13,42
bristol,WALK,E02003028,E02003012,14,0
bristol,WALK,E02003028,E02003013,14,1
bristol,WALK,E02003028,E02003015,14,2
bristol,WALK,E02003028,E02003014,14,3
bristol,WALK,E02003028,E02003019,14,4
bristol,WALK,E02003028,E02003016,14,5
bristol,WALK,E02003028,E02003106,14,6
bristol,WALK,E02003028,E02003017,14,7
bristol,WALK,E02003028,E02003027,14,8
bristol,WALK,E02003028,E02003043,14,9
bristol,WALK,E02003028,E02003023,14,10
bristol,WALK,E02003028,E02003024,14,11
bristol,WALK,E02003028,E02003025,14,12
bristol,WALK,E02003028,E02003031,14,13
bristol,WALK,E02003028,E02003034,14,14
bristol,WALK,E02003028,E02003036,14,15
bristol,WALK,E02003028,E02006887,14,16
bristol,WALK,E02003028,E02003028,14,17
bristol,WALK,E02003028,E02003037,14,18
bristol,WALK,E02003028,E02003033,14,19
bristol,WALK,E02003028,E02003032,14,20
bristol,WALK,E02003028,E02003041,14,21
bristol,WALK,E02003028,E02003038,14,22
bristol,WALK,E02003028,E02003039,14,23
bristol,WALK,E02003028,E02003040,14,24
bristol,WALK,E02003028,E02006889,14,25
bristol,WALK,E02003028,E02003046,14,26
bristol,WALK,E02003028,E02003054,14,27
bristol,WALK,E02003028,E02003047,14,28
bristol,WALK,E02003028,E02003050,14,29
bristol,WALK,E02003028,E02003052,14,30
bristol,WALK,E02003028,E02003049,14,31
bristol,WALK,E02003028,E02003053,14,32
bristol,WALK,E02003028,E02003056,14,33
bristol,WALK,E02003028,E02003057,14,34
bristol,WALK,E02003028,E02003058,14,35
bristol,WALK,E02003028,E02003059,14,36
bristol,WALK,E02003028,E02003060,14,37
bristol,WALK,E02003028,E02003062,14,38
bristol,WALK,E02003028,E02003063,14,39
bristol,WALK,E02003028,E02003064,14,40
bristol,WALK,E02003028,E02006888,14,41
bristol,WALK,E02003028,E02006890,14,42
bristol,WALK,E02003029,E02003012,15,0
bristol,WALK,E02003029,E02003013,15,1
bristol,WALK,E02003029,E02003015,15,2
bristol,WALK,E02003029,E02003014,15,3
bristol,WALK,E02003029,E02003019,15,4
bristol,WALK,E02003029,E02003016,15,5
bristol,WALK,E02003029,E02003106,15,6
bristol,WALK,E02003029,E02003017,15,7
bristol,WALK,E02003029,E02003027,15,8
bristol,WALK,E02003029,E02003043,15,9
bristol,WALK,E02003029,E02003023,15,10
bristol,WALK,E02003029,E02003024,15,11
bristol,WALK,E02003029,E02003025,15,12
bristol,WALK,E02003029,E02003031,15,13
bristol,WALK,E02003029,E02003034,15,14
bristol,WALK,E02003029,E02003036,15,15
bristol,WALK,E02003029,E02006887,15,16
bristol,WALK,E02003029,E02003028,15,17
bristol,WALK,E02003029,E02003037,15,18
bristol,WALK,E02003029,E02003033,15,19
bristol,WALK,E02003029,E02003032,15,20
bristol,WALK,E02003029,E02003041,15,21
bristol,WALK,E02003029,E02003038,15,22
bristol,WALK,E02003029,E02003039,15,23
bristol,WALK,E02003029,E02003040,15,24
bristol,WALK,E02003029,E02006889,15,25
bristol,WALK,E02003029,E02003046,15,26
bristol,WALK,E02003029,E02003054,15,27
bristol,WALK,E02003029,E02003047,15,28
bristol,WALK,E02003029,E02003050,15,29
bristol,WALK,E02003029,E02003052,15,30
bristol,WALK,E02003029,E02003049,15,31
bristol,WALK,E02003029,E02003053,15,32
bristol,WALK,E02003029,E02003056,15,33
bristol,WALK,E02003029,E02003057,15,34
bristol,WALK,E02003029,E02003058,15,35
bristol,WALK,E02003029,E02003059,15,36
bristol,WALK,E02003029,E02003060,15,37
bristol,WALK,E02003029,E02003062,15,38
bristol,WALK,E02003029,E02003063,15,39
bristol,WALK,E02003029,E02003064,15,40
bristol,WALK,E02003029,E02006888,15,41
bristol,WALK,E02003029,E02006890,15,42
bristol,WALK,E02003031,E02003012,16,0
bristol,WALK,E02003031,E02003013,16,1
bristol,WALK,E02003031,E02003015,16,2
bristol,WALK,E02003031,E02003014,16,3
bristol,WALK,E02003031,E02003019,16,4
bristol,WALK,E02003031,E02003016,16,5
bristol,WALK,E02003031,E02003106,16,6
bristol,WALK,E02003031,E02003017,16,7
bristol,WALK,E02003031,E02003027,16,8
bristol,WALK,E02003031,E02003043,16,9
bristol,WALK,E02003031,E02003023,16,10
bristol,WALK,E02003031,E02003024,16,11
bristol,WALK,E02003031,E02003025,16,12
bristol,WALK,E02003031,E02003031,16,13
bristol,WALK,E02003031,E02003034,16,14
bristol,WALK,E02003031,E02003036,16,15
bristol,WALK,E02003031,E02006887,16,16
bristol,WALK,E02003031,E02003028,16,17
bristol,WALK,E02003031,E02003037,16,18
bristol,WALK,E02003031,E02003033,16,19
bristol,WALK,E02003031,E02003032,16,20
bristol,WALK,E02003031,E02003041,16,21
bristol,WALK,E02003031,E02003038,16,22
bristol,WALK,E02003031,E02003039,16,23
bristol,WALK,E02003031,E02003040,16,24
bristol,WALK,E02003031,E02006889,16,25
bristol,WALK,E02003031,E02003046,16,26
bristol,WALK,E02003031,E02003054,16,27
bristol,WALK,E02003031,E02003047,16,28
bristol,WALK,E02003031,E02003050,16,29
bristol,WALK,E02003031,E02003052,16,30
bristol,WALK,E02003031,E02003049,16,31
bristol,WALK,E02003031,E02003053,16,32
bristol,WALK,E02003031,E02003056,16,33
bristol,WALK,E02003031,E02003057,16,34
bristol,WALK,E02003031,E02003058,16,35
bristol,WALK,E02003031,E02003059,16,36
bristol,WALK,E02003031,E02003060,16,37
bristol,WALK,E02003031,E02003062,16,38
bristol,WALK,E02003031,E02003063,16,39
bristol,WALK,E02003031,E02003064,16,40
bristol,WALK,E02003031,E02006888,16,41
bristol,WALK,E02003031,E02006890,16,42
bristol,WALK,E02003032,E02003012,17,0
bristol,WALK,E02003032,E02003013,17,1
bristol,WALK,E02003032,E02003015,17,2
bristol,WALK,E02003032,E02003014,17,3
bristol,WALK,E02003032,E02003019,17,4
bristol,WALK,E02003032,E02003016,17,5
bristol,WALK,E02003032,E02003106,17,6
bristol,WALK,E02003032,E02003017,17,7
bristol,WALK,E02003032,E02003027,17,8
bristol,WALK,E02003032,E02003043,17,9
bristol,WALK,E02003032,E02003023,17,10
bristol,WALK,E02003032,E02003024,17,11
bristol,WALK,E02003032,E02003025,17,12
bristol,WALK,E02003032,E02003031,17,13
bristol,WALK,E02003032,E02003034,17,14
bristol,WALK,E02003032,E02003036,17,15
bristol,WALK,E02003032,E02006887,17,16
bristol,WALK,E02003032,E02003028,17,17
bristol,WALK,E02003032,E02003037,17,18
bristol,WALK,E02003032,E02003033,17,19
bristol,WALK,E02003032,E02003032,17,20
bristol,WALK,E02003032,E02003041,17,21
bristol,WALK,E02003032,E02003038,17,22
bristol,WALK,E02003032,E02003039,17,23
bristol,WALK,E02003032,E02003040,17,24
bristol,WALK,E02003032,E02006889,17,25
bristol,WALK,E02003032,E02003046,17,26
bristol,WALK,E02003032,E02003054,17,27
bristol,WALK,E02003032,E02003047,17,28
bristol,WALK,E02003032,E02003050,17,29
bristol,WALK,E02003032,E02003052,17,30
bristol,WALK,E02003032,E02003049,17,31
bristol,WALK,E02003032,E02003053,17,32
bristol,WALK,E02003032,E02003056,17,33
bristol,WALK,E02003032,E02003057,17,34
bristol,WALK,E02003032,E02003058,17,35
bristol,WALK,E02003032,E02003059,17,36
bristol,WALK,E02003032,E02003060,17,37
bristol,WALK,E02003032,E02003062,17,38
bristol,WALK,E02003032,E02003063,17,39
bristol,WALK,E02003032,E02003064,17,40
bristol,WALK,E02003032,E02006888,17,41
bristol,WALK,E02003032,E02006890,17,42
bristol,WALK,E02003033,E02003012,18,0
bristol,WALK,E02003033,E02003013,18,1
bristol,WALK,E02003033,E02003015,18,2
bristol,WALK,E02003033,E02003014,18,3
bristol,WALK,E02003033,E02003019,18,4
bristol,WALK,E02003033,E02003016,18,5
bristol,WALK,E02003033,E02003106,18,6
bristol,WALK,E02003033,E02003017,18,7
bristol,WALK,E02003033,E02003027,18,8
bristol,WALK,E02003033,E02003043,18,9
bristol,WALK,E02003033,E02003023,18,10
bristol,WALK,E02003033,E02003024,18,11
bristol,WALK,E02003033,E02003025,18,12
bristol,WALK,E02003033,E02003031,18,13
bristol,WALK,E02003033,E02003034,18,14
bristol,WALK,E02003033,E02003036,18,15
bristol,WALK,E02003033,E02006887,18,16
bristol,WALK,E02003033,E02003028,18,17
bristol,WALK,E02003033,E02003037,18,18
bristol,WALK,E02003033,E02003033,18,19
bristol,WALK,E02003033,E02003032,18,20
bristol,WALK,E02003033,E02003041,18,21
bristol,WALK,E02003033,E02003038,18,22
bristol,WALK,E02003033,E02003039,18,23
bristol,WALK,E02003033,E02003040,18,24
bristol,WALK,E02003033,E02006889,18,25
bristol,WALK,E02003033,E02003046,18,26
bristol,WALK,E02003033,E02003054,18,27
bristol,WALK,E02003033,E02003047,18,28
bristol,WALK,E02003033,E02003050,18,29
bristol,WALK,E02003033,E02003052,18,30
bristol,WALK,E02003033,E02003049,18,31
bristol,WALK,E02003033,E02003053,18,32
bristol,WALK,E02003033,E02003056,18,33
bristol,WALK,E02003033,E02003057,18,34
bristol,WALK,E02003033,E02003058,18,35
bristol,WALK,E02003033,E02003059,18,36
bristol,WALK,E02003033,E02003060,18,37
bristol,WALK,E02003033,E02003062,18,38
bristol,WALK,E02003033,E02003063,18,39
bristol,WALK,E02003033,E02003064,18,40
bristol,WALK,E02003033,E02006888,18,41
bristol,WALK,E02003033,E02006890,18,42
bristol,WALK,E02003034,E02003012,19,0
bristol,WALK,E02003034,E02003013,19,1
bristol,WALK,E02003034,E02003015,19,2
bristol,WALK,E02003034,E02003014,19,3
bristol,WALK,E02003034,E02003019,19,4
bristol,WALK,E02003034,E02003016,19,5
bristol,WALK,E02003034,E02003106,19,6
bristol,WALK,E02003034,E02003017,19,7
bristol,WALK,E02003034,E02003027,19,8
bristol,WALK,E02003034,E02003043,19,9
bristol,WALK,E02003034,E02003023,19,10
bristol,WALK,E02003034,E02003024,19,11
bristol,WALK,E02003034,E02003025,19,12
bristol,WALK,E02003034,E02003031,19,13
bristol,WALK,E02003034,E02003034,19,14
bristol,WALK,E02003034,E02003036,19,15
bristol,WALK,E02003034,E02006887,19,16
bristol,WALK,E02003034,E02003028,19,17
bristol,WALK,E02003034,E02003037,19,18
bristol,WALK,E02003034,E02003033,19,19
bristol,WALK,E02003034,E02003032,19,20
bristol,WALK,E02003034,E02003041,19,21
bristol,WALK,E02003034,E02003038,19,22
bristol,WALK,E02003034,E02003039,19,23
bristol,WALK,E02003034,E02003040,19,24
bristol,WALK,E02003034,E02006889,19,25
bristol,WALK,E02003034,E02003046,19,26
bristol,WALK,E02003034,E02003054,19,27
bristol,WALK,E02003034,E02003047,19,28
bristol,WALK,E02003034,E02003050,19,29
bristol,WALK,E02003034,E02003052,19,30
bristol,WALK,E02003034,E02003049,19,31
bristol,WALK,E02003034,E02003053,19,32
bristol,WALK,E02003034,E02003056,19,33
bristol,WALK,E02003034,E02003057,19,34
bristol,WALK,E02003034,E02003058,19,35
bristol,WALK,E02003034,E02003059,19,36
bristol,WALK,E02003034,E02003060,19,37
bristol,WALK,E02003034,E02003062,19,38
bristol,WALK,E02003034,E02003063,19,39
bristol,WALK,E02003034,E02003064,19,40
bristol,WALK,E02003034,E02006888,19,41
bristol,WALK,E02003034,E02006890,19,42
bristol,WALK,E02003036,E02003012,20,0
bristol,WALK,E02003036,E02003013,20,1
bristol,WALK,E02003036,E02003015,20,2
bristol,WALK,E02003036,E02003014,20,3
bristol,WALK,E02003036,E02003019,20,4
bristol,WALK,E02003036,E02003016,20,5
bristol,WALK,E02003036,E02003106,20,6
bristol,WALK,E02003036,E02003017,20,7
bristol,WALK,E02003036,E02003027,20,8
bristol,WALK,E02003036,E02003043,20,9
bristol,WALK,E02003036,E02003023,20,10
bristol,WALK,E02003036,E02003024,20,11
bristol,WALK,E02003036,E02003025,20,12
bristol,WALK,E02003036,E02003031,20,13
bristol,WALK,E02003036,E02003034,20,14
bristol,WALK,E02003036,E02003036,20,15
bristol,WALK,E02003036,E02006887,20,16
bristol,WALK,E02003036,E02003028,20,17
bristol,WALK,E02003036,E02003037,20,18
bristol,WALK,E02003036,E02003033,20,19
bristol,WALK,E02003036,E02003032,20,20
bristol,WALK,E02003036,E02003041,20,21
bristol,WALK,E02003036,E02003038,20,22
bristol,WALK,E02003036,E02003039,20,23
bristol,WALK,E02003036,E02003040,20,24
bristol,WALK,E02003036,E02006889,20,25
bristol,WALK,E02003036,E02003046,20,26
bristol,WALK,E02003036,E02003054,20,27
bristol,WALK,E02003036,E02003047,20,28
bristol,WALK,E02003036,E02003050,20,29
bristol,WALK,E02003036,E02003052,20,30
bristol,WALK,E02003036,E02003049,20,31
bristol,WALK,E02003036,E02003053,20,32
bristol,WALK,E02003036,E02003056,20,33
bristol,WALK,E02003036,E02003057,20,34
bristol,WALK,E02003036,E02003058,20,35
bristol,WALK,E02003036,E02003059,20,36
bristol,WALK,E02003036,E02003060,20,37
bristol,WALK,E02003036,E02003062,20,38
bristol,WALK,E02003036,E02003063,20,39
bristol,WALK,E02003036,E02003064,20,40
bristol,WALK,E02003036,E02006888,20,41
bristol,WALK,E02003036,E02006890,20,42
bristol,WALK,E02003037,E02003012,21,0
bristol,WALK,E02003037,E02003013,21,1
bristol,WALK,E02003037,E02003015,21,2
bristol,WALK,E02003037,E02003014,21,3
bristol,WALK,E02003037,E02003019,21,4
bristol,WALK,E02003037,E02003016,21,5
bristol,WALK,E02003037,E02003106,21,6
bristol,WALK,E02003037,E02003017,21,7
bristol,WALK,E02003037,E02003027,21,8
bristol,WALK,E02003037,E02003043,21,9
bristol,WALK,E02003037,E02003023,21,10
bristol,WALK,E02003037,E02003024,21,11
bristol,WALK,E02003037,E02003025,21,12
bristol,WALK,E02003037,E02003031,21,13
bristol,WALK,E02003037,E02003034,21,14
bristol,WALK,E02003037,E02003036,21,15
bristol,WALK,E02003037,E02006887,21,16
bristol,WALK,E02003037,E02003028,21,17
bristol,WALK,E02003037,E02003037,21,18
bristol,WALK,E02003037,E02003033,21,19
bristol,WALK,E02003037,E02003032,21,20
bristol,WALK,E02003037,E02003041,21,21
bristol,WALK,E02003037,E02003038,21,22
bristol,WALK,E02003037,E02003039,21,23
bristol,WALK,E02003037,E02003040,21,24
bristol,WALK,E02003037,E02006889,21,25
bristol,WALK,E02003037,E02003046,21,26
bristol,WALK,E02003037,E02003054,21,27
bristol,WALK,E02003037,E02003047,21,28
bristol,WALK,E02003037,E02003050,21,29
bristol,WALK,E02003037,E02003052,21,30
bristol,WALK,E02003037,E02003049,21,31
bristol,WALK,E02003037,E02003053,21,32
bristol,WALK,E02003037,E02003056,21,33
bristol,WALK,E02003037,E02003057,21,34
bristol,WALK,E02003037,E02003058,21,35
bristol,WALK,E02003037,E02003059,21,36
bristol,WALK,E02003037,E02003060,21,37
bristol,WALK,E02003037,E02003062,21,38
bristol,WALK,E02003037,E02003063,21,39
bristol,WALK,E02003037,E02003064,21,40
bristol,WALK,E02003037,E02006888,21,41
bristol,WALK,E02003037,E02006890,21,42
bristol,WALK,E02003038,E02003012,22,0
bristol,WALK,E02003038,E02003013,22,1
bristol,WALK,E02003038,E02003015,22,2
bristol,WALK,E02003038,E02003014,22,3
bristol,WALK,E02003038,E02003019,22,4
bristol,WALK,E02003038,E02003016,22,5
bristol,WALK,E02003038,E02003106,22,6
bristol,WALK,E02003038,E02003017,22,7
bristol,WALK,E02003038,E02003027,22,8
bristol,WALK,E02003038,E02003043,22,9
bristol,WALK,E02003038,E02003023,22,10
bristol,WALK,E02003038,E02003024,22,11
bristol,WALK,E02003038,E02003025,22,12
bristol,WALK,E02003038,E02003031,22,13
bristol,WALK,E02003038,E02003034,22,14
bristol,WALK,E02003038,E02003036,22,15
bristol,WALK,E02003038,E02006887,22,16
bristol,WALK,E02003038,E02003028,22,17
bristol,WALK,E02003038,E02003037,22,18
bristol,WALK,E02003038,E02003033,22,19
bristol,WALK,E02003038,E02003032,22,20
bristol,WALK,E02003038,E02003041,22,21
bristol,WALK,E02003038,E02003038,22,22
bristol,WALK,E02003038,E02003039,22,23
bristol,WALK,E02003038,E02003040,22,24
bristol,WALK,E02003038,E02006889,22,25
bristol,WALK,E02003038,E02003046,22,26
bristol,WALK,E02003038,E02003054,22,27
bristol,WALK,E02003038,E02003047,22,28
bristol,WALK,E02003038,E02003050,22,29
bristol,WALK,E02003038,E02003052,22,30
bristol,WALK,E02003038,E02003049,22,31
bristol,WALK,E02003038,E02003053,22,32
bristol,WALK,E02003038,E02003056,22,33
bristol,WALK,E02003038,E02003057,22,34
bristol,WALK,E02003038,E02003058,22,35
bristol,WALK,E02003038,E02003059,22,36
bristol,WALK,E02003038,E02003060,22,37
bristol,WALK,E02003038,E02003062,22,38
bristol,WALK,E02003038,E02003063,22,39
bristol,WALK,E02003038,E02003064,22,40
bristol,WALK,E02003038,E02006888,22,41
bristol,WALK,E02003038,E02006890,22,42
bristol,WALK,E02003039,E02003012,23,0
bristol,WALK,E02003039,E02003013,23,1
bristol,WALK,E02003039,E02003015,23,2
bristol,WALK,E02003039,E02003014,23,3
bristol,WALK,E02003039,E02003019,23,4
bristol,WALK,E02003039,E02003016,23,5
bristol,WALK,E02003039,E02003106,23,6
bristol,WALK,E02003039,E02003017,23,7
bristol,WALK,E02003039,E02003027,23,8
bristol,WALK,E02003039,E02003043,23,9
bristol,WALK,E02003039,E02003023,23,10
bristol,WALK,E02003039,E02003024,23,11
bristol,WALK,E02003039,E02003025,23,12
bristol,WALK,E02003039,E02003031,23,13
bristol,WALK,E02003039,E02003034,23,14
bristol,WALK,E02003039,E02003036,23,15
bristol,WALK,E02003039,E02006887,23,16
bristol,WALK,E02003039,E02003028,23,17
bristol,WALK,E02003039,E02003037,23,18
bristol,WALK,E02003039,E02003033,23,19
bristol,WALK,E02003039,E02003032,23,20
bristol,WALK,E02003039,E02003041,23,21
bristol,WALK,E02003039,E02003038,23,22
bristol,WALK,E02003039,E02003039,23,23
bristol,WALK,E02003039,E02003040,23,24
bristol,WALK,E02003039,E02006889,23,25
bristol,WALK,E02003039,E02003046,23,26
bristol,WALK,E02003039,E02003054,23,27
bristol,WALK,E02003039,E02003047,23,28
bristol,WALK,E02003039,E02003050,23,29
bristol,WALK,E02003039,E02003052,23,30
bristol,WALK,E02003039,E02003049,23,31
bristol,WALK,E02003039,E02003053,23,32
bristol,WALK,E02003039,E02003056,23,33
bristol,WALK,E02003039,E02003057,23,34
bristol,WALK,E02003039,E02003058,23,35
bristol,WALK,E02003039,E02003059,23,36
bristol,WALK,E02003039,E02003060,23,37
bristol,WALK,E02003039,E02003062,23,38
bristol,WALK,E02003039,E02003063,23,39
bristol,WALK,E02003039,E02003064,23,40
bristol,WALK,E02003039,E02006888,23,41
bristol,WALK,E02003039,E02006890,23,42
bristol,WALK,E02003040,E02003012,24,0
bristol,WALK,E02003040,E02003013,24,1
bristol,WALK,E02003040,E02003015,24,2
bristol,WALK,E02003040,E02003014,24,3
bristol,WALK,E02003040,E02003019,24,4
bristol,WALK,E02003040,E02003016,24,5
bristol,WALK,E02003040,E02003106,24,6
bristol,WALK,E02003040,E02003017,24,7
bristol,WALK,E02003040,E02003027,24,8
bristol,WALK,E02003040,E02003043,24,9
bristol,WALK,E02003040,E02003023,24,10
bristol,WALK,E02003040,E02003024,24,11
bristol,WALK,E02003040,E02003025,24,12
bristol,WALK,E02003040,E02003031,24,13
bristol,WALK,E02003040,E02003034,24,14
bristol,WALK,E02003040,E02003036,24,15
bristol,WALK,E02003040,E02006887,24,16
bristol,WALK,E02003040,E02003028,24,17
bristol,WALK,E02003040,E02003037,24,18
bristol,WALK,E02003040,E02003033,24,19
bristol,WALK,E02003040,E02003032,24,20
bristol,WALK,E02003040,E02003041,24,21
bristol,WALK,E02003040,E02003038,24,22
bristol,WALK,E02003040,E02003039,24,23
bristol,WALK,E02003040,E02003040,24,24
bristol,WALK,E02003040,E02006889,24,25
bristol,WALK,E02003040,E02003046,24,26
bristol,WALK,E02003040,E02003054,24,27
bristol,WALK,E02003040,E02003047,24,28
bristol,WALK,E02003040,E02003050,24,29
bristol,WALK,E02003040,E02003052,24,30
bristol,WALK,E02003040,E02003049,24,31
bristol,WALK,E02003040,E02003053,24,32
bristol,WALK,E02003040,E02003056,24,33
bristol,WALK,E02003040,E02003057,24,34
bristol,WALK,E02003040,E02003058,24,35
bristol,WALK,E02003040,E02003059,24,36
bristol,WALK,E02003040,E02003060,24,37
bristol,WALK,E02003040,E02003062,24,38
bristol,WALK,E02003040,E02003063,24,39
bristol,WALK,E02003040,E02003064,24,40
bristol,WALK,E02003040,E02006888,24,41
bristol,WALK,E02003040,E02006890,24,42
bristol,WALK,E02003041,E02003012,25,0
bristol,WALK,E02003041,E02003013,25,1
bristol,WALK,E02003041,E02003015,25,2
bristol,WALK,E02003041,E02003014,25,3
bristol,WALK,E02003041,E02003019,25,4
bristol,WALK,E02003041,E02003016,25,5
bristol,WALK,E02003041,E02003106,25,6
bristol,WALK,E02003041,E02003017,25,7
bristol,WALK,E02003041,E02003027,25,8
bristol,WALK,E02003041,E02003043,25,9
bristol,WALK,E02003041,E02003023,25,10
bristol,WALK,E02003041,E02003024,25,11
bristol,WALK,E02003041,E02003025,25,12
bristol,WALK,E02003041,E02003031,25,13
bristol,WALK,E02003041,E02003034,25,14
bristol,WALK,E02003041,E02003036,25,15
bristol,WALK,E02003041,E02006887,25,16
bristol,WALK,E02003041,E02003028,25,17
bristol,WALK,E02003041,E02003037,25,18
bristol,WALK,E02003041,E02003033,25,19
bristol,WALK,E02003041,E02003032,25,20
bristol,WALK,E02003041,E02003041,25,21
bristol,WALK,E02003041,E02003038,25,22
bristol,WALK,E02003041,E02003039,25,23
bristol,WALK,E02003041,E02003040,25,24
bristol,WALK,E02003041,E02006889,25,25
bristol,WALK,E02003041,E02003046,25,26
bristol,WALK,E02003041,E02003054,25,27
bristol,WALK,E02003041,E02003047,25,28
bristol,WALK,E02003041,E02003050,25,29
bristol,WALK,E02003041,E02003052,25,30
bristol,WALK,E02003041,E02003049,25,31
bristol,WALK,E02003041,E02003053,25,32
bristol,WALK,E02003041,E02003056,25,33
bristol,WALK,E02003041,E02003057,25,34
bristol,WALK,E02003041,E02003058,25,35
bristol,WALK,E02003041,E02003059,25,36
bristol,WALK,E02003041,E02003060,25,37
bristol,WALK,E02003041,E02003062,25,38
bristol,WALK,E02003041,E02003063,25,39
bristol,WALK,E02003041,E02003064,25,40
bristol,WALK,E02003041,E02006888,25,41
bristol,WALK,E02003041,E02006890,25,42
bristol,WALK,E02003043,E02003012,26,0
bristol,WALK,E02003043,E02003013,26,1
bristol,WALK,E02003043,E02003015,26,2
bristol,WALK,E02003043,E02003014,26,3
bristol,WALK,E02003043,E02003019,26,4
bristol,WALK,E02003043,E02003016,26,5
bristol,WALK,E02003043,E02003106,26,6
bristol,WALK,E02003043,E02003017,26,7
bristol,WALK,E02003043,E02003027,26,8
bristol,WALK,E02003043,E02003043,26,9
bristol,WALK,E02003043,E02003023,26,10
bristol,WALK,E02003043,E02003024,26,11
bristol,WALK,E02003043,E02003025,26,12
bristol,WALK,E02003043,E02003031,26,13
bristol,WALK,E02003043,E02003034,26,14
bristol,WALK,E02003043,E02003036,26,15
bristol,WALK,E02003043,E02006887,26,16
bristol,WALK,E02003043,E02003028,26,17
bristol,WALK,E02003043,E02003037,26,18
bristol,WALK,E02003043,E02003033,26,19
bristol,WALK,E02003043,E02003032,26,20
bristol,WALK,E02003043,E02003041,26,21
bristol,WALK,E02003043,E02003038,26,22
bristol,WALK,E02003043,E02003039,26,23
bristol,WALK,E02003043,E02003040,26,24
bristol,WALK,E02003043,E02006889,26,25
bristol,WALK,E02003043,E02003046,26,26
bristol,WALK,E02003043,E02003054,26,27
bristol,WALK,E02003043,E02003047,26,28
bristol,WALK,E02003043,E02003050,26,29
bristol,WALK,E02003043,E02003052,26,30
bristol,WALK,E02003043,E02003049,26,31
bristol,WALK,E02003043,E02003053,26,32
bristol,WALK,E02003043,E02003056,26,33
bristol,WALK,E02003043,E02003057,26,34
bristol,WALK,E02003043,E02003058,26,35
bristol,WALK,E02003043,E02003059,26,36
bristol,WALK,E02003043,E02003060,26,37
bristol,WALK,E02003043,E02003062,26,38
bristol,WALK,E02003043,E02003063,26,39
bristol,WALK,E02003043,E02003064,26,40
bristol,WALK,E02003043,E02006888,26,41
bristol,WALK,E02003043,E02006890,26,42
bristol,WALK,E02003045,E02003012,27,0
bristol,WALK,E02003045,E02003013,27,1
bristol,WALK,E02003045,E02003015,27,2
bristol,WALK,E02003045,E02003014,27,3
bristol,WALK,E02003045,E02003019,27,4
bristol,WALK,E02003045,E02003016,27,5
bristol,WALK,E02003045,E02003106,27,6
bristol,WALK,E02003045,E02003017,27,7
bristol,WALK,E02003045,E02003027,27,8
bristol,WALK,E02003045,E02003043,27,9
bristol,WALK,E02003045,E02003023,27,10
bristol,WALK,E02003045,E02003024,27,11
bristol,WALK,E02003045,E02003025,27,12
bristol,WALK,E02003045,E02003031,27,13
bristol,WALK,E02003045,E02003034,27,14
bristol,WALK,E02003045,E02003036,27,15
bristol,WALK,E02003045,E02006887,27,16
bristol,WALK,E02003045,E02003028,27,17
bristol,WALK,E02003045,E02003037,27,18
bristol,WALK,E02003045,E02003033,27,19
bristol,WALK,E02003045,E02003032,27,20
bristol,WALK,E02003045,E02003041,27,21
bristol,WALK,E02003045,E02003038,27,22
bristol,WALK,E02003045,E02003039,27,23
bristol,WALK,E02003045,E02003040,27,24
bristol,WALK,E02003045,E02006889,27,25
bristol,WALK,E02003045,E02003046,27,26
bristol,WALK,E02003045,E02003054,27,27
bristol,WALK,E02003045,E02003047,27,28
bristol,WALK,E02003045,E02003050,27,29
bristol,WALK,E02003045,E02003052,27,30
bristol,WALK,E02003045,E02003049,27,31
bristol,WALK,E02003045,E02003053,27,32
bristol,WALK,E02003045,E02003056,27,33
bristol,WALK,E02003045,E02003057,27,34
bristol,WALK,E02003045,E02003058,27,35
bristol,WALK,E02003045,E02003059,27,36
bristol,WALK,E02003045,E02003060,27,37
bristol,WALK,E02003045,E02003062,27,38
bristol,WALK,E02003045,E02003063,27,39
bristol,WALK,E02003045,E02003064,27,40
bristol,WALK,E02003045,E02006888,27,41
bristol,WALK,E02003045,E02006890,27,42
bristol,WALK,E02003046,E02003012,28,0
bristol,WALK,E02003046,E02003013,28,1
bristol,WALK,E02003046,E02003015,28,2
bristol,WALK,E02003046,E02003014,28,3
bristol,WALK,E02003046,E02003019,28,4
bristol,WALK,E02003046,E02003016,28,5
bristol,WALK,E02003046,E02003106,28,6
bristol,WALK,E02003046,E02003017,28,7
bristol,WALK,E02003046,E02003027,28,8
bristol,WALK,E02003046,E02003043,28,9
bristol,WALK,E02003046,E02003023,28,10
bristol,WALK,E02003046,E02003024,28,11
bristol,WALK,E02003046,E02003025,28,12
bristol,WALK,E02003046,E02003031,28,13
bristol,WALK,E02003046,E02003034,28,14
bristol,WALK,E02003046,E02003036,28,15
bristol,WALK,E02003046,E02006887,28,16
bristol,WALK,E02003046,E02003028,28,17
bristol,WALK,E02003046,E02003037,28,18
bristol,WALK,E02003046,E02003033,28,19
bristol,WALK,E02003046,E02003032,28,20
bristol,WALK,E02003046,E02003041,28,21
bristol,WALK,E02003046,E02003038,28,22
bristol,WALK,E02003046,E02003039,28,23
bristol,WALK,E02003046,E02003040,28,24
bristol,WALK,E02003046,E02006889,28,25
bristol,WALK,E02003046,E02003046,28,26
bristol,WALK,E02003046,E02003054,28,27
bristol,WALK,E02003046,E02003047,28,28
bristol,WALK,E02003046,E02003050,28,29
bristol,WALK,E02003046,E02003052,28,30
bristol,WALK,E02003046,E02003049,28,31
bristol,WALK,E02003046,E02003053,28,32
bristol,WALK,E02003046,E02003056,28,33
bristol,WALK,E02003046,E02003057,28,34
bristol,WALK,E02003046,E02003058,28,35
bristol,WALK,E02003046,E02003059,28,36
bristol,WALK,E02003046,E02003060,28,37
bristol,WALK,E02003046,E02003062,28,38
bristol,WALK,E02003046,E02003063,28,39
bristol,WALK,E02003046,E02003064,28,40
bristol,WALK,E02003046,E02006888,28,41
bristol,WALK,E02003046,E02006890,28,42
bristol,WALK,E02003047,E02003012,29,0
bristol,WALK,E02003047,E02003013,29,1
bristol,WALK,E02003047,E02003015,29,2
bristol,WALK,E02003047,E02003014,29,3
bristol,WALK,E02003047,E02003019,29,4
bristol,WALK,E02003047,E02003016,29,5
bristol,WALK,E02003047,E02003106,29,6
bristol,WALK,E02003047,E02003017,29,7
bristol,WALK,E02003047,E02003027,29,8
bristol,WALK,E02003047,E02003043,29,9
bristol,WALK,E02003047,E02003023,29,10
bristol,WALK,E02003047,E02003024,29,11
bristol,WALK,E02003047,E02003025,29,12
bristol,WALK,E02003047,E02003031,29,13
bristol,WALK,E02003047,E02003034,29,14
bristol,WALK,E02003047,E02003036,29,15
bristol,WALK,E02003047,E02006887,29,16
bristol,WALK,E02003047,E02003028,29,17
bristol,WALK,E02003047,E02003037,29,18
bristol,WALK,E02003047,E02003033,29,19
bristol,WALK,E02003047,E02003032,29,20
bristol,WALK,E02003047,E02003041,29,21
bristol,WALK,E02003047,E02003038,29,22
bristol,WALK,E02003047,E02003039,29,23
bristol,WALK,E02003047,E02003040,29,24
bristol,WALK,E02003047,E02006889,29,25
bristol,WALK,E02003047,E02003046,29,26
bristol,WALK,E02003047,E02003054,29,27
bristol,WALK,E02003047,E02003047,29,28
bristol,WALK,E02003047,E02003050,29,29
bristol,WALK,E02003047,E02003052,29,30
bristol,WALK,E02003047,E02003049,29,31
bristol,WALK,E02003047,E02003053,29,32
bristol,WALK,E02003047,E02003056,29,33
bristol,WALK,E02003047,E02003057,29,34
bristol,WALK,E02003047,E02003058,29,35
bristol,WALK,E02003047,E02003059,29,36
bristol,WALK,E02003047,E02003060,29,37
bristol,WALK,E02003047,E02003062,29,38
bristol,WALK,E02003047,E02003063,29,39
bristol,WALK,E02003047,E02003064,29,40
bristol,WALK,E02003047,E02006888,29,41
bristol,WALK,E02003047,E02006890,29,42
bristol,WALK,E02003048,E02003012,30,0
bristol,WALK,E02003048,E02003013,30,1
bristol,WALK,E02003048,E02003015,30,2
bristol,WALK,E02003048,E02003014,30,3
bristol,WALK,E02003048,E02003019,30,4
bristol,WALK,E02003048,E02003016,30,5
bristol,WALK,E02003048,E02003106,30,6
bristol,WALK,E02003048,E02003017,30,7
bristol,WALK,E02003048,E02003027,30,8
bristol,WALK,E02003048,E02003043,30,9
bristol,WALK,E02003048,E02003023,30,10
bristol,WALK,E02003048,E02003024,30,11
bristol,WALK,E02003048,E02003025,30,12
bristol,WALK,E02003048,E02003031,30,13
bristol,WALK,E02003048,E02003034,30,14
bristol,WALK,E02003048,E02003036,30,15
bristol,WALK,E02003048,E02006887,30,16
bristol,WALK,E02003048,E02003028,30,17
bristol,WALK,E02003048,E02003037,30,18
bristol,WALK,E02003048,E02003033,30,19
bristol,WALK,E02003048,E02003032,30,20
bristol,WALK,E02003048,E02003041,30,21
bristol,WALK,E02003048,E02003038,30,22
bristol,WALK,E02003048,E02003039,30,23
bristol,WALK,E02003048,E02003040,30,24
bristol,WALK,E02003048,E02006889,30,25
bristol,WALK,E02003048,E02003046,30,26
bristol,WALK,E02003048,E02003054,30,27
bristol,WALK,E02003048,E02003047,30,28
bristol,WALK,E02003048,E02003050,30,29
bristol,WALK,E02003048,E02003052,30,30
bristol,WALK,E02003048,E02003049,30,31
bristol,WALK,E02003048,E02003053,30,32
bristol,WALK,E02003048,E02003056,30,33
bristol,WALK,E02003048,E02003057,30,34
bristol,WALK,E02003048,E02003058,30,35
bristol,WALK,E02003048,E02003059,30,36
bristol,WALK,E02003048,E02003060,30,37
bristol,WALK,E02003048,E02003062,30,38
bristol,WALK,E02003048,E02003063,30,39
bristol,WALK,E02003048,E02003064,30,40
bristol,WALK,E02003048,E02006888,30,41
bristol,WALK,E02003048,E02006890,30,42
bristol,WALK,E02003049,E02003012,31,0
bristol,WALK,E02003049,E02003013,31,1
bristol,WALK,E02003049,E02003015,31,2
bristol,WALK,E02003049,E02003014,31,3
bristol,WALK,E02003049,E02003019,31,4
bristol,WALK,E02003049,E02003016,31,5
bristol,WALK,E02003049,E02003106,31,6
bristol,WALK,E02003049,E02003017,31,7
bristol,WALK,E02003049,E02003027,31,8
bristol,WALK,E02003049,E02003043,31,9
bristol,WALK,E02003049,E02003023,31,10
bristol,WALK,E02003049,E02003024,31,11
bristol,WALK,E02003049,E02003025,31,12
bristol,WALK,E02003049,E02003031,31,13
bristol,WALK,E02003049,E02003034,31,14
bristol,WALK,E02003049,E02003036,31,15
bristol,WALK,E02003049,E02006887,31,16
bristol,WALK,E02003049,E02003028,31,17
bristol,WALK,E02003049,E02003037,31,18
bristol,WALK,E02003049,E02003033,31,19
bristol,WALK,E02003049,E02003032,31,20
bristol,WALK,E02003049,E02003041,31,21
bristol,WALK,E02003049,E02003038,31,22
bristol,WALK,E02003049,E02003039,31,23
bristol,WALK,E02003049,E02003040,31,24
bristol,WALK,E02003049,E02006889,31,25
bristol,WALK,E02003049,E02003046,31,26
bristol,WALK,E02003049,E02003054,31,27
bristol,WALK,E02003049,E02003047,31,28
bristol,WALK,E02003049,E02003050,31,29
bristol,WALK,E02003049,E02003052,31,30
bristol,WALK,E02003049,E02003049,31,31
bristol,WALK,E02003049,E02003053,31,32
bristol,WALK,E02003049,E02003056,31,33
bristol,WALK,E02003049,E02003057,31,34
bristol,WALK,E02003049,E02003058,31,35
bristol,WALK,E02003049,E02003059,31,36
bristol,WALK,E02003049,E02003060,31,37
bristol,WALK,E02003049,E02003062,31,38
bristol,WALK,E02003049,E02003063,31,39
bristol,WALK,E02003049,E02003064,31,40
bristol,WALK,E02003049,E02006888,31,41
bristol,WALK,E02003049,E02006890,31,42
bristol,WALK,E02003050,E02003012,32,0
bristol,WALK,E02003050,E02003013,32,1
bristol,WALK,E02003050,E02003015,32,2
bristol,WALK,E02003050,E02003014,32,3
bristol,WALK,E02003050,E02003019,32,4
bristol,WALK,E02003050,E02003016,32,5
bristol,WALK,E02003050,E02003106,32,6
bristol,WALK,E02003050,E02003017,32,7
bristol,WALK,E02003050,E02003027,32,8
bristol,WALK,E02003050,E02003043,32,9
bristol,WALK,E02003050,E02003023,32,10
bristol,WALK,E02003050,E02003024,32,11
bristol,WALK,E02003050,E02003025,32,12
bristol,WALK,E02003050,E02003031,32,13
bristol,WALK,E02003050,E02003034,32,14
bristol,WALK,E02003050,E02003036,32,15
bristol,WALK,E02003050,E02006887,32,16
bristol,WALK,E02003050,E02003028,32,17
bristol,WALK,E02003050,E02003037,32,18
bristol,WALK,E02003050,E02003033,32,19
bristol,WALK,E02003050,E02003032,32,20
bristol,WALK,E02003050,E02003041,32,21
bristol,WALK,E02003050,E02003038,32,22
bristol,WALK,E02003050,E02003039,32,23
bristol,WALK,E02003050,E02003040,32,24
bristol,WALK,E02003050,E02006889,32,25
bristol,WALK,E02003050,E02003046,32,26
bristol,WALK,E02003050,E02003054,32,27
bristol,WALK,E02003050,E02003047,32,28
bristol,WALK,E02003050,E02003050,32,29
bristol,WALK,E02003050,E02003052,32,30
bristol,WALK,E02003050,E02003049,32,31
bristol,WALK,E02003050,E02003053,32,32
bristol,WALK,E02003050,E02003056,32,33
bristol,WALK,E02003050,E02003057,32,34
bristol,WALK,E02003050,E02003058,32,35
bristol,WALK,E02003050,E02003059,32,36
bristol,WALK,E02003050,E02003060,32,37
bristol,WALK,E02003050,E02003062,32,38
bristol,WALK,E02003050,E02003063,32,39
bristol,WALK,E02003050,E02003064,32,40
bristol,WALK,E02003050,E02006888,32,41
bristol,WALK,E02003050,E02006890,32,42
bristol,WALK,E02003051,E02003012,33,0
bristol,WALK,E02003051,E02003013,33,1
bristol,WALK,E02003051,E02003015,33,2
bristol,WALK,E02003051,E02003014,33,3
bristol,WALK,E02003051,E02003019,33,4
bristol,WALK,E02003051,E02003016,33,5
bristol,WALK,E02003051,E02003106,33,6
bristol,WALK,E02003051,E02003017,33,7
bristol,WALK,E02003051,E02003027,33,8
bristol,WALK,E02003051,E02003043,33,9
bristol,WALK,E02003051,E02003023,33,10
bristol,WALK,E02003051,E02003024,33,11
bristol,WALK,E02003051,E02003025,33,12
bristol,WALK,E02003051,E02003031,33,13
bristol,WALK,E02003051,E02003034,33,14
bristol,WALK,E02003051,E02003036,33,15
bristol,WALK,E02003051,E02006887,33,16
bristol,WALK,E02003051,E02003028,33,17
bristol,WALK,E02003051,E02003037,33,18
bristol,WALK,E02003051,E02003033,33,19
bristol,WALK,E02003051,E02003032,33,20
bristol,WALK,E02003051,E02003041,33,21
bristol,WALK,E02003051,E02003038,33,22
bristol,WALK,E02003051,E02003039,33,23
bristol,WALK,E02003051,E02003040,33,24
bristol,WALK,E02003051,E02006889,33,25
bristol,WALK,E02003051,E02003046,33,26
bristol,WALK,E02003051,E02003054,33,27
bristol,WALK,E02003051,E02003047,33,28
bristol,WALK,E02003051,E02003050,33,29
bristol,WALK,E02003051,E02003052,33,30
bristol,WALK,E02003051,E02003049,33,31
bristol,WALK,E02003051,E02003053,33,32
bristol,WALK,E02003051,E02003056,33,33
bristol,WALK,E02003051,E02003057,33,34
bristol,WALK,E02003051,E02003058,33,35
bristol,WALK,E02003051,E02003059,33,36
bristol,WALK,E02003051,E02003060,33,37
bristol,WALK,E02003051,E02003062,33,38
bristol,WALK,E02003051,E02003063,33,39
bristol,WALK,E02003051,E02003064,33,40
bristol,WALK,E02003051,E02006888,33,41
bristol,WALK,E02003051,E02006890,33,42
bristol,WALK,E02003052,E02003012,34,0
bristol,WALK,E02003052,E02003013,34,1
bristol,WALK,E02003052,E02003015,34,2
bristol,WALK,E02003052,E02003014,34,3
bristol,WALK,E02003052,E02003019,34,4
bristol,WALK,E02003052,E02003016,34,5
bristol,WALK,E02003052,E02003106,34,6
bristol,WALK,E02003052,E02003017,34,7
bristol,WALK,E02003052,E02003027,34,8
bristol,WALK,E02003052,E02003043,34,9
bristol,WALK,E02003052,E02003023,34,10
bristol,WALK,E02003052,E02003024,34,11
bristol,WALK,E02003052,E02003025,34,12
bristol,WALK,E02003052,E02003031,34,13
bristol,WALK,E02003052,E02003034,34,14
bristol,WALK,E02003052,E02003036,34,15
bristol,WALK,E02003052,E02006887,34,16
bristol,WALK,E02003052,E02003028,34,17
bristol,WALK,E02003052,E02003037,34,18
bristol,WALK,E02003052,E02003033,34,19
bristol,WALK,E02003052,E02003032,34,20
bristol,WALK,E02003052,E02003041,34,21
bristol,WALK,E02003052,E02003038,34,22
bristol,WALK,E02003052,E02003039,34,23
bristol,WALK,E02003052,E02003040,34,24
bristol,WALK,E02003052,E02006889,34,25
bristol,WALK,E02003052,E02003046,34,26
bristol,WALK,E02003052,E02003054,34,27
bristol,WALK,E02003052,E02003047,34,28
bristol,WALK,E02003052,E02003050,34,29
bristol,WALK,E02003052,E02003052,34,30
bristol,WALK,E02003052,E02003049,34,31
bristol,WALK,E02003052,E02003053,34,32
bristol,WALK,E02003052,E02003056,34,33
bristol,WALK,E02003052,E02003057,34,34
bristol,WALK,E02003052,E02003058,34,35
bristol,WALK,E02003052,E02003059,34,36
bristol,WALK,E02003052,E02003060,34,37
bristol,WALK,E02003052,E02003062,34,38
bristol,WALK,E02003052,E02003063,34,39
bristol,WALK,E02003052,E02003064,34,40
bristol,WALK,E02003052,E02006888,34,41
bristol,WALK,E02003052,E02006890,34,42
bristol,WALK,E02003053,E02003012,35,0
bristol,WALK,E02003053,E02003013,35,1
bristol,WALK,E02003053,E02003015,35,2
bristol,WALK,E02003053,E02003014,35,3
bristol,WALK,E02003053,E02003019,35,4
bristol,WALK,E02003053,E02003016,35,5
bristol,WALK,E02003053,E02003106,35,6
bristol,WALK,E02003053,E02003017,35,7
bristol,WALK,E02003053,E02003027,35,8
bristol,WALK,E02003053,E02003043,35,9
bristol,WALK,E02003053,E02003023,35,10
bristol,WALK,E02003053,E02003024,35,11
bristol,WALK,E02003053,E02003025,35,12
bristol,WALK,E02003053,E02003031,35,13
bristol,WALK,E02003053,E02003034,35,14
bristol,WALK,E02003053,E02003036,35,15
bristol,WALK,E02003053,E02006887,35,16
bristol,WALK,E02003053,E02003028,35,17
bristol,WALK,E02003053,E02003037,35,18
bristol,WALK,E02003053,E02003033,35,19
bristol,WALK,E02003053,E02003032,35,20
bristol,WALK,E02003053,E02003041,35,21
bristol,WALK,E02003053,E02003038,35,22
bristol,WALK,E02003053,E02003039,35,23
bristol,WALK,E02003053,E02003040,35,24
bristol,WALK,E02003053,E02006889,35,25
bristol,WALK,E02003053,E02003046,35,26
bristol,WALK,E02003053,E02003054,35,27
bristol,WALK,E02003053,E02003047,35,28
bristol,WALK,E02003053,E02003050,35,29
bristol,WALK,E02003053,E02003052,35,30
bristol,WALK,E02003053,E02003049,35,31
bristol,WALK,E02003053,E02003053,35,32
bristol,WALK,E02003053,E02003056,35,33
bristol,WALK,E02003053,E02003057,35,34
bristol,WALK,E02003053,E02003058,35,35
bristol,WALK,E02003053,E02003059,35,36
bristol,WALK,E02003053,E02003060,35,37
bristol,WALK,E02003053,E02003062,35,38
bristol,WALK,E02003053,E02003063,35,39
bristol,WALK,E02003053,E02003064,35,40
bristol,WALK,E02003053,E02006888,35,41
bristol,WALK,E02003053,E02006890,35,42
bristol,WALK,E02003054,E02003012,36,0
bristol,WALK,E02003054,E02003013,36,1
bristol,WALK,E02003054,E02003015,36,2
bristol,WALK,E02003054,E02003014,36,3
bristol,WALK,E02003054,E02003019,36,4
bristol,WALK,E02003054,E02003016,36,5
bristol,WALK,E02003054,E02003106,36,6
bristol,WALK,E02003054,E02003017,36,7
bristol,WALK,E02003054,E02003027,36,8
bristol,WALK,E02003054,E02003043,36,9
bristol,WALK,E02003054,E02003023,36,10
bristol,WALK,E02003054,E02003024,36,11
bristol,WALK,E02003054,E02003025,36,12
bristol,WALK,E02003054,E02003031,36,13
bristol,WALK,E02003054,E02003034,36,14
bristol,WALK,E02003054,E02003036,36,15
bristol,WALK,E02003054,E02006887,36,16
bristol,WALK,E02003054,E02003028,36,17
bristol,WALK,E02003054,E02003037,36,18
bristol,WALK,E02003054,E02003033,36,19
bristol,WALK,E02003054,E02003032,36,20
bristol,WALK,E02003054,E02003041,36,21
bristol,WALK,E02003054,E02003038,36,22
bristol,WALK,E02003054,E02003039,36,23
bristol,WALK,E02003054,E02003040,36,24
bristol,WALK,E02003054,E02006889,36,25
bristol,WALK,E02003054,E02003046,36,26
bristol,WALK,E02003054,E02003054,36,27
bristol,WALK,E02003054,E02003047,36,28
bristol,WALK,E02003054,E02003050,36,29
bristol,WALK,E02003054,E02003052,36,30
bristol,WALK,E02003054,E02003049,36,31
bristol,WALK,E02003054,E02003053,36,32
bristol,WALK,E02003054,E02003056,36,33
bristol,WALK,E02003054,E02003057,36,34
bristol,WALK,E02003054,E02003058,36,35
bristol,WALK,E02003054,E02003059,36,36
bristol,WALK,E02003054,E02003060,36,37
bristol,WALK,E02003054,E02003062,36,38
bristol,WALK,E02003054,E02003063,36,39
bristol,WALK,E02003054,E02003064,36,40
bristol,WALK,E02003054,E02006888,36,41
bristol,WALK,E02003054,E02006890,36,42
bristol,WALK,E02003055,E02003012,37,0
bristol,WALK,E02003055,E02003013,37,1
bristol,WALK,E02003055,E02003015,37,2
bristol,WALK,E02003055,E02003014,37,3
bristol,WALK,E02003055,E02003019,37,4
bristol,WALK,E02003055,E02003016,37,5
bristol,WALK,E02003055,E02003106,37,6
bristol,WALK,E02003055,E02003017,37,7
bristol,WALK,E02003055,E02003027,37,8
bristol,WALK,E02003055,E02003043,37,9
bristol,WALK,E02003055,E02003023,37,10
bristol,WALK,E02003055,E02003024,37,11
bristol,WALK,E02003055,E02003025,37,12
bristol,WALK,E02003055,E02003031,37,13
bristol,WALK,E02003055,E02003034,37,14
bristol,WALK,E02003055,E02003036,37,15
bristol,WALK,E02003055,E02006887,37,16
bristol,WALK,E02003055,E02003028,37,17
bristol,WALK,E02003055,E02003037,37,18
bristol,WALK,E02003055,E02003033,37,19
bristol,WALK,E02003055,E02003032,37,20
bristol,WALK,E02003055,E02003041,37,21
bristol,WALK,E02003055,E02003038,37,22
bristol,WALK,E02003055,E02003039,37,23
bristol,WALK,E02003055,E02003040,37,24
bristol,WALK,E02003055,E02006889,37,25
bristol,WALK,E02003055,E02003046,37,26
bristol,WALK,E02003055,E02003054,37,27
bristol,WALK,E02003055,E02003047,37,28
bristol,WALK,E02003055,E02003050,37,29
bristol,WALK,E02003055,E02003052,37,30
bristol,WALK,E02003055,E02003049,37,31
bristol,WALK,E02003055,E02003053,37,32
bristol,WALK,E02003055,E02003056,37,33
bristol,WALK,E02003055,E02003057,37,34
bristol,WALK,E02003055,E02003058,37,35
bristol,WALK,E02003055,E02003059,37,36
bristol,WALK,E02003055,E02003060,37,37
bristol,WALK,E02003055,E02003062,37,38
bristol,WALK,E02003055,E02003063,37,39
bristol,WALK,E02003055,E02003064,37,40
bristol,WALK,E02003055,E02006888,37,41
bristol,WALK,E02003055,E02006890,37,42
bristol,WALK,E02003056,E02003012,38,0
bristol,WALK,E02003056,E02003013,38,1
bristol,WALK,E02003056,E02003015,38,2
bristol,WALK,E02003056,E02003014,38,3
bristol,WALK,E02003056,E02003019,38,4
bristol,WALK,E02003056,E02003016,38,5
bristol,WALK,E02003056,E02003106,38,6
bristol,WALK,E02003056,E02003017,38,7
bristol,WALK,E02003056,E02003027,38,8
bristol,WALK,E02003056,E02003043,38,9
bristol,WALK,E02003056,E02003023,38,10
bristol,WALK,E02003056,E02003024,38,11
bristol,WALK,E02003056,E02003025,38,12
bristol,WALK,E02003056,E02003031,38,13
bristol,WALK,E02003056,E02003034,38,14
bristol,WALK,E02003056,E02003036,38,15
bristol,WALK,E02003056,E02006887,38,16
bristol,WALK,E02003056,E02003028,38,17
bristol,WALK,E02003056,E02003037,38,18
bristol,WALK,E02003056,E02003033,38,19
bristol,WALK,E02003056,E02003032,38,20
bristol,WALK,E02003056,E02003041,38,21
bristol,WALK,E02003056,E02003038,38,22
bristol,WALK,E02003056,E02003039,38,23
bristol,WALK,E02003056,E02003040,38,24
bristol,WALK,E02003056,E02006889,38,25
bristol,WALK,E02003056,E02003046,38,26
bristol,WALK,E02003056,E02003054,38,27
bristol,WALK,E02003056,E02003047,38,28
bristol,WALK,E02003056,E02003050,38,29
bristol,WALK,E02003056,E02003052,38,30
bristol,WALK,E02003056,E02003049,38,31
bristol,WALK,E02003056,E02003053,38,32
bristol,WALK,E02003056,E02003056,38,33
bristol,WALK,E02003056,E02003057,38,34
bristol,WALK,E02003056,E02003058,38,35
bristol,WALK,E02003056,E02003059,38,36
bristol,WALK,E02003056,E02003060,38,37
bristol,WALK,E02003056,E02003062,38,38
bristol,WALK,E02003056,E02003063,38,39
bristol,WALK,E02003056,E02003064,38,40
bristol,WALK,E02003056,E02006888,38,41
bristol,WALK,E02003056,E02006890,38,42
bristol,WALK,E02003057,E02003012,39,0
bristol,WALK,E02003057,E02003013,39,1
bristol,WALK,E02003057,E02003015,39,2
bristol,WALK,E02003057,E02003014,39,3
bristol,WALK,E02003057,E02003019,39,4
bristol,WALK,E02003057,E02003016,39,5
bristol,WALK,E02003057,E02003106,39,6
bristol,WALK,E02003057,E02003017,39,7
bristol,WALK,E02003057,E02003027,39,8
bristol,WALK,E02003057,E02003043,39,9
bristol,WALK,E02003057,E02003023,39,10
bristol,WALK,E02003057,E02003024,39,11
bristol,WALK,E02003057,E02003025,39,12
bristol,WALK,E02003057,E02003031,39,13
bristol,WALK,E02003057,E02003034,39,14
bristol,WALK,E02003057,E02003036,39,15
bristol,WALK,E02003057,E02006887,39,16
bristol,WALK,E02003057,E02003028,39,17
bristol,WALK,E02003057,E02003037,39,18
bristol,WALK,E02003057,E02003033,39,19
bristol,WALK,E02003057,E02003032,39,20
bristol,WALK,E02003057,E02003041,39,21
bristol,WALK,E02003057,E02003038,39,22
bristol,WALK,E02003057,E02003039,39,23
bristol,WALK,E02003057,E02003040,39,24
bristol,WALK,E02003057,E02006889,39,25
bristol,WALK,E02003057,E02003046,39,26
bristol,WALK,E02003057,E02003054,39,27
bristol,WALK,E02003057,E02003047,39,28
bristol,WALK,E02003057,E02003050,39,29
bristol,WALK,E02003057,E02003052,39,30
bristol,WALK,E02003057,E02003049,39,31
bristol,WALK,E02003057,E02003053,39,32
bristol,WALK,E02003057,E02003056,39,33
bristol,WALK,E02003057,E02003057,39,34
bristol,WALK,E02003057,E02003058,39,35
bristol,WALK,E02003057,E02003059,39,36
bristol,WALK,E02003057,E02003060,39,37
bristol,WALK,E02003057,E02003062,39,38
bristol,WALK,E02003057,E02003063,39,39
bristol,WALK,E02003057,E02003064,39,40
bristol,WALK,E02003057,E02006888,39,41
bristol,WALK,E02003057,E02006890,39,42
bristol,WALK,E02003058,E02003012,40,0
bristol,WALK,E02003058,E02003013,40,1
bristol,WALK,E02003058,E02003015,40,2
bristol,WALK,E02003058,E02003014,40,3
bristol,WALK,E02003058,E02003019,40,4
bristol,WALK,E02003058,E02003016,40,5
bristol,WALK,E02003058,E02003106,40,6
bristol,WALK,E02003058,E02003017,40,7
bristol,WALK,E02003058,E02003027,40,8
bristol,WALK,E02003058,E02003043,40,9
bristol,WALK,E02003058,E02003023,40,10
bristol,WALK,E02003058,E02003024,40,11
bristol,WALK,E02003058,E02003025,40,12
bristol,WALK,E02003058,E02003031,40,13
bristol,WALK,E02003058,E02003034,40,14
bristol,WALK,E02003058,E02003036,40,15
bristol,WALK,E02003058,E02006887,40,16
bristol,WALK,E02003058,E02003028,40,17
bristol,WALK,E02003058,E02003037,40,18
bristol,WALK,E02003058,E02003033,40,19
bristol,WALK,E02003058,E02003032,40,20
bristol,WALK,E02003058,E02003041,40,21
bristol,WALK,E02003058,E02003038,40,22
bristol,WALK,E02003058,E02003039,40,23
bristol,WALK,E02003058,E02003040,40,24
bristol,WALK,E02003058,E02006889,40,25
bristol,WALK,E02003058,E02003046,40,26
bristol,WALK,E02003058,E02003054,40,27
bristol,WALK,E02003058,E02003047,40,28
bristol,WALK,E02003058,E02003050,40,29
bristol,WALK,E02003058,E02003052,40,30
bristol,WALK,E02003058,E02003049,40,31
bristol,WALK,E02003058,E02003053,40,32
bristol,WALK,E02003058,E02003056,40,33
bristol,WALK,E02003058,E02003057,40,34
bristol,WALK,E02003058,E02003058,40,35
bristol,WALK,E02003058,E02003059,40,36
bristol,WALK,E02003058,E02003060,40,37
bristol,WALK,E02003058,E02003062,40,38
bristol,WALK,E02003058,E02003063,40,39
bristol,WALK,E02003058,E02003064,40,40
bristol,WALK,E02003058,E02006888,40,41
bristol,WALK,E02003058,E02006890,40,42
bristol,WALK,E02003059,E02003012,41,0
bristol,WALK,E02003059,E02003013,41,1
bristol,WALK,E02003059,E02003015,41,2
bristol,WALK,E02003059,E02003014,41,3
bristol,WALK,E02003059,E02003019,41,4
bristol,WALK,E02003059,E02003016,41,5
bristol,WALK,E02003059,E02003106,41,6
bristol,WALK,E02003059,E02003017,41,7
bristol,WALK,E02003059,E02003027,41,8
bristol,WALK,E02003059,E02003043,41,9
bristol,WALK,E02003059,E02003023,41,10
bristol,WALK,E02003059,E02003024,41,11
bristol,WALK,E02003059,E02003025,41,12
bristol,WALK,E02003059,E02003031,41,13
bristol,WALK,E02003059,E02003034,41,14
bristol,WALK,E02003059,E02003036,41,15
bristol,WALK,E02003059,E02006887,41,16
bristol,WALK,E02003059,E02003028,41,17
bristol,WALK,E02003059,E02003037,41,18
bristol,WALK,E02003059,E02003033,41,19
bristol,WALK,E02003059,E02003032,41,20
bristol,WALK,E02003059,E02003041,41,21
bristol,WALK,E02003059,E02003038,41,22
bristol,WALK,E02003059,E02003039,41,23
bristol,WALK,E02003059,E02003040,41,24
bristol,WALK,E02003059,E02006889,41,25
bristol,WALK,E02003059,E02003046,41,26
bristol,WALK,E02003059,E02003054,41,27
bristol,WALK,E02003059,E02003047,41,28
bristol,WALK,E02003059,E02003050,41,29
bristol,WALK,E02003059,E02003052,41,30
bristol,WALK,E02003059,E02003049,41,31
bristol,WALK,E02003059,E02003053,41,32
bristol,WALK,E02003059,E02003056,41,33
bristol,WALK,E02003059,E02003057,41,34
bristol,WALK,E02003059,E02003058,41,35
bristol,WALK,E02003059,E02003059,41,36
bristol,WALK,E02003059,E02003060,41,37
bristol,WALK,E02003059,E02003062,41,38
bristol,WALK,E02003059,E02003063,41,39
bristol,WALK,E02003059,E02003064,41,40
bristol,WALK,E02003059,E02006888,41,41
bristol,WALK,E02003059,E02006890,41,42
bristol,WALK,E02003060,E02003012,42,0
bristol,WALK,E02003060,E02003013,42,1
bristol,WALK,E02003060,E02003015,42,2
bristol,WALK,E02003060,E02003014,42,3
bristol,WALK,E02003060,E02003019,42,4
bristol,WALK,E02003060,E02003016,42,5
bristol,WALK,E02003060,E02003106,42,6
bristol,WALK,E02003060,E02003017,42,7
bristol,WALK,E02003060,E02003027,42,8
bristol,WALK,E02003060,E02003043,42,9
bristol,WALK,E02003060,E02003023,42,10
bristol,WALK,E02003060,E02003024,42,11
bristol,WALK,E02003060,E02003025,42,12
bristol,WALK,E02003060,E02003031,42,13
bristol,WALK,E02003060,E02003034,42,14
bristol,WALK,E02003060,E02003036,42,15
bristol,WALK,E02003060,E02006887,42,16
bristol,WALK,E02003060,E02003028,42,17
bristol,WALK,E02003060,E02003037,42,18
bristol,WALK,E02003060,E02003033,42,19
bristol,WALK,E02003060,E02003032,42,20
bristol,WALK,E02003060,E02003041,42,21
bristol,WALK,E02003060,E02003038,42,22
bristol,WALK,E02003060,E02003039,42,23
bristol,WALK,E02003060,E02003040,42,24
bristol,WALK,E02003060,E02006889,42,25
bristol,WALK,E02003060,E02003046,42,26
bristol,WALK,E02003060,E02003054,42,27
bristol,WALK,E02003060,E02003047,42,28
bristol,WALK,E02003060,E02003050,42,29
bristol,WALK,E02003060,E02003052,42,30
bristol,WALK,E02003060,E02003049,42,31
bristol,WALK,E02003060,E02003053,42,32
bristol,WALK,E02003060,E02003056,42,33
bristol,WALK,E02003060,E02003057,42,34
bristol,WALK,E02003060,E02003058,42,35
bristol,WALK,E02003060,E02003059,42,36
bristol,WALK,E02003060,E02003060,42,37
bristol,WALK,E02003060,E02003062,42,38
bristol,WALK,E02003060,E02003063,42,39
bristol,WALK,E02003060,E02003064,42,40
bristol,WALK,E02003060,E02006888,42,41
bristol,WALK,E02003060,E02006890,42,42
bristol,WALK,E02003062,E02003012,43,0
bristol,WALK,E02003062,E02003013,43,1
bristol,WALK,E02003062,E02003015,43,2
bristol,WALK,E02003062,E02003014,43,3
bristol,WALK,E02003062,E02003019,43,4
bristol,WALK,E02003062,E02003016,43,5
bristol,WALK,E02003062,E02003106,43,6
bristol,WALK,E02003062,E02003017,43,7
bristol,WALK,E02003062,E02003027,43,8
bristol,WALK,E02003062,E02003043,43,9
bristol,WALK,E02003062,E02003023,43,10
bristol,WALK,E02003062,E02003024,43,11
bristol,WALK,E02003062,E02003025,43,12
bristol,WALK,E02003062,E02003031,43,13
bristol,WALK,E02003062,E02003034,43,14
bristol,WALK,E02003062,E02003036,43,15
bristol,WALK,E02003062,E02006887,43,16
bristol,WALK,E02003062,E02003028,43,17
bristol,WALK,E02003062,E02003037,43,18
bristol,WALK,E02003062,E02003033,43,19
bristol,WALK,E02003062,E02003032,43,20
bristol,WALK,E02003062,E02003041,43,21
bristol,WALK,E02003062,E02003038,43,22
bristol,WALK,E02003062,E02003039,43,23
bristol,WALK,E02003062,E02003040,43,24
bristol,WALK,E02003062,E02006889,43,25
bristol,WALK,E02003062,E02003046,43,26
bristol,WALK,E02003062,E02003054,43,27
bristol,WALK,E02003062,E02003047,43,28
bristol,WALK,E02003062,E02003050,43,29
bristol,WALK,E02003062,E02003052,43,30
bristol,WALK,E02003062,E02003049,43,31
bristol,WALK,E02003062,E02003053,43,32
bristol,WALK,E02003062,E02003056,43,33
bristol,WALK,E02003062,E02003057,43,34
bristol,WALK,E02003062,E02003058,43,35
bristol,WALK,E02003062,E02003059,43,36
bristol,WALK,E02003062,E02003060,43,37
bristol,WALK,E02003062,E02003062,43,38
bristol,WALK,E02003062,E02003063,43,39
bristol,WALK,E02003062,E02003064,43,40
bristol,WALK,E02003062,E02006888,43,41
bristol,WALK,E02003062,E02006890,43,42
bristol,WALK,E02003063,E02003012,44,0
bristol,WALK,E02003063,E02003013,44,1
bristol,WALK,E02003063,E02003015,44,2
bristol,WALK,E02003063,E02003014,44,3
bristol,WALK,E02003063,E02003019,44,4
bristol,WALK,E02003063,E02003016,44,5
bristol,WALK,E02003063,E02003106,44,6
bristol,WALK,E02003063,E02003017,44,7
bristol,WALK,E02003063,E02003027,44,8
bristol,WALK,E02003063,E02003043,44,9
bristol,WALK,E02003063,E02003023,44,10
bristol,WALK,E02003063,E02003024,44,11
bristol,WALK,E02003063,E02003025,44,12
bristol,WALK,E02003063,E02003031,44,13
bristol,WALK,E02003063,E02003034,44,14
bristol,WALK,E02003063,E02003036,44,15
bristol,WALK,E02003063,E02006887,44,16
bristol,WALK,E02003063,E02003028,44,17
bristol,WALK,E02003063,E02003037,44,18
bristol,WALK,E02003063,E02003033,44,19
bristol,WALK,E02003063,E02003032,44,20
bristol,WALK,E02003063,E02003041,44,21
bristol,WALK,E02003063,E02003038,44,22
bristol,WALK,E02003063,E02003039,44,23
bristol,WALK,E02003063,E02003040,44,24
bristol,WALK,E02003063,E02006889,44,25
bristol,WALK,E02003063,E02003046,44,26
bristol,WALK,E02003063,E02003054,44,27
bristol,WALK,E02003063,E02003047,44,28
bristol,WALK,E02003063,E02003050,44,29
bristol,WALK,E02003063,E02003052,44,30
bristol,WALK,E02003063,E02003049,44,31
bristol,WALK,E02003063,E02003053,44,32
bristol,WALK,E02003063,E02003056,44,33
bristol,WALK,E02003063,E02003057,44,34
bristol,WALK,E02003063,E02003058,44,35
bristol,WALK,E02003063,E02003059,44,36
bristol,WALK,E02003063,E02003060,44,37
bristol,WALK,E02003063,E02003062,44,38
bristol,WALK,E02003063,E02003063,44,39
bristol,WALK,E02003063,E02003064,44,40
bristol,WALK,E02003063,E02006888,44,41
bristol,WALK,E02003063,E02006890,44,42
bristol,WALK,E02003064,E02003012,45,0
bristol,WALK,E02003064,E02003013,45,1
bristol,WALK,E02003064,E02003015,45,2
bristol,WALK,E02003064,E02003014,45,3
bristol,WALK,E02003064,E02003019,45,4
bristol,WALK,E02003064,E02003016,45,5
bristol,WALK,E02003064,E02003106,45,6
bristol,WALK,E02003064,E02003017,45,7
bristol,WALK,E02003064,E02003027,45,8
bristol,WALK,E02003064,E02003043,45,9
bristol,WALK,E02003064,E02003023,45,10
bristol,WALK,E02003064,E02003024,45,11
bristol,WALK,E02003064,E02003025,45,12
bristol,WALK,E02003064,E02003031,45,13
bristol,WALK,E02003064,E02003034,45,14
bristol,WALK,E02003064,E02003036,45,15
bristol,WALK,E02003064,E02006887,45,16
bristol,WALK,E02003064,E02003028,45,17
bristol,WALK,E02003064,E02003037,45,18
bristol,WALK,E02003064,E02003033,45,19
bristol,WALK,E02003064,E02003032,45,20
bristol,WALK,E02003064,E02003041,45,21
bristol,WALK,E02003064,E02003038,45,22
bristol,WALK,E02003064,E02003039,45,23
bristol,WALK,E02003064,E02003040,45,24
bristol,WALK,E02003064,E02006889,45,25
bristol,WALK,E02003064,E02003046,45,26
bristol,WALK,E02003064,E02003054,45,27
bristol,WALK,E02003064,E02003047,45,28
bristol,WALK,E02003064,E02003050,45,29
bristol,WALK,E02003064,E02003052,45,30
bristol,WALK,E02003064,E02003049,45,31
bristol,WALK,E02003064,E02003053,45,32
bristol,WALK,E02003064,E02003056,45,33
bristol,WALK,E02003064,E02003057,45,34
bristol,WALK,E02003064,E02003058,45,35
bristol,WALK,E02003064,E02003059,45,36
bristol,WALK,E02003064,E02003060,45,37
bristol,WALK,E02003064,E02003062,45,38
bristol,WALK,E02003064,E02003063,45,39
bristol,WALK,E02003064,E02003064,45,40
bristol,WALK,E02003064,E02006888,45,41
bristol,WALK,E02003064,E02006890,45,42
bristol,WALK,E02006887,E02003012,46,0
bristol,WALK,E02006887,E02003013,46,1
bristol,WALK,E02006887,E02003015,46,2
bristol,WALK,E02006887,E02003014,46,3
bristol,WALK,E02006887,E02003019,46,4
bristol,WALK,E02006887,E02003016,46,5
bristol,WALK,E02006887,E02003106,46,6
bristol,WALK,E02006887,E02003017,46,7
bristol,WALK,E02006887,E02003027,46,8
bristol,WALK,E02006887,E02003043,46,9
bristol,WALK,E02006887,E02003023,46,10
bristol,WALK,E02006887,E02003024,46,11
bristol,WALK,E02006887,E02003025,46,12
bristol,WALK,E02006887,E02003031,46,13
bristol,WALK,E02006887,E02003034,46,14
bristol,WALK,E02006887,E02003036,46,15
bristol,WALK,E02006887,E02006887,46,16
bristol,WALK,E02006887,E02003028,46,17
bristol,WALK,E02006887,E02003037,46,18
bristol,WALK,E02006887,E02003033,46,19
bristol,WALK,E02006887,E02003032,46,20
bristol,WALK,E02006887,E02003041,46,21
bristol,WALK,E02006887,E02003038,46,22
bristol,WALK,E02006887,E02003039,46,23
bristol,WALK,E02006887,E02003040,46,24
bristol,WALK,E02006887,E02006889,46,25
bristol,WALK,E02006887,E02003046,46,26
bristol,WALK,E02006887,E02003054,46,27
bristol,WALK,E02006887,E02003047,46,28
bristol,WALK,E02006887,E02003050,46,29
bristol,WALK,E02006887,E02003052,46,30
bristol,WALK,E02006887,E02003049,46,31
bristol,WALK,E02006887,E02003053,46,32
bristol,WALK,E02006887,E02003056,46,33
bristol,WALK,E02006887,E02003057,46,34
bristol,WALK,E02006887,E02003058,46,35
bristol,WALK,E02006887,E02003059,46,36
bristol,WALK,E02006887,E02003060,46,37
bristol,WALK,E02006887,E02003062,46,38
bristol,WALK,E02006887,E02003063,46,39
bristol,WALK,E02006887,E02003064,46,40
bristol,WALK,E02006887,E02006888,46,41
bristol,WALK,E02006887,E02006890,46,42
bristol,WALK,E02006888,E02003012,47,0
bristol,WALK,E02006888,E02003013,47,1
bristol,WALK,E02006888,E02003015,47,2
bristol,WALK,E02006888,E02003014,47,3
bristol,WALK,E02006888,E02003019,47,4
bristol,WALK,E02006888,E02003016,47,5
bristol,WALK,E02006888,E02003106,47,6
bristol,WALK,E02006888,E02003017,47,7
bristol,WALK,E02006888,E02003027,47,8
bristol,WALK,E02006888,E02003043,47,9
bristol,WALK,E02006888,E02003023,47,10
bristol,WALK,E02006888,E02003024,47,11
bristol,WALK,E02006888,E02003025,47,12
bristol,WALK,E02006888,E02003031,47,13
bristol,WALK,E02006888,E02003034,47,14
bristol,WALK,E02006888,E02003036,47,15
bristol,WALK,E02006888,E02006887,47,16
bristol,WALK,E02006888,E02003028,47,17
bristol,WALK,E02006888,E02003037,47,18
bristol,WALK,E02006888,E02003033,47,19
bristol,WALK,E02006888,E02003032,47,20
bristol,WALK,E02006888,E02003041,47,21
bristol,WALK,E02006888,E02003038,47,22
bristol,WALK,E02006888,E02003039,47,23
bristol,WALK,E02006888,E02003040,47,24
bristol,WALK,E02006888,E02006889,47,25
bristol,WALK,E02006888,E02003046,47,26
bristol,WALK,E02006888,E02003054,47,27
bristol,WALK,E02006888,E02003047,47,28
bristol,WALK,E02006888,E02003050,47,29
bristol,WALK,E02006888,E02003052,47,30
bristol,WALK,E02006888,E02003049,47,31
bristol,WALK,E02006888,E02003053,47,32
bristol,WALK,E02006888,E02003056,47,33
bristol,WALK,E02006888,E02003057,47,34
bristol,WALK,E02006888,E02003058,47,35
bristol,WALK,E02006888,E02003059,47,36
bristol,WALK,E02006888,E02003060,47,37
bristol,WALK,E02006888,E02003062,47,38
bristol,WALK,E02006888,E02003063,47,39
bristol,WALK,E02006888,E02003064,47,40
bristol,WALK,E02006888,E02006888,47,41
bristol,WALK,E02006888,E02006890,47,42
bristol,WALK,E02006889,E02003012,48,0
bristol,WALK,E02006889,E02003013,48,1
bristol,WALK,E02006889,E02003015,48,2
bristol,WALK,E02006889,E02003014,48,3
bristol,WALK,E02006889,E02003019,48,4
bristol,WALK,E02006889,E02003016,48,5
bristol,WALK,E02006889,E02003106,48,6
bristol,WALK,E02006889,E02003017,48,7
bristol,WALK,E02006889,E02003027,48,8
bristol,WALK,E02006889,E02003043,48,9
bristol,WALK,E02006889,E02003023,48,10
bristol,WALK,E02006889,E02003024,48,11
bristol,WALK,E02006889,E02003025,48,12
bristol,WALK,E02006889,E02003031,48,13
bristol,WALK,E02006889,E02003034,48,14
bristol,WALK,E02006889,E02003036,48,15
bristol,WALK,E02006889,E02006887,48,16
bristol,WALK,E02006889,E02003028,48,17
bristol,WALK,E02006889,E02003037,48,18
bristol,WALK,E02006889,E02003033,48,19
bristol,WALK,E02006889,E02003032,48,20
bristol,WALK,E02006889,E02003041,48,21
bristol,WALK,E02006889,E02003038,48,22
bristol,WALK,E02006889,E02003039,48,23
bristol,WALK,E02006889,E02003040,48,24
bristol,WALK,E02006889,E02006889,48,25
bristol,WALK,E02006889,E02003046,48,26
bristol,WALK,E02006889,E02003054,48,27
bristol,WALK,E02006889,E02003047,48,28
bristol,WALK,E02006889,E02003050,48,29
bristol,WALK,E02006889,E02003052,48,30
bristol,WALK,E02006889,E02003049,48,31
bristol,WALK,E02006889,E02003053,48,32
bristol,WALK,E02006889,E02003056,48,33
bristol,WALK,E02006889,E02003057,48,34
bristol,WALK,E02006889,E02003058,48,35
bristol,WALK,E02006889,E02003059,48,36
bristol,WALK,E02006889,E02003060,48,37
bristol,WALK,E02006889,E02003062,48,38
bristol,WALK,E02006889,E02003063,48,39
bristol,WALK,E02006889,E02003064,48,40
bristol,WALK,E02006889,E02006888,48,41
bristol,WALK,E02006889,E02006890,48,42
bristol,WALK,E02006890,E02003012,49,0
bristol,WALK,E02006890,E02003013,49,1
bristol,WALK,E02006890,E02003015,49,2
bristol,WALK,E02006890,E02003014,49,3
bristol,WALK,E02006890,E02003019,49,4
bristol,WALK,E02006890,E02003016,49,5
bristol,WALK,E02006890,E02003106,49,6
bristol,WALK,E02006890,E02003017,49,7
bristol,WALK,E02006890,E02003027,49,8
bristol,WALK,E02006890,E02003043,49,9
bristol,WALK,E02006890,E02003023,49,10
bristol,WALK,E02006890,E02003024,49,11
bristol,WALK,E02006890,E02003025,49,12
bristol,WALK,E02006890,E02003031,49,13
bristol,WALK,E02006890,E02003034,49,14
bristol,WALK,E02006890,E02003036,49,15
bristol,WALK,E02006890,E02006887,49,16
bristol,WALK,E02006890,E02003028,49,17
bristol,WALK,E02006890,E02003037,49,18
bristol,WALK,E02006890,E02003033,49,19
bristol,WALK,E02006890,E02003032,49,20
bristol,WALK,E02006890,E02003041,49,21
bristol,WALK,E02006890,E02003038,49,22
bristol,WALK,E02006890,E02003039,49,23
bristol,WALK,E02006890,E02003040,49,24
bristol,WALK,E02006890,E02006889,49,25
bristol,WALK,E02006890,E02003046,49,26
bristol,WALK,E02006890,E02003054,49,27
bristol,WALK,E02006890,E02003047,49,28
bristol,WALK,E02006890,E02003050,49,29
bristol,WALK,E02006890,E02003052,49,30
bristol,WALK,E02006890,E02003049,49,31
bristol,WALK,E02006890,E02003053,49,32
bristol,WALK,E02006890,E02003056,49,33
bristol,WALK,E02006890,E02003057,49,34
bristol,WALK,E02006890,E02003058,49,35
bristol,WALK,E02006890,E02003059,49,36
bristol,WALK,E02006890,E02003060,49,37
bristol,WALK,E02006890,E02003062,49,38
bristol,WALK,E02006890,E02003063,49,39
bristol,WALK,E02006890,E02003064,49,40
bristol,WALK,E02006890,E02006888,49,41
bristol,WALK,E02006890,E02006890,49,42
bristol,BUS,E02003012,E02003043,0,0
bristol,BUS,E02003012,E02003094,0,1
bristol,BUS,E02003012,E02006887,0,2
bristol,BUS,E02003012,E02003106,0,3
bristol,BUS,E02003012,E02003036,0,4
bristol,BUS,E02003012,E02003077,0,5
bristol,BUS,E02003013,E02003043,1,0
bristol,BUS,E02003013,E02003094,1,1
bristol,BUS,E02003013,E02006887,1,2
bristol,BUS,E02003013,E02003106,1,3
bristol,BUS,E02003013,E02003036,1,4
bristol,BUS,E02003013,E02003077,1,5
bristol,BUS,E02003014,E02003043,2,0
bristol,BUS,E02003014,E02003094,2,1
bristol,BUS,E02003014,E02006887,2,2
bristol,BUS,E02003014,E02003106,2,3
bristol,BUS,E02003014,E02003036,2,4
bristol,BUS,E02003014,E02003077,2,5
bristol,BUS,E02003015,E02003043,3,0
bristol,BUS,E02003015,E02003094,3,1
bristol,BUS,E02003015,E02006887,3,2
bristol,BUS,E02003015,E02003106,3,3
bristol,BUS,E02003015,E02003036,3,4
bristol,BUS,E02003015,E02003077,3,5
bristol,BUS,E02003016,E02003043,4,0
bristol,BUS,E02003016,E02003094,4,1
bristol,BUS,E02003016,E02006887,4,2
bristol,BUS,E02003016,E02003106,4,3
bristol,BUS,E02003016,E02003036,4,4
bristol,BUS,E02003016,E02003077,4,5
bristol,BUS,E02003017,E02003043,5,0
bristol,BUS,E02003017,E02003094,5,1
bristol,BUS,E02003017,E02006887,5,2
bristol,BUS,E02003017,E02003106,5,3
bristol,BUS,E02003017,E02003036,5,4
bristol,BUS,E02003017,E02003077,5,5
bristol,BUS,E02003018,E02003043,6,0
bristol,BUS,E02003018,E02003094,6,1
bristol,BUS,E02003018,E02006887,6,2
bristol,BUS,E02003018,E02003106,6,3
bristol,BUS,E02003018,E02003036,6,4
bristol,BUS,E02003018,E02003077,6,5
bristol,BUS,E02003019,E02003043,7,0
bristol,BUS,E02003019,E02003094,7,1
bristol,BUS,E02003019,E02006887,7,2
bristol,BUS,E02003019,E02003106,7,3
bristol,BUS,E02003019,E02003036,7,4
bristol,BUS,E02003019,E02003077,7,5
bristol,BUS,E02003020,E02003043,8,0
bristol,BUS,E02003020,E02003094,8,1
bristol,BUS,E02003020,E02006887,8,2
bristol,BUS,E02003020,E02003106,8,3
bristol,BUS,E02003020,E02003036,8,4
bristol,BUS,E02003020,E02003077,8,5
bristol,BUS,E02003021,E02003043,9,0
bristol,BUS,E02003021,E02003094,9,1
bristol,BUS,E02003021,E02006887,9,2
bristol,BUS,E02003021,E02003106,9,3
bristol,BUS,E02003021,E02003036,9,4
bristol,BUS,E02003021,E02003077,9,5
bristol,BUS,E02003022,E02003043,10,0
bristol,BUS,E02003022,E02003094,10,1
bristol,BUS,E02003022,E02006887,10,2
bristol,BUS,E02003022,E02003106,10,3
bristol,BUS,E02003022,E02003036,10,4
bristol,BUS,E02003022,E02003077,10,5
bristol,BUS,E02003023,E02003043,11,0
bristol,BUS,E02003023,E02003094,11,1
bristol,BUS,E02003023,E02006887,11,2
bristol,BUS,E02003023,E02003106,11,3
bristol,BUS,E02003023,E02003036,11,4
bristol,BUS,E02003023,E02003077,11,5
bristol,BUS,E02003024,E02003043,12,0
bristol,BUS,E02003024,E02003094,12,1
bristol,BUS,E02003024,E02006887,12,2
bristol,BUS,E02003024,E02003106,12,3
bristol,BUS,E02003024,E02003036,12,4
bristol,BUS,E02003024,E02003077,12,5
bristol,BUS,E02003025,E02003043,13,0
bristol,BUS,E02003025,E02003094,13,1
bristol,BUS,E02003025,E02006887,13,2
bristol,BUS,E02003025,E02003106,13,3
bristol,BUS,E02003025,E02003036,13,4
bristol,BUS,E02003025,E02003077,13,5
bristol,BUS,E02003026,E02003043,14,0
bristol,BUS,E02003026,E02003094,14,1
bristol,BUS,E02003026,E02006887,14,2
bristol,BUS,E02003026,E02003106,14,3
bristol,BUS,E02003026,E02003036,14,4
bristol,BUS,E02003026,E02003077,14,5
bristol,BUS,E02003027,E02003043,15,0
bristol,BUS,E02003027,E02003094,15,1
bristol,BUS,E02003027,E02006887,15,2
bristol,BUS,E02003027,E02003106,15,3
bristol,BUS,E02003027,E02003036,15,4
bristol,BUS,E02003027,E02003077,15,5
bristol,BUS,E02003028,E02003043,16,0
bristol,BUS,E02003028,E02003094,16,1
bristol,BUS,E02003028,E02006887,16,2
bristol,BUS,E02003028,E02003106,16,3
bristol,BUS,E02003028,E02003036,16,4
bristol,BUS,E02003028,E02003077,16,5
bristol,BUS,E02003029,E02003043,17,0
bristol,BUS,E02003029,E02003094,17,1
bristol,BUS,E02003029,E02006887,17,2
bristol,BUS,E02003029,E02003106,17,3
bristol,BUS,E02003029,E02003036,17,4
bristol,BUS,E02003029,E02003077,17,5
bristol,BUS,E02003030,E02003043,18,0
bristol,BUS,E02003030,E02003094,18,1
bristol,BUS,E02003030,E02006887,18,2
bristol,BUS,E02003030,E02003106,18,3
bristol,BUS,E02003030,E02003036,18,4
bristol,BUS,E02003030,E02003077,18,5
bristol,BUS,E02003031,E02003043,19,0
bristol,BUS,E02003031,E02003094,19,1
bristol,BUS,E02003031,E02006887,19,2
bristol,BUS,E02003031,E02003106,19,3
bristol,BUS,E02003031,E02003036,19,4
bristol,BUS,E02003031,E02003077,19,5
bristol,BUS,E02003032,E02003043,20,0
bristol,BUS,E02003032,E02003094,20,1
bristol,BUS,E02003032,E02006887,20,2
bristol,BUS,E02003032,E02003106,20,3
bristol,BUS,E02003032,E02003036,20,4
bristol,BUS,E02003032,E02003077,20,5
bristol,BUS,E02003034,E02003043,21,0
bristol,BUS,E02003034,E02003094,21,1
bristol,BUS,E02003034,E02006887,21,2
bristol,BUS,E02003034,E02003106,21,3
bristol,BUS,E02003034,E02003036,21,4
bristol,BUS,E02003034,E02003077,21,5
bristol,BUS,E02003037,E02003043,22,0
bristol,BUS,E02003037,E02003094,22,1
bristol,BUS,E02003037,E02006887,22,2
bristol,BUS,E02003037,E02003106,22,3
bristol,BUS,E02003037,E02003036,22,4
bristol,BUS,E02003037,E02003077,22,5
bristol,BUS,E02003038,E02003043,23,0
bristol,BUS,E02003038,E02003094,23,1
bristol,BUS,E02003038,E02006887,23,2
bristol,BUS,E02003038,E02003106,23,3
bristol,BUS,E02003038,E02003036,23,4
bristol,BUS,E02003038,E02003077,23,5
bristol,BUS,E02003039,E02003043,24,0
bristol,BUS,E02003039,E02003094,24,1
bristol,BUS,E02003039,E02006887,24,2
bristol,BUS,E02003039,E02003106,24,3
bristol,BUS,E02003039,E02003036,24,4
bristol,BUS,E02003039,E02003077,24,5
bristol,BUS,E02003040,E02003043,25,0
bristol,BUS,E02003040,E02003094,25,1
bristol,BUS,E02003040,E02006887,25,2
bristol,BUS,E02003040,E02003106,25,3
bristol,BUS,E02003040,E02003036,25,4
bristol,BUS,E02003040,E02003077,25,5
bristol,BUS,E02003044,E02003043,26,0
bristol,BUS,E02003044,E02003094,26,1
bristol,BUS,E02003044,E02006887,26,2
bristol,BUS,E02003044,E02003106,26,3
bristol,BUS,E02003044,E02003036,26,4
bristol,BUS,E02003044,E02003077,26,5
bristol,BUS,E02003046,E02003043,27,0
bristol,BUS,E02003046,E02003094,27,1
bristol,BUS,E02003046,E02006887,27,2
bristol,BUS,E02003046,E02003106,27,3
bristol,BUS,E02003046,E02003036,27,4
bristol,BUS,E02003046,E02003077,27,5
bristol,BUS,E02003047,E02003043,28,0
bristol,BUS,E02003047,E02003094,28,1
bristol,BUS,E02003047,E02006887,28,2
bristol,BUS,E02003047,E02003106,28,3
bristol,BUS,E02003047,E02003036,28,4
bristol,BUS,E02003047,E02003077,28,5
bristol,BUS,E02003048,E02003043,29,0
bristol,BUS,E02003048,E02003094,29,1
bristol,BUS,E02003048,E02006887,29,2
bristol,BUS,E02003048,E02003106,29,3
bristol,BUS,E02003048,E02003036,29,4
bristol,BUS,E02003048,E02003077,29,5
bristol,BUS,E02003049,E02003043,30,0
bristol,BUS,E02003049,E02003094,30,1
bristol,BUS,E02003049,E02006887,30,2
bristol,BUS,E02003049,E02003106,30,3
bristol,BUS,E02003049,E02003036,30,4
bristol,BUS,E02003049,E02003077,30,5
bristol,BUS,E02003050,E02003043,31,0
bristol,BUS,E02003050,E02003094,31,1
bristol,BUS,E02003050,E02006887,31,2
bristol,BUS,E02003050,E02003106,31,3
bristol,BUS,E02003050,E02003036,31,4
bristol,BUS,E02003050,E02003077,31,5
bristol,BUS,E02003051,E02003043,32,0
bristol,BUS,E02003051,E02003094,32,1
bristol,BUS,E02003051,E02006887,32,2
bristol,BUS,E02003051,E02003106,32,3
bristol,BUS,E02003051,E02003036,32,4
bristol,BUS,E02003051,E02003077,32,5
bristol,BUS,E02003052,E02003043,33,0
bristol,BUS,E02003052,E02003094,33,1
bristol,BUS,E02003052,E02006887,33,2
bristol,BUS,E02003052,E02003106,33,3
bristol,BUS,E02003052,E02003036,33,4
bristol,BUS,E02003052,E02003077,33,5
bristol,BUS,E02003053,E02003043,34,0
bristol,BUS,E02003053,E02003094,34,1
bristol,BUS,E02003053,E02006887,34,2
bristol,BUS,E02003053,E02003106,34,3
bristol,BUS,E02003053,E02003036,34,4
bristol,BUS,E02003053,E02003077,34,5
bristol,BUS,E02003054,E02003043,35,0
bristol,BUS,E02003054,E02003094,35,1
bristol,BUS,E02003054,E02006887,35,2
bristol,BUS,E02003054,E02003106,35,3
bristol,BUS,E02003054,E02003036,35,4
bristol,BUS,E02003054,E02003077,35,5
bristol,BUS,E02003055,E02003043,36,0
bristol,BUS,E02003055,E02003094,36,1
bristol,BUS,E02003055,E02006887,36,2
bristol,BUS,E02003055,E02003106,36,3
bristol,BUS,E02003055,E02003036,36,4
bristol,BUS,E02003055,E02003077,36,5
bristol,BUS,E02003056,E02003043,37,0
bristol,BUS,E02003056,E02003094,37,1
bristol,BUS,E02003056,E02006887,37,2
bristol,BUS,E02003056,E02003106,37,3
bristol,BUS,E02003056,E02003036,37,4
bristol,BUS,E02003056,E02003077,37,5
bristol,BUS,E02003057,E02003043,38,0
bristol,BUS,E02003057,E02003094,38,1
bristol,BUS,E02003057,E02006887,38,2
bristol,BUS,E02003057,E02003106,38,3
bristol,BUS,E02003057,E02003036,38,4
bristol,BUS,E02003057,E02003077,38,5
bristol,BUS,E02003058,E02003043,39,0
bristol,BUS,E02003058,E02003094,39,1
bristol,BUS,E02003058,E02006887,39,2
bristol,BUS,E02003058,E02003106,39,3
bristol,BUS,E02003058,E02003036,39,4
bristol,BUS,E02003058,E02003077,39,5
bristol,BUS,E02003059,E02003043,40,0
bristol,BUS,E02003059,E02003094,40,1
bristol,BUS,E02003059,E02006887,40,2
bristol,BUS,E02003059,E02003106,40,3
bristol,BUS,E02003059,E02003036,40,4
bristol,BUS,E02003059,E02003077,40,5
bristol,BUS,E02003060,E02003043,41,0
bristol,BUS,E02003060,E02003094,41,1
bristol,BUS,E02003060,E02006887,41,2
bristol,BUS,E02003060,E02003106,41,3
bristol,BUS,E02003060,E02003036,41,4
bristol,BUS,E02003060,E02003077,41,5
bristol,BUS,E02003061,E02003043,42,0
bristol,BUS,E02003061,E02003094,42,1
bristol,BUS,E02003061,E02006887,42,2
bristol,BUS,E02003061,E02003106,42,3
bristol,BUS,E02003061,E02003036,42,4
bristol,BUS,E02003061,E02003077,42,5
bristol,BUS,E02003062,E02003043,43,0
bristol,BUS,E02003062,E02003094,43,1
bristol,BUS,E02003062,E02006887,43,2
bristol,BUS,E02003062,E02003106,43,3
bristol,BUS,E02003062,E02003036,43,4
bristol,BUS,E02003062,E02003077,43,5
bristol,BUS,E02003063,E02003043,44,0
bristol,BUS,E02003063,E02003094,44,1
bristol,BUS,E02003063,E02006887,44,2
bristol,BUS,E02003063,E02003106,44,3
bristol,BUS,E02003063,E02003036,44,4
bristol,BUS,E02003063,E02003077,44,5
bristol,BUS,E02003064,E02003043,45,0
bristol,BUS,E02003064,E02003094,45,1
bristol,BUS,E02003064,E02006887,45,2
bristol,BUS,E02003064,E02003106,45,3
bristol,BUS,E02003064,E02003036,45,4
bristol,BUS,E02003064,E02003077,45,5
bristol,BUS,E02006888,E02003043,46,0
bristol,BUS,E02006888,E02003094,46,1
bristol,BUS,E02006888,E02006887,46,2
bristol,BUS,E02006888,E02003106,46,3
bristol,BUS,E02006888,E02003036,46,4
bristol,BUS,E02006888,E02003077,46,5
bristol,BUS,E02006889,E02003043,47,0
bristol,BUS,E02006889,E02003094,47,1
bristol,BUS,E02006889,E02006887,47,2
bristol,BUS,E02006889,E02003106,47,3
bristol,BUS,E02006889,E02003036,47,4
bristol,BUS,E02006889,E02003077,47,5
bristol,BUS,E02006890,E02003043,48,0
bristol,BUS,E02006890,E02003094,48,1
bristol,BUS,E02006890,E02006887,48,2
bristol,BUS,E02006890,E02003106,48,3
bristol,BUS,E02006890,E02003036,48,4
bristol,BUS,E02006890,E02003077,48,5
cullompton,DRIVE,E02004170,E02004134,0,0
cullompton,DRIVE,E02004170,E02004156,0,1
cullompton,DRIVE,E02004170,E02004159,0,2
cullompton,DRIVE,E02004170,E02004161,0,3
cullompton,DRIVE,E02004170,E02004162,0,4
cullompton,DRIVE,E02004170,E02004167,0,5
cullompton,DRIVE,E02004170,E02004168,0,6
cullompton,DRIVE,E02004170,E02004169,0,7
cullompton,DRIVE,E02004170,E02004170,0,8
cullompton,DRIVE,E02004170,E02004171,0,9
cullompton,WALK,E02004170,E02004170,0,0
cullompton,BUS,E02004170,E02004156,0,0
exeter,DRIVE,E02004149,E02004134,0,0
exeter,DRIVE,E02004149,E02004149,0,1
exeter,DRIVE,E02004149,E02004156,0,2
exeter,DRIVE,E02004149,E02004157,0,3
exeter,DRIVE,E02004149,E02004159,0,4
exeter,DRIVE,E02004149,E02004161,0,5
exeter,DRIVE,E02004149,E02004162,0,6
exeter,DRIVE,E02004149,E02004151,0,7
exeter,DRIVE,E02004149,E02004142,0,8
exeter,DRIVE,E02004149,E02004158,0,9
exeter,DRIVE,E02004149,E02004154,0,10
exeter,DRIVE,E02004149,E02004163,0,11
exeter,DRIVE,E02004150,E02004134,1,0
exeter,DRIVE,E02004150,E02004149,1,1
exeter,DRIVE,E02004150,E02004156,1,2
exeter,DRIVE,E02004150,E02004157,1,3
exeter,DRIVE,E02004150,E02004159,1,4
exeter,DRIVE,E02004150,E02004161,1,5
exeter,DRIVE,E02004150,E02004162,1,6
exeter,DRIVE,E02004150,E02004151,1,7
exeter,DRIVE,E02004150,E02004142,1,8
exeter,DRIVE,E02004150,E02004158,1,9
exeter,DRIVE,E02004150,E02004154,1,10
exeter,DRIVE,E02004150,E02004163,1,11
exeter,DRIVE,E02004151,E02004134,2,0
exeter,DRIVE,E02004151,E02004149,2,1
exeter,DRIVE,E02004151,E02004156,2,2
exeter,DRIVE,E02004151,E02004157,2,3
exeter,DRIVE,E02004151,E02004159,2,4
exeter,DRIVE,E02004151,E02004161,2,5
exeter,DRIVE,E02004151,E02004162,2,6
exeter,DRIVE,E02004151,E02004151,2,7
exeter,DRIVE,E02004151,E02004142,2,8
exeter,DRIVE,E02004151,E02004158,2,9
exeter,DRIVE,E02004151,E02004154,2,10
exeter,DRIVE,E02004151,E02004163,2,11
exeter,DRIVE,E02004152,E02004134,3,0
exeter,DRIVE,E02004152,E02004149,3,1
exeter,DRIVE,E02004152,E02004156,3,2
exeter,DRIVE,E02004152,E02004157,3,3
exeter,DRIVE,E02004152,E02004159,3,4
exeter,DRIVE,E02004152,E02004161,3,5
exeter,DRIVE,E02004152,E02004162,3,6
exeter,DRIVE,E02004152,E02004151,3,7
exeter,DRIVE,E02004152,E02004142,3,8
exeter,DRIVE,E02004152,E02004158,3,9
exeter,DRIVE,E02004152,E02004154,3,10
exeter,DRIVE,E02004152,E02004163,3,11
exeter,DRIVE,E02004153,E02004134,4,0
exeter,DRIVE,E02004153,E02004149,4,1
exeter,DRIVE,E02004153,E02004156,4,2
exeter,DRIVE,E02004153,E02004157,4,3
exeter,DRIVE,E02004153,E02004159,4,4
exeter,DRIVE,E02004153,E02004161,4,5
exeter,DRIVE,E02004153,E02004162,4,6
exeter,DRIVE,E02004153,E02004151,4,7
exeter,DRIVE,E02004153,E02004142,4,8
exeter,DRIVE,E02004153,E02004158,4,9
exeter,DRIVE,E02004153,E02004154,4,10
exeter,DRIVE,E02004153,E02004163,4,11
exeter,DRIVE,E02004154,E02004134,5,0
exeter,DRIVE,E02004154,E02004149,5,1
exeter,DRIVE,E02004154,E02004156,5,2
exeter,DRIVE,E02004154,E02004157,5,3
exeter,DRIVE,E02004154,E02004159,5,4
exeter,DRIVE,E02004154,E02004161,5,5
exeter,DRIVE,E02004154,E02004162,5,6
exeter,DRIVE,E02004154,E02004151,5,7
exeter,DRIVE,E02004154,E02004142,5,8
exeter,DRIVE,E02004154,E02004158,5,9
exeter,DRIVE,E02004154,E02004154,5,10
exeter,DRIVE,E02004154,E02004163,5,11
exeter,DRIVE,E02004155,E02004134,6,0
exeter,DRIVE,E02004155,E02004149,6,1
exeter,DRIVE,E02004155,E02004156,6,2
exeter,DRIVE,E02004155,E02004157,6,3
exeter,DRIVE,E02004155,E02004159,6,4
exeter,DRIVE,E02004155,E02004161,6,5
exeter,DRIVE,E02004155,E02004162,6,6
exeter,DRIVE,E02004155,E02004151,6,7
exeter,DRIVE,E02004155,E02004142,6,8
exeter,DRIVE,E02004155,E02004158,6,9
exeter,DRIVE,E02004155,E02004154,6,10
exeter,DRIVE,E02004155,E02004163,6,11
exeter,DRIVE,E02004156,E02004134,7,0
exeter,DRIVE,E02004156,E02004149,7,1
exeter,DRIVE,E02004156,E02004156,7,2
exeter,DRIVE,E02004156,E02004157,7,3
exeter,DRIVE,E02004156,E02004159,7,4
exeter,DRIVE,E02004156,E02004161,7,5
exeter,DRIVE,E02004156,E02004162,7,6
exeter,DRIVE,E02004156,E02004151,7,7
exeter,DRIVE,E02004156,E02004142,7,8
exeter,DRIVE,E02004156,E02004158,7,9
exeter,DRIVE,E02004156,E02004154,7,10
exeter,DRIVE,E02004156,E02004163,7,11
exeter,DRIVE,E02004157,E02004134,8,0
exeter,DRIVE,E02004157,E02004149,8,1
exeter,DRIVE,E02004157,E02004156,8,2
exeter,DRIVE,E02004157,E02004157,8,3
exeter,DRIVE,E02004157,E02004159,8,4
exeter,DRIVE,E02004157,E02004161,8,5
exeter,DRIVE,E02004157,E02004162,8,6
exeter,DRIVE,E02004157,E02004151,8,7
exeter,DRIVE,E02004157,E02004142,8,8
exeter,DRIVE,E02004157,E02004158,8,9
exeter,DRIVE,E02004157,E02004154,8,10
exeter,DRIVE,E02004157,E02004163,8,11
exeter,DRIVE,E02004158,E02004134,9,0
exeter,DRIVE,E02004158,E02004149,9,1
exeter,DRIVE,E02004158,E02004156,9,2
exeter,DRIVE,E02004158,E02004157,9,3
exeter,DRIVE,E02004158,E02004159,9,4
exeter,DRIVE,E02004158,E02004161,9,5
exeter,DRIVE,E02004158,E02004162,9,6
exeter,DRIVE,E02004158,E02004151,9,7
exeter,DRIVE,E02004158,E02004142,9,8
exeter,DRIVE,E02004158,E02004158,9,9
exeter,DRIVE,E02004158,E02004154,9,10
exeter,DRIVE,E02004158,E02004163,9,11
exeter,DRIVE,E02004159,E02004134,10,0
exeter,DRIVE,E02004159,E02004149,10,1
exeter,DRIVE,E02004159,E02004156,10,2
exeter,DRIVE,E02004159,E02004157,10,3
exeter,DRIVE,E02004159,E02004159,10,4
exeter,DRIVE,E02004159,E02004161,10,5
exeter,DRIVE,E02004159,E02004162,10,6
exeter,DRIVE,E02004159,E02004151,10,7
exeter,DRIVE,E02004159,E02004142,10,8
exeter,DRIVE,E02004159,E02004158,10,9
exeter,DRIVE,E02004159,E02004154,10,10
exeter,DRIVE,E02004159,E02004163,10,11
exeter,DRIVE,E02004160,E02004134,11,0
exeter,DRIVE,E02004160,E02004149,11,1
exeter,DRIVE,E02004160,E02004156,11,2
exeter,DRIVE,E02004160,E02004157,11,3
exeter,DRIVE,E02004160,E02004159,11,4
exeter,DRIVE,E02004160,E02004161,11,5
exeter,DRIVE,E02004160,E02004162,11,6
exeter,DRIVE,E02004160,E02004151,11,7
exeter,DRIVE,E02004160,E02004142,11,8
exeter,DRIVE,E02004160,E02004158,11,9
exeter,DRIVE,E02004160,E02004154,11,10
exeter,DRIVE,E02004160,E02004163,11,11
exeter,DRIVE,E02004161,E02004134,12,0
exeter,DRIVE,E02004161,E02004149,12,1
exeter,DRIVE,E02004161,E02004156,12,2
exeter,DRIVE,E02004161,E02004157,12,3
exeter,DRIVE,E02004161,E02004159,12,4
exeter,DRIVE,E02004161,E02004161,12,5
exeter,DRIVE,E02004161,E02004162,12,6
exeter,DRIVE,E02004161,E02004151,12,7
exeter,DRIVE,E02004161,E02004142,12,8
exeter,DRIVE,E02004161,E02004158,12,9
exeter,DRIVE,E02004161,E02004154,12,10
exeter,DRIVE,E02004161,E02004163,12,11
exeter,DRIVE,E02004162,E02004134,13,0
exeter,DRIVE,E02004162,E02004149,13,1
exeter,DRIVE,E02004162,E02004156,13,2
exeter,DRIVE,E02004162,E02004157,13,3
exeter,DRIVE,E02004162,E02004159,13,4
exeter,DRIVE,E02004162,E02004161,13,5
exeter,DRIVE,E02004162,E02004162,13,6
exeter,DRIVE,E02004162,E02004151,13,7
exeter,DRIVE,E02004162,E02004142,13,8
exeter,DRIVE,E02004162,E02004158,13,9
exeter,DRIVE,E02004162,E02004154,13,10
exeter,DRIVE,E02004162,E02004163,13,11
exeter,DRIVE,E02004163,E02004134,14,0
exeter,DRIVE,E02004163,E02004149,14,1
exeter,DRIVE,E02004163,E02004156,14,2
exeter,DRIVE,E02004163,E02004157,14,3
exeter,DRIVE,E02004163,E02004159,14,4
exeter,DRIVE,E02004163,E02004161,14,5
exeter,DRIVE,E02004163,E02004162,14,6
exeter,DRIVE,E02004163,E02004151,14,7
exeter,DRIVE,E02004163,E02004142,14,8
exeter,DRIVE,E02004163,E02004158,14,9
exeter,DRIVE,E02004163,E02004154,14,10
exeter,DRIVE,E02004163,E02004163,14,11
exeter,BICYCLE,E02004151,E02004159,0,0
exeter,BICYCLE,E02004151,E02004156,0,1
exeter,BICYCLE,E02004151,E02004162,0,2
exeter,BICYCLE,E02004154,E02004159,1,0
exeter,BICYCLE,E02004154,E02004156,1,1
exeter,BICYCLE,E02004154,E02004162,1,2
exeter,BICYCLE,E02004155,E02004159,2,0
exeter,BICYCLE,E02004155,E02004156,2,1
exeter,BICYCLE,E02004155,E02004162,2,2
exeter,BICYCLE,E02004156,E02004159,3,0
exeter,BICYCLE,E02004156,E02004156,3,1
exeter,BICYCLE,E02004156,E02004162,3,2
exeter,BICYCLE,E02004157,E02004159,4,0
exeter,BICYCLE,E02004157,E02004156,4,1
exeter,BICYCLE,E02004157,E02004162,4,2
exeter,BICYCLE,E02004158,E02004159,5,0
exeter,BICYCLE,E02004158,E02004156,5,1
exeter,BICYCLE,E02004158,E02004162,5,2
exeter,BICYCLE,E02004159,E02004159,6,0
exeter,BICYCLE,E02004159,E02004156,6,1
exeter,BICYCLE,E02004159,E02004162,6,2
exeter,BICYCLE,E02004161,E02004159,7,0
exeter,BICYCLE,E02004161,E02004156,7,1
exeter,BICYCLE,E02004161,E02004162,7,2
exeter,BICYCLE,E02004162,E02004159,8,0
exeter,BICYCLE,E02004162,E02004156,8,1
exeter,BICYCLE,E02004162,E02004162,8,2
exeter,WALK,E02004149,E02004149,0,0
exeter,WALK,E02004149,E02004156,0,1
exeter,WALK,E02004149,E02004151,0,2
exeter,WALK,E02004149,E02004159,0,3
exeter,WALK,E02004149,E02004152,0,4
exeter,WALK,E02004149,E02004153,0,5
exeter,WALK,E02004149,E02004154,0,6
exeter,WALK,E02004149,E02004157,0,7
exeter,WALK,E02004149,E02004161,0,8
exeter,WALK,E02004149,E02004155,0,9
exeter,WALK,E02004149,E02004162,0,10
exeter,WALK,E02004149,E02004158,0,11
exeter,WALK,E02004149,E02004163,0,12
exeter,WALK,E02004150,E02004149,1,0
exeter,WALK,E02004150,E02004156,1,1
exeter,WALK,E02004150,E02004151,1,2
exeter,WALK,E02004150,E02004159,1,3
exeter,WALK,E02004150,E02004152,1,4
exeter,WALK,E02004150,E02004153,1,5
exeter,WALK,E02004150,E02004154,1,6
exeter,WALK,E02004150,E02004157,1,7
exeter,WALK,E02004150,E02004161,1,8
exeter,WALK,E02004150,E02004155,1,9
exeter,WALK,E02004150,E02004162,1,10
exeter,WALK,E02004150,E02004158,1,11
exeter,WALK,E02004150,E02004163,1,12
exeter,WALK,E02004151,E02004149,2,0
exeter,WALK,E02004151,E02004156,2,1
exeter,WALK,E02004151,E02004151,2,2
exeter,WALK,E02004151,E02004159,2,3
exeter,WALK,E02004151,E02004152,2,4
exeter,WALK,E02004151,E02004153,2,5
exeter,WALK,E02004151,E02004154,2,6
exeter,WALK,E02004151,E02004157,2,7
exeter,WALK,E02004151,E02004161,2,8
exeter,WALK,E02004151,E02004155,2,9
exeter,WALK,E02004151,E02004162,2,10
exeter,WALK,E02004151,E02004158,2,11
exeter,WALK,E02004151,E02004163,2,12
exeter,WALK,E02004152,E02004149,3,0
exeter,WALK,E02004152,E02004156,3,1
exeter,WALK,E02004152,E02004151,3,2
exeter,WALK,E02004152,E02004159,3,3
exeter,WALK,E02004152,E02004152,3,4
exeter,WALK,E02004152,E02004153,3,5
exeter,WALK,E02004152,E02004154,3,6
exeter,WALK,E02004152,E02004157,3,7
exeter,WALK,E02004152,E02004161,3,8
exeter,WALK,E02004152,E02004155,3,9
exeter,WALK,E02004152,E02004162,3,10
exeter,WALK,E02004152,E02004158,3,11
exeter,WALK,E02004152,E02004163,3,12
exeter,WALK,E02004153,E02004149,4,0
exeter,WALK,E02004153,E02004156,4,1
exeter,WALK,E02004153,E02004151,4,2
exeter,WALK,E02004153,E02004159,4,3
exeter,WALK,E02004153,E02004152,4,4
exeter,WALK,E02004153,E02004153,4,5
exeter,WALK,E02004153,E02004154,4,6
exeter,WALK,E02004153,E02004157,4,7
exeter,WALK,E02004153,E02004161,4,8
exeter,WALK,E02004153,E02004155,4,9
exeter,WALK,E02004153,E02004162,4,10
exeter,WALK,E02004153,E02004158,4,11
exeter,WALK,E02004153,E02004163,4,12
exeter,WALK,E02004154,E02004149,5,0
exeter,WALK,E02004154,E02004156,5,1
exeter,WALK,E02004154,E02004151,5,2
exeter,WALK,E02004154,E02004159,5,3
exeter,WALK,E02004154,E02004152,5,4
exeter,WALK,E02004154,E02004153,5,5
exeter,WALK,E02004154,E02004154,5,6
exeter,WALK,E02004154,E02004157,5,7
exeter,WALK,E02004154,E02004161,5,8
exeter,WALK,E02004154,E02004155,5,9
exeter,WALK,E02004154,E02004162,5,10
exeter,WALK,E02004154,E02004158,5,11
exeter,WALK,E02004154,E02004163,5,12
exeter,WALK,E02004155,E02004149,6,0
exeter,WALK,E02004155,E02004156,6,1
exeter,WALK,E02004155,E02004151,6,2
exeter,WALK,E02004155,E02004159,6,3
exeter,WALK,E02004155,E02004152,6,4
exeter,WALK,E02004155,E02004153,6,5
exeter,WALK,E02004155,E02004154,6,6
exeter,WALK,E02004155,E02004157,6,7
exeter,WALK,E02004155,E02004161,6,8
exeter,WALK,E02004155,E02004155,6,9
exeter,WALK,E02004155,E02004162,6,10
exeter,WALK,E02004155,E02004158,6,11
exeter,WALK,E02004155,E02004163,6,12
exeter,WALK,E02004156,E02004149,7,0
exeter,WALK,E02004156,E02004156,7,1
exeter,WALK,E02004156,E02004151,7,2
exeter,WALK,E02004156,E02004159,7,3
exeter,WALK,E02004156,E02004152,7,4
exeter,WALK,E02004156,E02004153,7,5
exeter,WALK,E02004156,E02004154,7,6
exeter,WALK,E02004156,E02004157,7,7
exeter,WALK,E02004156,E02004161,7,8
exeter,WALK,E02004156,E02004155,7,9
exeter,WALK,E02004156,E02004162,7,10
exeter,WALK,E02004156,E02004158,7,11
exeter,WALK,E02004156,E02004163,7,12
exeter,WALK,E02004157,E02004149,8,0
exeter,WALK,E02004157,E02004156,8,1
exeter,WALK,E02004157,E02004151,8,2
exeter,WALK,E02004157,E02004159,8,3
exeter,WALK,E02004157,E02004152,8,4
exeter,WALK,E02004157,E02004153,8,5
exeter,WALK,E02004157,E02004154,8,6
exeter,WALK,E02004157,E02004157,8,7
exeter,WALK,E02004157,E02004161,8,8
exeter,WALK,E02004157,E02004155,8,9
exeter,WALK,E02004157,E02004162,8,10
exeter,WALK,E02004157,E02004158,8,11
exeter,WALK,E02004157,E02004163,8,12
exeter,WALK,E02004158,E02004149,9,0
exeter,WALK,E02004158,E02004156,9,1
exeter,WALK,E02004158,E02004151,9,2
exeter,WALK,E02004158,E02004159,9,3
exeter,WALK,E02004158,E02004152,9,4
exeter,WALK,E02004158,E02004153,9,5
exeter,WALK,E02004158,E02004154,9,6
exeter,WALK,E02004158,E02004157,9,7
exeter,WALK,E02004158,E02004161,9,8
exeter,WALK,E02004158,E02004155,9,9
exeter,WALK,E02004158,E02004162,9,10
exeter,WALK,E02004158,E02004158,9,11
exeter,WALK,E02004158,E02004163,9,12
exeter,WALK,E02004159,E02004149,10,0
exeter,WALK,E02004159,E02004156,10,1
exeter,WALK,E02004159,E02004151,10,2
exeter,WALK,E02004159,E02004159,10,3
exeter,WALK,E02004159,E02004152,10,4
exeter,WALK,E02004159,E02004153,10,5
exeter,WALK,E02004159,E02004154,10,6
exeter,WALK,E02004159,E02004157,10,7
exeter,WALK,E02004159,E02004161,10,8
exeter,WALK,E02004159,E02004155,10,9
exeter,WALK,E02004159,E02004162,10,10
exeter,WALK,E02004159,E02004158,10,11
exeter,WALK,E02004159,E02004163,10,12
exeter,WALK,E02004160,E02004149,11,0
exeter,WALK,E02004160,E02004156,11,1
exeter,WALK,E02004160,E02004151,11,2
exeter,WALK,E02004160,E02004159,11,3
exeter,WALK,E02004160,E02004152,11,4
exeter,WALK,E02004160,E02004153,11,5
exeter,WALK,E02004160,E02004154,11,6
exeter,WALK,E02004160,E02004157,11,7
exeter,WALK,E02004160,E02004161,11,8
exeter,WALK,E02004160,E02004155,11,9
exeter,WALK,E02004160,E02004162,11,10
exeter,WALK,E02004160,E02004158,11,11
exeter,WALK,E02004160,E02004163,11,12
exeter,WALK,E02004161,E02004149,12,0
exeter,WALK,E02004161,E02004156,12,1
exeter,WALK,E02004161,E02004151,12,2
exeter,WALK,E02004161,E02004159,12,3
exeter,WALK,E02004161,E02004152,12,4
exeter,WALK,E02004161,E02004153,12,5
exeter,WALK,E02004161,E02004154,12,6
exeter,WALK,E02004161,E02004157,12,7
exeter,WALK,E02004161,E02004161,12,8
exeter,WALK,E02004161,E02004155,12,9
exeter,WALK,E02004161,E02004162,12,10
exeter,WALK,E02004161,E02004158,12,11
exeter,WALK,E02004161,E02004163,12,12
exeter,WALK,E02004162,E02004149,13,0
exeter,WALK,E02004162,E02004156,13,1
exeter,WALK,E02004162,E02004151,13,2
exeter,WALK,E02004162,E02004159,13,3
exeter,WALK,E02004162,E02004152,13,4
exeter,WALK,E02004162,E02004153,13,5
exeter,WALK,E02004162,E02004154,13,6
exeter,WALK,E02004162,E02004157,13,7
exeter,WALK,E02004162,E02004161,13,8
exeter,WALK,E02004162,E02004155,13,9
exeter,WALK,E02004162,E02004162,13,10
exeter,WALK,E02004162,E02004158,13,11
exeter,WALK,E02004162,E02004163,13,12
exeter,WALK,E02004163,E02004149,14,0
exeter,WALK,E02004163,E02004156,14,1
exeter,WALK,E02004163,E02004151,14,2
exeter,WALK,E02004163,E02004159,14,3
exeter,WALK,E02004163,E02004152,14,4
exeter,WALK,E02004163,E02004153,14,5
exeter,WALK,E02004163,E02004154,14,6
exeter,WALK,E02004163,E02004157,14,7
exeter,WALK,E02004163,E02004161,14,8
exeter,WALK,E02004163,E02004155,14,9
exeter,WALK,E02004163,E02004162,14,10
exeter,WALK,E02004163,E02004158,14,11
exeter,WALK,E02004163,E02004163,14,12
exeter,BUS,E02004149,E02004156,0,0
exeter,BUS,E02004149,E02004159,0,1
exeter,BUS,E02004149,E02004162,0,2
exeter,BUS,E02004149,E02004161,0,3
exeter,BUS,E02004150,E02004156,1,0
exeter,BUS,E02004150,E02004159,1,1
exeter,BUS,E02004150,E02004162,1,2
exeter,BUS,E02004150,E02004161,1,3
exeter,BUS,E02004151,E02004156,2,0
exeter,BUS,E02004151,E02004159,2,1
exeter,BUS,E02004151,E02004162,2,2
exeter,BUS,E02004151,E02004161,2,3
exeter,BUS,E02004152,E02004156,3,0
exeter,BUS,E02004152,E02004159,3,1
exeter,BUS,E02004152,E02004162,3,2
exeter,BUS,E02004152,E02004161,3,3
exeter,BUS,E02004153,E02004156,4,0
exeter,BUS,E02004153,E02004159,4,1
exeter,BUS,E02004153,E02004162,4,2
exeter,BUS,E02004153,E02004161,4,3
exeter,BUS,E02004154,E02004156,5,0
exeter,BUS,E02004154,E02004159,5,1
exeter,BUS,E02004154,E02004162,5,2
exeter,BUS,E02004154,E02004161,5,3
exeter,BUS,E02004155,E02004156,6,0
exeter,BUS,E02004155,E02004159,6,1
exeter,BUS,E02004155,E02004162,6,2
exeter,BUS,E02004155,E02004161,6,3
exeter,BUS,E02004156,E02004156,7,0
exeter,BUS,E02004156,E02004159,7,1
exeter,BUS,E02004156,E02004162,7,2
exeter,BUS,E02004156,E02004161,7,3
exeter,BUS,E02004158,E02004156,8,0
exeter,BUS,E02004158,E02004159,8,1
exeter,BUS,E02004158,E02004162,8,2
exeter,BUS,E02004158,E02004161,8,3
exeter,BUS,E02004159,E02004156,9,0
exeter,BUS,E02004159,E02004159,9,1
exeter,BUS,E02004159,E02004162,9,2
exeter,BUS,E02004159,E02004161,9,3
exeter,BUS,E02004160,E02004156,10,0
exeter,BUS,E02004160,E02004159,10,1
exeter,BUS,E02004160,E02004162,10,2
exeter,BUS,E02004160,E02004161,10,3
exeter,BUS,E02004161,E02004156,11,0
exeter,BUS,E02004161,E02004159,11,1
exeter,BUS,E02004161,E02004162,11,2
exeter,BUS,E02004161,E02004161,11,3
exeter,BUS,E02004162,E02004156,12,0
exeter,BUS,E02004162,E02004159,12,1
exeter,BUS,E02004162,E02004162,12,2
exeter,BUS,E02004162,E02004161,12,3
exeter,BUS,E02004163,E02004156,13,0
exeter,BUS,E02004163,E02004159,13,1
exeter,BUS,E02004163,E02004162,13,2
exeter,BUS,E02004163,E02004161,13,3
exeter,TRAIN,E02004159,E02004156,0,0
exeter,TRAIN,E02004163,E02004156,1,0
highbridge_and_burnham,DRIVE,E02006064,E02003084,0,0
highbridge_and_burnham,DRIVE,E02006064,E02006062,0,1
highbridge_and_burnham,DRIVE,E02006064,E02006064,0,2
highbridge_and_burnham,DRIVE,E02006064,E02006065,0,3
highbridge_and_burnham,DRIVE,E02006064,E02006068,0,4
highbridge_and_burnham,DRIVE,E02006064,E02006069,0,5
highbridge_and_burnham,DRIVE,E02006064,E02006066,0,6
highbridge_and_burnham,DRIVE,E02006064,E02006070,0,7
highbridge_and_burnham,DRIVE,E02006065,E02003084,1,0
highbridge_and_burnham,DRIVE,E02006065,E02006062,1,1
highbridge_and_burnham,DRIVE,E02006065,E02006064,1,2
highbridge_and_burnham,DRIVE,E02006065,E02006065,1,3
highbridge_and_burnham,DRIVE,E02006065,E02006068,1,4
highbridge_and_burnham,DRIVE,E02006065,E02006069,1,5
highbridge_and_burnham,DRIVE,E02006065,E02006066,1,6
highbridge_and_burnham,DRIVE,E02006065,E02006070,1,7
highbridge_and_burnham,BICYCLE,E02006065,E02006064,0,0
highbridge_and_burnham,BICYCLE,E02006065,E02006065,0,1
highbridge_and_burnham,WALK,E02006064,E02006064,0,0
highbridge_and_burnham,WALK,E02006064,E02006065,0,1
highbridge_and_burnham,WALK,E02006065,E02006064,1,0
highbridge_and_burnham,WALK,E02006065,E02006065,1,1
taunton,DRIVE,E02006100,E02006100,0,0
taunton,DRIVE,E02006100,E02006102,0,1
taunton,DRIVE,E02006100,E02006104,0,2
taunton,DRIVE,E02006100,E02006105,0,3
taunton,DRIVE,E02006100,E02006106,0,4
taunton,DRIVE,E02006100,E02006107,0,5
taunton,DRIVE,E02006100,E02006108,0,6
taunton,DRIVE,E02006100,E02006109,0,7
taunton,DRIVE,E02006100,E02006111,0,8
taunton,DRIVE,E02006100,E02006103,0,9
taunton,DRIVE,E02006100,E02006112,0,10
taunton,DRIVE,E02006100,E02006069,0,11
taunton,DRIVE,E02006100,E02006074,0,12
taunton,DRIVE,E02006100,E02006110,0,13
taunton,DRIVE,E02006102,E02006100,1,0
taunton,DRIVE,E02006102,E02006102,1,1
taunton,DRIVE,E02006102,E02006104,1,2
taunton,DRIVE,E02006102,E02006105,1,3
taunton,DRIVE,E02006102,E02006106,1,4
taunton,DRIVE,E02006102,E02006107,1,5
taunton,DRIVE,E02006102,E02006108,1,6
taunton,DRIVE,E02006102,E02006109,1,7
taunton,DRIVE,E02006102,E02006111,1,8
taunton,DRIVE,E02006102,E02006103,1,9
taunton,DRIVE,E02006102,E02006112,1,10
taunton,DRIVE,E02006102,E02006069,1,11
taunton,DRIVE,E02006102,E02006074,1,12
taunton,DRIVE,E02006102,E02006110,1,13
taunton,DRIVE,E02006104,E02006100,2,0
taunton,DRIVE,E02006104,E02006102,2,1
taunton,DRIVE,E02006104,E02006104,2,2
taunton,DRIVE,E02006104,E02006105,2,3
taunton,DRIVE,E02006104,E02006106,2,4
taunton,DRIVE,E02006104,E02006107,2,5
taunton,DRIVE,E02006104,E02006108,2,6
taunton,DRIVE,E02006104,E02006109,2,7
taunton,DRIVE,E02006104,E02006111,2,8
taunton,DRIVE,E02006104,E02006103,2,9
taunton,DRIVE,E02006104,E02006112,2,10
taunton,DRIVE,E02006104,E02006069,2,11
taunton,DRIVE,E02006104,E02006074,2,12
taunton,DRIVE,E02006104,E02006110,2,13
taunton,DRIVE,E02006105,E02006100,3,0
taunton,DRIVE,E02006105,E02006102,3,1
taunton,DRIVE,E02006105,E02006104,3,2
taunton,DRIVE,E02006105,E02006105,3,3
taunton,DRIVE,E02006105,E02006106,3,4
taunton,DRIVE,E02006105,E02006107,3,5
taunton,DRIVE,E02006105,E02006108,3,6
taunton,DRIVE,E02006105,E02006109,3,7
taunton,DRIVE,E02006105,E02006111,3,8
taunton,DRIVE,E02006105,E02006103,3,9
taunton,DRIVE,E02006105,E02006112,3,10
taunton,DRIVE,E02006105,E02006069,3,11
taunton,DRIVE,E02006105,E02006074,3,12
taunton,DRIVE,E02006105,E02006110,3,13
taunton,DRIVE,E02006106,E02006100,4,0
taunton,DRIVE,E02006106,E02006102,4,1
taunton,DRIVE,E02006106,E02006104,4,2
taunton,DRIVE,E02006106,E02006105,4,3
taunton,DRIVE,E02006106,E02006106,4,4
taunton,DRIVE,E02006106,E02006107,4,5
taunton,DRIVE,E02006106,E02006108,4,6
taunton,DRIVE,E02006106,E02006109,4,7
taunton,DRIVE,E02006106,E02006111,4,8
taunton,DRIVE,E02006106,E02006103,4,9
taunton,DRIVE,E02006106,E02006112,4,10
taunton,DRIVE,E02006106,E02006069,4,11
taunton,DRIVE,E02006106,E02006074,4,12
taunton,DRIVE,E02006106,E02006110,4,13
taunton,DRIVE,E02006107,E02006100,5,0
taunton,DRIVE,E02006107,E02006102,5,1
taunton,DRIVE,E02006107,E02006104,5,2
taunton,DRIVE,E02006107,E02006105,5,3
taunton,DRIVE,E02006107,E02006106,5,4
taunton,DRIVE,E02006107,E02006107,5,5
taunton,DRIVE,E02006107,E02006108,5,6
taunton,DRIVE,E02006107,E02006109,5,7
taunton,DRIVE,E02006107,E02006111,5,8
taunton,DRIVE,E02006107,E02006103,5,9
taunton,DRIVE,E02006107,E02006112,5,10
taunton,DRIVE,E02006107,E02006069,5,11
taunton,DRIVE,E02006107,E02006074,5,12
taunton,DRIVE,E02006107,E02006110,5,13
taunton,DRIVE,E02006108,E02006100,6,0
taunton,DRIVE,E02006108,E02006102,6,1
taunton,DRIVE,E02006108,E02006104,6,2
taunton,DRIVE,E02006108,E02006105,6,3
taunton,DRIVE,E02006108,E02006106,6,4
taunton,DRIVE,E02006108,E02006107,6,5
taunton,DRIVE,E02006108,E02006108,6,6
taunton,DRIVE,E02006108,E02006109,6,7
taunton,DRIVE,E02006108,E02006111,6,8
taunton,DRIVE,E02006108,E02006103,6,9
taunton,DRIVE,E02006108,E02006112,6,10
taunton,DRIVE,E02006108,E02006069,6,11
taunton,DRIVE,E02006108,E02006074,6,12
taunton,DRIVE,E02006108,E02006110,6,13
taunton,DRIVE,E02006109,E02006100,7,0
taunton,DRIVE,E02006109,E02006102,7,1
taunton,DRIVE,E02006109,E02006104,7,2
taunton,DRIVE,E02006109,E02006105,7,3
taunton,DRIVE,E02006109,E02006106,7,4
taunton,DRIVE,E02006109,E02006107,7,5
taunton,DRIVE,E02006109,E02006108,7,6
taunton,DRIVE,E02006109,E02006109,7,7
taunton,DRIVE,E02006109,E02006111,7,8
taunton,DRIVE,E02006109,E02006103,7,9
taunton,DRIVE,E02006109,E02006112,7,10
taunton,DRIVE,E02006109,E02006069,7,11
taunton,DRIVE,E02006109,E02006074,7,12
taunton,DRIVE,E02006109,E02006110,7,13
taunton,BICYCLE,E02006100,E02006108,0,0
taunton,BICYCLE,E02006100,E02006105,0,1
taunton,BICYCLE,E02006100,E02006109,0,2
taunton,BICYCLE,E02006100,E02006107,0,3
taunton,BICYCLE,E02006102,E02006108,1,0
taunton,BICYCLE,E02006102,E02006105,1,1
taunton,BICYCLE,E02006102,E02006109,1,2
taunton,BICYCLE,E02006102,E02006107,1,3
taunton,BICYCLE,E02006104,E02006108,2,0
taunton,BICYCLE,E02006104,E02006105,2,1
taunton,BICYCLE,E02006104,E02006109,2,2
taunton,BICYCLE,E02006104,E02006107,2,3
taunton,BICYCLE,E02006105,E02006108,3,0
taunton,BICYCLE,E02006105,E02006105,3,1
taunton,BICYCLE,E02006105,E02006109,3,2
taunton,BICYCLE,E02006105,E02006107,3,3
taunton,BICYCLE,E02006106,E02006108,4,0
taunton,BICYCLE,E02006106,E02006105,4,1
taunton,BICYCLE,E02006106,E02006109,4,2
taunton,BICYCLE,E02006106,E02006107,4,3
taunton,BICYCLE,E02006107,E02006108,5,0
taunton,BICYCLE,E02006107,E02006105,5,1
taunton,BICYCLE,E02006107,E02006109,5,2
taunton,BICYCLE,E02006107,E02006107,5,3
taunton,BICYCLE,E02006108,E02006108,6,0
taunton,BICYCLE,E02006108,E02006105,6,1
taunton,BICYCLE,E02006108,E02006109,6,2
taunton,BICYCLE,E02006108,E02006107,6,3
taunton,BICYCLE,E02006109,E02006108,7,0
taunton,BICYCLE,E02006109,E02006105,7,1
taunton,BICYCLE,E02006109,E02006109,7,2
taunton,BICYCLE,E02006109,E02006107,7,3
taunton,WALK,E02006100,E02006100,0,0
taunton,WALK,E02006100,E02006105,0,1
taunton,WALK,E02006100,E02006108,0,2
taunton,WALK,E02006100,E02006102,0,3
taunton,WALK,E02006100,E02006104,0,4
taunton,WALK,E02006100,E02006107,0,5
taunton,WALK,E02006100,E02006106,0,6
taunton,WALK,E02006100,E02006109,0,7
taunton,WALK,E02006102,E02006100,1,0
taunton,WALK,E02006102,E02006105,1,1
taunton,WALK,E02006102,E02006108,1,2
taunton,WALK,E02006102,E02006102,1,3
taunton,WALK,E02006102,E02006104,1,4
taunton,WALK,E02006102,E02006107,1,5
taunton,WALK,E02006102,E02006106,1,6
taunton,WALK,E02006102,E02006109,1,7
taunton,WALK,E02006104,E02006100,2,0
taunton,WALK,E02006104,E02006105,2,1
taunton,WALK,E02006104,E02006108,2,2
taunton,WALK,E02006104,E02006102,2,3
taunton,WALK,E02006104,E02006104,2,4
taunton,WALK,E02006104,E02006107,2,5
taunton,WALK,E02006104,E02006106,2,6
taunton,WALK,E02006104,E02006109,2,7
taunton,WALK,E02006105,E02006100,3,0
taunton,WALK,E02006105,E02006105,3,1
taunton,WALK,E02006105,E02006108,3,2
taunton,WALK,E02006105,E02006102,3,3
taunton,WALK,E02006105,E02006104,3,4
taunton,WALK,E02006105,E02006107,3,5
taunton,WALK,E02006105,E02006106,3,6
taunton,WALK,E02006105,E02006109,3,7
taunton,WALK,E02006106,E02006100,4,0
taunton,WALK,E02006106,E02006105,4,1
taunton,WALK,E02006106,E02006108,4,2
taunton,WALK,E02006106,E02006102,4,3
taunton,WALK,E02006106,E02006104,4,4
taunton,WALK,E02006106,E02006107,4,5
taunton,WALK,E02006106,E02006106,4,6
taunton,WALK,E02006106,E02006109,4,7
taunton,WALK,E02006107,E02006100,5,0
taunton,WALK,E02006107,E02006105,5,1
taunton,WALK,E02006107,E02006108,5,2
taunton,WALK,E02006107,E02006102,5,3
taunton,WALK,E02006107,E02006104,5,4
taunton,WALK,E02006107,E02006107,5,5
taunton,WALK,E02006107,E02006106,5,6
taunton,WALK,E02006107,E02006109,5,7
taunton,WALK,E02006108,E02006100,6,0
taunton,WALK,E02006108,E02006105,6,1
taunton,WALK,E02006108,E02006108,6,2
taunton,WALK,E02006108,E02006102,6,3
taunton,WALK,E02006108,E02006104,6,4
taunton,WALK,E02006108,E02006107,6,5
taunton,WALK,E02006108,E02006106,6,6
taunton,WALK,E02006108,E02006109,6,7
taunton,WALK,E02006109,E02006100,7,0
taunton,WALK,E02006109,E02006105,7,1
taunton,WALK,E02006109,E02006108,7,2
taunton,WALK,E02006109,E02006102,7,3
taunton,WALK,E02006109,E02006104,7,4
taunton,WALK,E02006109,E02006107,7,5
taunton,WALK,E02006109,E02006106,7,6
taunton,WALK,E02006109,E02006109,7,7
taunton,BUS,E02006102,E02006108,0,0
taunton,BUS,E02006106,E02006108,1,0
tiverton,DRIVE,E02004165,E02004156,0,0
tiverton,DRIVE,E02004165,E02004159,0,1
tiverton,DRIVE,E02004165,E02004165,0,2
tiverton,DRIVE,E02004165,E02004167,0,3
tiverton,DRIVE,E02004165,E02004168,0,4
tiverton,DRIVE,E02004165,E02004169,0,5
tiverton,DRIVE,E02004165,E02004170,0,6
tiverton,DRIVE,E02004165,E02004171,0,7
tiverton,DRIVE,E02004167,E02004156,1,0
tiverton,DRIVE,E02004167,E02004159,1,1
tiverton,DRIVE,E02004167,E02004165,1,2
tiverton,DRIVE,E02004167,E02004167,1,3
tiverton,DRIVE,E02004167,E02004168,1,4
tiverton,DRIVE,E02004167,E02004169,1,5
tiverton,DRIVE,E02004167,E02004170,1,6
tiverton,DRIVE,E02004167,E02004171,1,7
tiverton,DRIVE,E02004168,E02004156,2,0
tiverton,DRIVE,E02004168,E02004159,2,1
tiverton,DRIVE,E02004168,E02004165,2,2
tiverton,DRIVE,E02004168,E02004167,2,3
tiverton,DRIVE,E02004168,E02004168,2,4
tiverton,DRIVE,E02004168,E02004169,2,5
tiverton,DRIVE,E02004168,E02004170,2,6
tiverton,DRIVE,E02004168,E02004171,2,7
tiverton,WALK,E02004165,E02004167,0,0
tiverton,WALK,E02004165,E02004168,0,1
tiverton,WALK,E02004167,E02004167,1,0
tiverton,WALK,E02004167,E02004168,1,1
tiverton,WALK,E02004168,E02004167,2,0
tiverton,WALK,E02004168,E02004168,2,1
wellington,DRIVE,E02006110,E02006100,0,0
wellington,DRIVE,E02006110,E02006101,0,1
wellington,DRIVE,E02006110,E02006104,0,2
wellington,DRIVE,E02006110,E02006105,0,3
wellington,DRIVE,E02006110,E02006106,0,4
wellington,DRIVE,E02006110,E02006107,0,5
wellington,DRIVE,E02006110,E02006108,0,6
wellington,DRIVE,E02006110,E02006109,0,7
wellington,DRIVE,E02006110,E02006110,0,8
wellington,DRIVE,E02006110,E02006111,0,9
wellington,DRIVE,E02006111,E02006100,1,0
wellington,DRIVE,E02006111,E02006101,1,1
wellington,DRIVE,E02006111,E02006104,1,2
wellington,DRIVE,E02006111,E02006105,1,3
wellington,DRIVE,E02006111,E02006106,1,4
wellington,DRIVE,E02006111,E02006107,1,5
wellington,DRIVE,E02006111,E02006108,1,6
wellington,DRIVE,E02006111,E02006109,1,7
wellington,DRIVE,E02006111,E02006110,1,8
wellington,DRIVE,E02006111,E02006111,1,9
wellington,BICYCLE,E02006110,E02006110,0,0
wellington,BICYCLE,E02006111,E02006110,1,0
wellington,WALK,E02006110,E02006110,0,0
wellington,WALK,E02006110,E02006111,0,1
wellington,WALK,E02006111,E02006110,1,0
wellington,WALK,E02006111,E02006111,1,1
weston-super-mare,DRIVE,E02003079,E02003043,0,0
weston-super-mare,DRIVE,E02003079,E02003070,0,1
weston-super-mare,DRIVE,E02003079,E02003076,0,2
weston-super-mare,DRIVE,E02003079,E02003077,0,3
weston-super-mare,DRIVE,E02003079,E02003078,0,4
weston-super-mare,DRIVE,E02003079,E02003079,0,5
weston-super-mare,DRIVE,E02003079,E02003080,0,6
weston-super-mare,DRIVE,E02003079,E02003081,0,7
weston-super-mare,DRIVE,E02003079,E02003082,0,8
weston-super-mare,DRIVE,E02003079,E02003084,0,9
weston-super-mare,DRIVE,E02003079,E02003085,0,10
weston-super-mare,DRIVE,E02003079,E02003086,0,11
weston-super-mare,DRIVE,E02003079,E02003088,0,12
weston-super-mare,DRIVE,E02003079,E02003089,0,13
weston-super-mare,DRIVE,E02003079,E02006845,0,14
weston-super-mare,DRIVE,E02003079,E02006846,0,15
weston-super-mare,DRIVE,E02003079,E02006065,0,16
weston-super-mare,DRIVE,E02003080,E02003043,1,0
weston-super-mare,DRIVE,E02003080,E02003070,1,1
weston-super-mare,DRIVE,E02003080,E02003076,1,2
weston-super-mare,DRIVE,E02003080,E02003077,1,3
weston-super-mare,DRIVE,E02003080,E02003078,1,4
weston-super-mare,DRIVE,E02003080,E02003079,1,5
weston-super-mare,DRIVE,E02003080,E02003080,1,6
weston-super-mare,DRIVE,E02003080,E02003081,1,7
weston-super-mare,DRIVE,E02003080,E02003082,1,8
weston-super-mare,DRIVE,E02003080,E02003084,1,9
weston-super-mare,DRIVE,E02003080,E02003085,1,10
weston-super-mare,DRIVE,E02003080,E02003086,1,11
weston-super-mare,DRIVE,E02003080,E02003088,1,12
weston-super-mare,DRIVE,E02003080,E02003089,1,13
weston-super-mare,DRIVE,E02003080,E02006845,1,14
weston-super-mare,DRIVE,E02003080,E02006846,1,15
weston-super-mare,DRIVE,E02003080,E02006065,1,16
weston-super-mare,DRIVE,E02003081,E02003043,2,0
weston-super-mare,DRIVE,E02003081,E02003070,2,1
weston-super-mare,DRIVE,E02003081,E02003076,2,2
weston-super-mare,DRIVE,E02003081,E02003077,2,3
weston-super-mare,DRIVE,E02003081,E02003078,2,4
weston-super-mare,DRIVE,E02003081,E02003079,2,5
weston-super-mare,DRIVE,E02003081,E02003080,2,6
weston-super-mare,DRIVE,E02003081,E02003081,2,7
weston-super-mare,DRIVE,E02003081,E02003082,2,8
weston-super-mare,DRIVE,E02003081,E02003084,2,9
weston-super-mare,DRIVE,E02003081,E02003085,2,10
weston-super-mare,DRIVE,E02003081,E02003086,2,11
weston-super-mare,DRIVE,E02003081,E02003088,2,12
weston-super-mare,DRIVE,E02003081,E02003089,2,13
weston-super-mare,DRIVE,E02003081,E02006845,2,14
weston-super-mare,DRIVE,E02003081,E02006846,2,15
weston-super-mare,DRIVE,E02003081,E02006065,2,16
weston-super-mare,DRIVE,E02003082,E02003043,3,0
weston-super-mare,DRIVE,E02003082,E02003070,3,1
weston-super-mare,DRIVE,E02003082,E02003076,3,2
weston-super-mare,DRIVE,E02003082,E02003077,3,3
weston-super-mare,DRIVE,E02003082,E02003078,3,4
weston-super-mare,DRIVE,E02003082,E02003079,3,5
weston-super-mare,DRIVE,E02003082,E02003080,3,6
weston-super-mare,DRIVE,E02003082,E02003081,3,7
weston-super-mare,DRIVE,E02003082,E02003082,3,8
weston-super-mare,DRIVE,E02003082,E02003084,3,9
weston-super-mare,DRIVE,E02003082,E02003085,3,10
weston-super-mare,DRIVE,E02003082,E02003086,3,11
weston-super-mare,DRIVE,E02003082,E02003088,3,12
weston-super-mare,DRIVE,E02003082,E02003089,3,13
weston-super-mare,DRIVE,E02003082,E02006845,3,14
weston-super-mare,DRIVE,E02003082,E02006846,3,15
weston-super-mare,DRIVE,E02003082,E02006065,3,16
weston-super-mare,DRIVE,E02003084,E02003043,4,0
weston-super-mare,DRIVE,E02003084,E02003070,4,1
weston-super-mare,DRIVE,E02003084,E02003076,4,2
weston-super-mare,DRIVE,E02003084,E02003077,4,3
weston-super-mare,DRIVE,E02003084,E02003078,4,4
weston-super-mare,DRIVE,E02003084,E02003079,4,5
weston-super-mare,DRIVE,E02003084,E02003080,4,6
weston-super-mare,DRIVE,E02003084,E02003081,4,7
weston-super-mare,DRIVE,E02003084,E02003082,4,8
weston-super-mare,DRIVE,E02003084,E02003084,4,9
weston-super-mare,DRIVE,E02003084,E02003085,4,10
weston-super-mare,DRIVE,E02003084,E02003086,4,11
weston-super-mare,DRIVE,E02003084,E02003088,4,12
weston-super-mare,DRIVE,E02003084,E02003089,4,13
weston-super-mare,DRIVE,E02003084,E02006845,4,14
weston-super-mare,DRIVE,E02003084,E02006846,4,15
weston-super-mare,DRIVE,E02003084,E02006065,4,16
weston-super-mare,DRIVE,E02003085,E02003043,5,0
weston-super-mare,DRIVE,E02003085,E02003070,5,1
weston-super-mare,DRIVE,E02003085,E02003076,5,2
weston-super-mare,DRIVE,E02003085,E02003077,5,3
weston-super-mare,DRIVE,E02003085,E02003078,5,4
weston-super-mare,DRIVE,E02003085,E02003079,5,5
weston-super-mare,DRIVE,E02003085,E02003080,5,6
weston-super-mare,DRIVE,E02003085,E02003081,5,7
weston-super-mare,DRIVE,E02003085,E02003082,5,8
weston-super-mare,DRIVE,E02003085,E02003084,5,9
weston-super-mare,DRIVE,E02003085,E02003085,5,10
weston-super-mare,DRIVE,E02003085,E02003086,5,11
weston-super-mare,DRIVE,E02003085,E02003088,5,12
weston-super-mare,DRIVE,E02003085,E02003089,5,13
weston-super-mare,DRIVE,E02003085,E02006845,5,14
weston-super-mare,DRIVE,E02003085,E02006846,5,15
weston-super-mare,DRIVE,E02003085,E02006065,5,16
weston-super-mare,DRIVE,E02003086,E02003043,6,0
weston-super-mare,DRIVE,E02003086,E02003070,6,1
weston-super-mare,DRIVE,E02003086,E02003076,6,2
weston-super-mare,DRIVE,E02003086,E02003077,6,3
weston-super-mare,DRIVE,E02003086,E02003078,6,4
weston-super-mare,DRIVE,E02003086,E02003079,6,5
weston-super-mare,DRIVE,E02003086,E02003080,6,6
weston-super-mare,DRIVE,E02003086,E02003081,6,7
weston-super-mare,DRIVE,E02003086,E02003082,6,8
weston-super-mare,DRIVE,E02003086,E02003084,6,9
weston-super-mare,DRIVE,E02003086,E02003085,6,10
weston-super-mare,DRIVE,E02003086,E02003086,6,11
weston-super-mare,DRIVE,E02003086,E02003088,6,12
weston-super-mare,DRIVE,E02003086,E02003089,6,13
weston-super-mare,DRIVE,E02003086,E02006845,6,14
weston-super-mare,DRIVE,E02003086,E02006846,6,15
weston-super-mare,DRIVE,E02003086,E02006065,6,16
weston-super-mare,DRIVE,E02003089,E02003043,7,0
weston-super-mare,DRIVE,E02003089,E02003070,7,1
weston-super-mare,DRIVE,E02003089,E02003076,7,2
weston-super-mare,DRIVE,E02003089,E02003077,7,3
weston-super-mare,DRIVE,E02003089,E02003078,7,4
weston-super-mare,DRIVE,E02003089,E02003079,7,5
weston-super-mare,DRIVE,E02003089,E02003080,7,6
weston-super-mare,DRIVE,E02003089,E02003081,7,7
weston-super-mare,DRIVE,E02003089,E02003082,7,8
weston-super-mare,DRIVE,E02003089,E02003084,7,9
weston-super-mare,DRIVE,E02003089,E02003085,7,10
weston-super-mare,DRIVE,E02003089,E02003086,7,11
weston-super-mare,DRIVE,E02003089,E02003088,7,12
weston-super-mare,DRIVE,E02003089,E02003089,7,13
weston-super-mare,DRIVE,E02003089,E02006845,7,14
weston-super-mare,DRIVE,E02003089,E02006846,7,15
weston-super-mare,DRIVE,E02003089,E02006065,7,16
weston-super-mare,DRIVE,E02006846,E02003043,8,0
weston-super-mare,DRIVE,E02006846,E02003070,8,1
weston-super-mare,DRIVE,E02006846,E02003076,8,2
weston-super-mare,DRIVE,E02006846,E02003077,8,3
weston-super-mare,DRIVE,E02006846,E02003078,8,4
weston-super-mare,DRIVE,E02006846,E02003079,8,5
weston-super-mare,DRIVE,E02006846,E02003080,8,6
weston-super-mare,DRIVE,E02006846,E02003081,8,7
weston-super-mare,DRIVE,E02006846,E02003082,8,8
weston-super-mare,DRIVE,E02006846,E02003084,8,9
weston-super-mare,DRIVE,E02006846,E02003085,8,10
weston-super-mare,DRIVE,E02006846,E02003086,8,11
weston-super-mare,DRIVE,E02006846,E02003088,8,12
weston-super-mare,DRIVE,E02006846,E02003089,8,13
weston-super-mare,DRIVE,E02006846,E02006845,8,14
weston-super-mare,DRIVE,E02006846,E02006846,8,15
weston-super-mare,DRIVE,E02006846,E02006065,8,16
weston-super-mare,WALK,E02003079,E02003079,0,0
weston-super-mare,WALK,E02003079,E02003080,0,1
weston-super-mare,WALK,E02003079,E02003081,0,2
weston-super-mare,WALK,E02003079,E02003084,0,3
weston-super-mare,WALK,E02003079,E02003082,0,4
weston-super-mare,WALK,E02003079,E02003085,0,5
weston-super-mare,WALK,E02003079,E02003089,0,6
weston-super-mare,WALK,E02003079,E02003086,0,7
weston-super-mare,WALK,E02003080,E02003079,1,0
weston-super-mare,WALK,E02003080,E02003080,1,1
weston-super-mare,WALK,E02003080,E02003081,1,2
weston-super-mare,WALK,E02003080,E02003084,1,3
weston-super-mare,WALK,E02003080,E02003082,1,4
weston-super-mare,WALK,E02003080,E02003085,1,5
weston-super-mare,WALK,E02003080,E02003089,1,6
weston-super-mare,WALK,E02003080,E02003086,1,7
weston-super-mare,WALK,E02003081,E02003079,2,0
weston-super-mare,WALK,E02003081,E02003080,2,1
weston-super-mare,WALK,E02003081,E02003081,2,2
weston-super-mare,WALK,E02003081,E02003084,2,3
weston-super-mare,WALK,E02003081,E02003082,2,4
weston-super-mare,WALK,E02003081,E02003085,2,5
weston-super-mare,WALK,E02003081,E02003089,2,6
weston-super-mare,WALK,E02003081,E02003086,2,7
weston-super-mare,WALK,E02003082,E02003079,3,0
weston-super-mare,WALK,E02003082,E02003080,3,1
weston-super-mare,WALK,E02003082,E02003081,3,2
weston-super-mare,WALK,E02003082,E02003084,3,3
weston-super-mare,WALK,E02003082,E02003082,3,4
weston-super-mare,WALK,E02003082,E02003085,3,5
weston-super-mare,WALK,E02003082,E02003089,3,6
weston-super-mare,WALK,E02003082,E02003086,3,7
weston-super-mare,WALK,E02003084,E02003079,4,0
weston-super-mare,WALK,E02003084,E02003080,4,1
weston-super-mare,WALK,E02003084,E02003081,4,2
weston-super-mare,WALK,E02003084,E02003084,4,3
weston-super-mare,WALK,E02003084,E02003082,4,4
weston-super-mare,WALK,E02003084,E02003085,4,5
weston-super-mare,WALK,E02003084,E02003089,4,6
weston-super-mare,WALK,E02003084,E02003086,4,7
weston-super-mare,WALK,E02003085,E02003079,5,0
weston-super-mare,WALK,E02003085,E02003080,5,1
weston-super-mare,WALK,E02003085,E02003081,5,2
weston-super-mare,WALK,E02003085,E02003084,5,3
weston-super-mare,WALK,E02003085,E02003082,5,4
weston-super-mare,WALK,E02003085,E02003085,5,5
weston-super-mare,WALK,E02003085,E02003089,5,6
weston-super-mare,WALK,E02003085,E02003086,5,7
weston-super-mare,WALK,E02003086,E02003079,6,0
weston-super-mare,WALK,E02003086,E02003080,6,1
weston-super-mare,WALK,E02003086,E02003081,6,2
weston-super-mare,WALK,E02003086,E02003084,6,3
weston-super-mare,WALK,E02003086,E02003082,6,4
weston-super-mare,WALK,E02003086,E02003085,6,5
weston-super-mare,WALK,E02003086,E02003089,6,6
weston-super-mare,WALK,E02003086,E02003086,6,7
weston-super-mare,WALK,E02003089,E02003079,7,0
weston-super-mare,WALK,E02003089,E02003080,7,1
weston-super-mare,WALK,E02003089,E02003081,7,2
weston-super-mare,WALK,E02003089,E02003084,7,3
weston-super-mare,WALK,E02003089,E02003082,7,4
weston-super-mare,WALK,E02003089,E02003085,7,5
weston-super-mare,WALK,E02003089,E02003089,7,6
weston-super-mare,WALK,E02003089,E02003086,7,7
weston-super-mare,BUS,E02003079,E02003084,0,0
weston-super-mare,BUS,E02003080,E02003084,1,0
weston-super-mare,BUS,E02003085,E02003084,2,0
