bridgwater,highbridge_and_burnham,39.1,34.36666666666667
bridgwater,highbridge_and_burnham,42.56666666666667,37.96666666666667
bridgwater,other,0.0,15.633333333333333
bridgwater,other,0.0,27.533333333333335
bridgwater,other,0.0,20.233333333333334
bridgwater,other,0.0,42.733333333333334
bridgwater,taunton,39.35,40.7
bridgwater,other,0.0,11.6
bridgwater,other,0.0,57.53333333333333
bridgwater,other,0.0,22.666666666666668
bridgwater,other,0.0,34.733333333333334
bridgwater,taunton,39.7,32.2
bridgwater,bridgwater,28.733333333333334,13.7
bridgwater,other,0.0,61.266666666666666
bridgwater,other,83.43333333333334,53.333333333333336
bridgwater,taunton,0.0,51.46666666666667
bridgwater,other,0.0,90.7
bridgwater,highbridge_and_burnham,0.0,39.333333333333336
bridgwater,other,0.0,33.06666666666667
bridgwater,wellington,0.0,60.36666666666667
bridgwater,other,0.0,42.266666666666666
bridgwater,wellington,0.0,51.833333333333336
bridgwater,other,74.28333333333333,47.43333333333333
bridgwater,bridgwater,43.71666666666667,19.033333333333335
bridgwater,taunton,0.0,56.766666666666666
bridgwater,taunton,0.0,48.266666666666666
bridgwater,bridgwater,30.2,15.6
bridgwater,other,82.28333333333333,41.733333333333334
bridgwater,other,0.0,51.233333333333334
bridgwater,weston-super-mare,0.0,53.4
bridgwater,other,0.0,40.63333333333333
bridgwater,other,0.0,18.3
bridgwater,other,0.0,70.53333333333333
bridgwater,highbridge_and_burnham,0.0,40.46666666666667
bridgwater,taunton,0.0,41.333333333333336
bridgwater,other,0.0,55.6
bridgwater,taunton,0.0,46.833333333333336
bridgwater,other,0.0,54.56666666666667
bridgwater,other,0.0,24.166666666666668
bridgwater,weston-super-mare,0.0,57.333333333333336
bridgwater,other,0.0,53.833333333333336
bridgwater,wellington,0.0,50.2
bridgwater,other,82.0,40.3
bridgwater,bridgwater,30.783333333333335,16.133333333333333
bridgwater,other,0.0,18.0
bridgwater,other,0.0,74.8
bridgwater,other,0.0,61.3
bridgwater,bridgwater,44.46666666666667,18.666666666666668
bridgwater,weston-super-mare,0.0,57.7
bridgwater,bridgwater,28.933333333333334,12.166666666666666
bridgwater,weston-super-mare,0.0,56.233333333333334
bridgwater,other,0.0,59.8
bridgwater,taunton,0.0,52.36666666666667
bridgwater,highbridge_and_burnham,51.5,35.03333333333333
bridgwater,other,0.0,53.333333333333336
bridgwater,other,0.0,50.8
bridgwater,other,0.0,59.333333333333336
bridgwater,wellington,0.0,58.733333333333334
bridgwater,taunton,0.0,44.666666666666664
bridgwater,taunton,0.0,48.53333333333333
bridgwater,taunton,52.63333333333333,46.9
bridgwater,other,0.0,55.4
bridgwater,other,0.0,77.7
bridgwater,weston-super-mare,0.0,65.43333333333334
bridgwater,taunton,0.0,53.53333333333333
bridgwater,other,0.0,27.6
bridgwater,weston-super-mare,0.0,54.5
bridgwater,weston-super-mare,0.0,66.7
bridgwater,taunton,0.0,49.833333333333336
bridgwater,taunton,0.0,60.0
bridgwater,taunton,0.0,51.06666666666667
bridgwater,other,0.0,53.766666666666666
bridgwater,other,0.0,8.766666666666667
bridgwater,other,0.0,80.26666666666667
bridgwater,other,0.0,90.73333333333333
bridgwater,taunton,0.0,38.333333333333336
bridgwater,other,0.0,26.7
bridgwater,other,0.0,57.0
bridgwater,other,0.0,47.46666666666667
bridgwater,taunton,63.6,57.93333333333333
bridgwater,bristol,0.0,82.66666666666667
bridgwater,other,80.85,37.43333333333333
bridgwater,other,0.0,67.26666666666667
bridgwater,taunton,47.516666666666666,55.4
bridgwater,other,0.0,33.96666666666667
bridgwater,taunton,0.0,40.03333333333333
bridgwater,taunton,57.75,43.266666666666666
bridgwater,other,0.0,104.1
bridgwater,weston-super-mare,0.0,58.8
bridgwater,weston-super-mare,0.0,61.13333333333333
bridgwater,other,0.0,99.23333333333333
bridgwater,other,0.0,75.76666666666667
bridgwater,other,0.0,68.2
bridgwater,other,0.0,40.266666666666666
bridgwater,other,0.0,74.93333333333334
bridgwater,bristol,0.0,86.96666666666667
bridgwater,other,0.0,76.96666666666667
bridgwater,weston-super-mare,0.0,63.96666666666667
bridgwater,taunton,0.0,55.733333333333334
bridgwater,other,0.0,46.3
bridgwater,taunton,0.0,62.53333333333333
bridgwater,wellington,0.0,62.9
bridgwater,other,0.0,78.3
bridgwater,taunton,0.0,49.36666666666667
bridgwater,weston-super-mare,0.0,65.2
bridgwater,other,0.0,101.26666666666667
bridgwater,other,0.0,59.733333333333334
bridgwater,other,0.0,90.33333333333333
bridgwater,other,0.0,74.1
bridgwater,bristol,0.0,85.5
bridgwater,taunton,0.0,59.3
bridgwater,wellington,0.0,61.266666666666666
bridgwater,other,0.0,51.03333333333333
bridgwater,other,0.0,99.3
bridgwater,other,0.0,55.333333333333336
bridgwater,other,0.0,57.56666666666667
bridgwater,highbridge_and_burnham,43.78333333333333,37.833333333333336
bridgwater,other,0.0,79.23333333333333
bridgwater,bristol,0.0,103.26666666666667
bridgwater,other,0.0,105.06666666666666
bridgwater,weston-super-mare,0.0,62.4
bridgwater,other,0.0,84.4
bridgwater,other,0.0,53.43333333333333
bridgwater,other,0.0,62.56666666666667
bridgwater,other,0.0,105.56666666666666
bridgwater,other,0.0,77.76666666666667
bridgwater,other,0.0,84.8
bridgwater,other,0.0,63.266666666666666
bridgwater,other,0.0,124.96666666666667
bridgwater,other,0.0,77.3
bridgwater,other,0.0,48.3
bridgwater,other,0.0,101.8
bridgwater,other,0.0,118.16666666666667
bridgwater,other,0.0,105.3
bridgwater,other,0.0,110.96666666666667
bridgwater,other,0.0,64.03333333333333
bridgwater,other,0.0,61.06666666666667
bridgwater,other,0.0,105.16666666666667
bridgwater,bristol,0.0,100.46666666666667
bridgwater,other,0.0,98.2
bridgwater,other,0.0,112.26666666666667
bridgwater,other,0.0,87.23333333333333
bridgwater,other,0.0,97.96666666666667
bristol,bristol,19.95,11.1
bristol,bristol,23.083333333333332,20.233333333333334
bristol,bristol,16.533333333333335,11.5
bristol,bristol,23.033333333333335,24.033333333333335
bristol,bristol,14.983333333333333,19.0
bristol,bristol,12.366666666666667,10.533333333333333
bristol,bristol,21.8,22.466666666666665
bristol,bristol,13.583333333333334,11.4
bristol,bristol,19.4,20.1
bristol,bristol,33.99166666666667,11.3
bristol,bristol,19.383333333333333,8.9
bristol,bristol,41.31666666666667,24.233333333333334
bristol,bristol,15.35,11.6
bristol,bristol,25.066666666666666,19.033333333333335
bristol,bristol,25.883333333333333,16.166666666666668
bristol,bristol,10.483333333333333,9.666666666666666
bristol,bristol,31.416666666666668,14.233333333333333
bristol,bristol,25.566666666666666,18.3
bristol,bristol,33.46666666666667,21.666666666666668
bristol,bristol,25.683333333333334,27.9
bristol,bristol,12.366666666666667,10.066666666666666
bristol,bristol,23.9,21.4
bristol,bristol,22.533333333333335,18.366666666666667
bristol,bristol,14.616666666666667,9.233333333333333
bristol,bristol,17.85,10.7
bristol,bristol,19.066666666666666,15.0
bristol,bristol,27.85,20.466666666666665
bristol,bristol,29.866666666666667,31.433333333333334
bristol,bristol,55.61666666666667,33.6
bristol,bristol,26.916666666666668,31.333333333333332
bristol,bristol,16.333333333333332,9.333333333333334
bristol,bristol,17.5,22.5
bristol,bristol,16.933333333333334,12.4
bristol,bristol,23.766666666666666,22.033333333333335
bristol,bristol,13.65,14.6
bristol,bristol,33.1,14.866666666666667
bristol,bristol,19.833333333333332,11.7
bristol,bristol,32.05,20.833333333333332
bristol,bristol,46.43333333333333,32.766666666666666
bristol,bristol,23.733333333333334,20.2
bristol,bristol,13.716666666666667,18.066666666666666
bristol,bristol,15.1,11.566666666666666
bristol,bristol,36.6,23.366666666666667
bristol,bristol,42.6,20.233333333333334
bristol,bristol,34.71666666666667,23.533333333333335
bristol,bristol,16.083333333333332,12.866666666666667
bristol,bristol,35.31666666666667,29.633333333333333
bristol,bristol,52.55,22.333333333333332
bristol,bristol,23.766666666666666,22.133333333333333
bristol,bristol,44.983333333333334,25.8
bristol,bristol,14.283333333333333,11.233333333333333
bristol,bristol,17.583333333333332,15.2
bristol,bristol,24.633333333333333,21.7
bristol,bristol,16.05,17.2
bristol,bristol,39.833333333333336,24.033333333333335
bristol,bristol,23.0,16.5
bristol,bristol,30.883333333333333,13.766666666666667
bristol,bristol,21.833333333333332,21.233333333333334
bristol,bristol,49.766666666666666,19.9
bristol,bristol,35.333333333333336,25.833333333333332
bristol,bristol,51.1,20.766666666666666
bristol,bristol,33.13333333333333,25.966666666666665
bristol,bristol,30.433333333333334,27.166666666666668
bristol,bristol,39.85,16.133333333333333
bristol,bristol,37.416666666666664,24.833333333333332
bristol,bristol,25.55,26.466666666666665
bristol,bristol,25.433333333333334,22.766666666666666
bristol,bristol,17.833333333333332,10.433333333333334
bristol,bristol,32.5,25.233333333333334
bristol,bristol,39.233333333333334,37.266666666666666
bristol,bristol,22.0,11.3
bristol,bristol,31.483333333333334,19.166666666666668
bristol,bristol,35.0,27.533333333333335
bristol,bristol,13.6,14.366666666666667
bristol,bristol,8.95,8.566666666666666
bristol,bristol,28.016666666666666,26.633333333333333
bristol,bristol,52.4,33.233333333333334
bristol,bristol,52.916666666666664,34.63333333333333
bristol,bristol,27.816666666666666,19.166666666666668
bristol,bristol,25.55,34.233333333333334
bristol,bristol,23.016666666666666,17.333333333333332
bristol,bristol,42.46666666666667,12.133333333333333
bristol,bristol,49.8,32.36666666666667
bristol,bristol,66.08333333333333,32.0
bristol,bristol,22.241666666666667,16.166666666666668
bristol,bristol,25.1,67.43333333333334
bristol,other,81.75,12.533333333333333
bristol,other,75.21666666666667,25.833333333333332
bristol,bristol,21.166666666666668,72.73333333333333
bristol,bristol,34.03333333333333,16.366666666666667
bristol,bristol,41.775000000000006,44.06666666666667
bristol,bristol,47.358333333333334,24.033333333333335
bristol,bristol,30.958333333333332,21.4
bristol,bristol,45.1,33.63333333333333
bristol,bristol,56.108333333333334,66.76666666666667
bristol,bristol,38.35,33.333333333333336
bristol,bristol,40.5,52.733333333333334
bristol,bristol,23.933333333333334,15.266666666666667
bristol,bristol,33.95,36.8
bristol,bristol,44.05833333333334,53.4
bristol,bristol,31.3,20.2
bristol,other,71.38333333333334,0.0
bristol,bristol,37.83333333333333,48.0
bristol,bristol,22.941666666666666,21.5
bristol,bristol,21.633333333333333,15.3
bristol,bristol,34.733333333333334,23.7
bristol,bristol,20.175,41.266666666666666
bristol,bristol,41.30833333333334,50.333333333333336
bristol,bristol,42.74166666666667,43.5
bristol,bristol,36.56666666666667,49.2
bristol,bristol,41.74166666666667,53.56666666666667
bristol,other,79.96666666666667,67.66666666666667
bristol,other,81.33333333333333,19.166666666666668
bristol,bristol,23.358333333333334,28.0
bristol,bristol,20.533333333333335,10.866666666666667
bristol,bristol,21.541666666666664,0.0
bristol,bristol,30.9,28.8
bristol,other,53.225,84.73333333333333
bristol,bristol,31.9,53.96666666666667
bristol,other,72.08333333333333,11.666666666666666
bristol,other,81.51666666666667,9.933333333333334
bristol,bristol,29.191666666666666,46.03333333333333
bristol,other,57.16666666666667,76.93333333333334
bristol,bristol,31.733333333333334,33.53333333333333
bristol,bristol,29.825000000000003,15.133333333333333
bristol,bristol,44.24166666666667,19.166666666666668
bristol,other,30.65,15.266666666666667
bristol,other,33.93333333333333,0.0
bristol,other,68.38333333333334,0.0
bristol,bristol,18.4,84.66666666666667
bristol,other,26.141666666666666,23.233333333333334
bristol,bristol,27.883333333333333,82.0
bristol,other,23.866666666666667,30.666666666666668
bristol,other,33.025000000000006,16.266666666666666
bristol,other,19.45,21.4
bristol,other,23.0,84.66666666666667
bristol,bristol,45.1,86.1
bristol,other,81.51666666666667,0.0
bristol,bristol,22.475,43.2
bristol,other,82.96666666666667,11.0
bristol,other,28.916666666666668,24.033333333333335
bristol,other,20.533333333333335,28.8
bristol,bristol,28.05,85.8
bristol,other,27.06666666666667,49.266666666666666
bristol,bristol,42.775,33.06666666666667
bristol,other,72.08333333333333,0.0
bristol,other,33.1,28.0
bristol,other,83.66666666666667,14.9
bristol,other,29.141666666666666,88.66666666666667
bristol,other,33.075,32.46666666666667
bristol,bristol,0.0,35.96666666666667
bristol,bristol,0.0,12.866666666666667
bristol,bristol,0.0,37.6
bristol,bristol,0.0,97.43333333333334
bristol,bristol,0.0,74.13333333333334
bristol,bristol,0.0,0.0
bristol,bristol,12.866666666666667,26.466666666666665
bristol,bristol,25.066666666666666,11.6
bristol,bristol,15.283333333333333,22.5
bristol,bristol,19.4,19.0
bristol,bristol,14.983333333333333,38.63333333333333
bristol,bristol,17.083333333333332,0.0
bristol,bristol,12.366666666666667,0.0
bristol,bristol,15.35,35.333333333333336
bristol,bristol,23.083333333333332,92.5
bristol,bristol,19.066666666666666,22.033333333333335
bristol,bristol,10.483333333333333,90.16666666666667
bristol,bristol,34.71666666666667,0.0
bristol,bristol,26.916666666666668,93.46666666666667
bristol,bristol,25.883333333333333,30.7
bristol,other,46.43333333333333,74.13333333333334
bristol,other,23.9,79.3
bristol,bristol,23.033333333333335,40.43333333333333
bristol,bristol,25.566666666666666,25.2
bristol,bristol,33.46666666666667,25.066666666666666
bristol,bristol,13.583333333333334,91.5
bristol,other,25.683333333333334,101.03333333333333
bristol,bristol,19.266666666666666,29.033333333333335
bristol,other,24.633333333333333,86.76666666666667
bristol,other,30.816666666666666,92.06666666666666
bristol,other,30.433333333333334,70.73333333333333
bristol,bristol,17.85,10.533333333333333
bristol,bristol,55.61666666666667,92.06666666666666
bristol,other,35.31666666666667,93.46666666666667
bristol,other,27.816666666666666,73.63333333333334
bristol,other,13.65,60.733333333333334
bristol,other,21.833333333333332,79.13333333333334
bristol,bristol,17.5,16.233333333333334
bristol,bristol,30.883333333333333,0.0
bristol,other,42.6,71.46666666666667
bristol,other,33.1,63.233333333333334
bristol,other,25.433333333333334,90.16666666666667
bristol,other,27.85,92.5
bristol,other,41.31666666666667,67.43333333333334
bristol,bristol,14.616666666666667,94.63333333333334
bristol,other,13.716666666666667,79.66666666666667
bristol,other,73.86666666666666,72.73333333333333
bristol,bristol,29.6,0.0
bristol,other,22.533333333333335,91.5
bristol,bristol,15.1,18.3
bristol,bristol,16.083333333333332,24.866666666666667
bristol,other,28.016666666666666,99.76666666666667
bristol,bristol,23.766666666666666,19.0
bristol,other,39.833333333333336,90.23333333333333
bristol,bristol,16.05,70.73333333333333
bristol,bristol,12.366666666666667,32.13333333333333
bristol,bristol,39.63333333333333,71.46666666666667
bristol,bristol,33.13333333333333,11.833333333333334
bristol,bristol,23.0,101.03333333333333
bristol,bristol,23.016666666666666,0.0
bristol,bristol,44.983333333333334,0.0
bristol,other,25.55,97.43333333333334
bristol,bristol,23.733333333333334,34.233333333333334
bristol,bristol,31.416666666666668,25.966666666666665
bristol,bristol,31.483333333333334,22.366666666666667
bristol,bristol,17.833333333333332,0.0
bristol,bristol,16.333333333333332,99.76666666666667
bristol,bristol,25.55,11.033333333333333
bristol,other,17.583333333333332,63.56666666666667
bristol,other,35.0,94.63333333333334
bristol,other,8.95,56.93333333333333
bristol,bristol,32.5,18.566666666666666
bristol,bristol,39.21666666666667,34.63333333333333
bristol,other,35.333333333333336,88.83333333333333
bristol,bristol,49.766666666666666,63.233333333333334
bristol,other,39.85,83.53333333333333
bristol,other,13.6,73.66666666666667
bristol,bristol,36.6,63.53333333333333
bristol,bristol,39.233333333333334,0.0
bristol,bristol,49.8,63.56666666666667
bristol,other,23.766666666666666,63.53333333333333
bristol,bristol,30.583333333333332,25.233333333333334
bristol,bristol,37.416666666666664,37.266666666666666
bristol,bristol,41.03333333333333,7.2
bristol,bristol,22.0,0.0
bristol,bristol,52.4,60.733333333333334
bristol,bristol,54.2,56.93333333333333
bristol,bristol,0.0,16.866666666666667
bristol,bristol,0.0,23.8
bristol,bristol,12.866666666666667,25.433333333333334
bristol,bristol,15.35,33.333333333333336
bristol,bristol,25.066666666666666,90.23333333333333
bristol,bristol,16.933333333333334,19.0
bristol,bristol,14.983333333333333,54.1
bristol,bristol,14.283333333333333,10.466666666666667
bristol,bristol,19.383333333333333,17.833333333333332
bristol,bristol,16.533333333333335,28.8
bristol,bristol,39.63333333333333,13.8
bristol,other,22.533333333333335,11.4
bristol,other,27.85,20.233333333333334
bristol,bristol,17.85,18.233333333333334
bristol,other,19.833333333333332,19.9
bristol,other,35.333333333333336,11.5
bristol,bristol,23.0,31.0
bristol,bristol,19.4,16.966666666666665
bristol,bristol,12.366666666666667,31.0
bristol,other,23.9,17.2
bristol,bristol,25.566666666666666,38.86666666666667
bristol,bristol,17.583333333333332,32.36666666666667
bristol,other,35.31666666666667,31.333333333333332
bristol,bristol,42.6,19.266666666666666
bristol,bristol,10.483333333333333,13.233333333333333
bristol,other,25.683333333333334,16.5
bristol,bristol,30.433333333333334,17.2
bristol,other,26.066666666666666,19.266666666666666
bristol,bristol,12.366666666666667,38.86666666666667
bristol,bristol,8.95,32.0
bristol,bristol,46.43333333333333,0.0
bristol,bristol,17.083333333333332,16.866666666666667
bristol,bristol,28.783333333333335,27.0
bristol,other,21.833333333333332,23.366666666666667
bristol,other,13.716666666666667,32.36666666666667
bristol,bristol,31.416666666666668,79.13333333333334
bristol,bristol,19.066666666666666,79.3
bristol,bristol,36.6,14.833333333333334
bristol,other,24.633333333333333,22.466666666666665
bristol,other,28.016666666666666,9.333333333333334
bristol,bristol,21.8,32.93333333333333
bristol,bristol,25.55,20.5
bristol,bristol,23.766666666666666,23.366666666666667
bristol,bristol,16.333333333333332,23.8
bristol,other,39.85,8.9
bristol,bristol,33.1,19.9
bristol,bristol,14.616666666666667,11.6
bristol,bristol,13.65,33.233333333333334
bristol,other,13.6,32.0
bristol,other,25.55,0.0
bristol,other,39.833333333333336,0.0
bristol,bristol,15.1,22.366666666666667
bristol,bristol,41.03333333333333,13.866666666666667
bristol,bristol,16.083333333333332,41.5
bristol,bristol,26.916666666666668,41.8
bristol,other,25.433333333333334,9.666666666666666
bristol,bristol,37.416666666666664,73.63333333333334
bristol,bristol,33.13333333333333,27.433333333333334
bristol,bristol,52.55,17.633333333333333
bristol,other,30.816666666666666,33.6
bristol,bristol,22.0,11.6
bristol,bristol,16.05,19.4
bristol,bristol,39.233333333333334,19.9
bristol,other,27.816666666666666,33.233333333333334
bristol,bristol,23.016666666666666,13.233333333333333
bristol,bristol,54.2,13.8
bristol,other,35.0,9.233333333333333
bristol,bristol,30.583333333333332,22.9
bristol,bristol,32.5,31.633333333333333
bristol,bristol,52.4,17.9
bristol,bristol,49.8,13.266666666666667
bristol,bristol,23.766666666666666,30.7
bristol,other,0.0,22.5
bristol,other,0.0,0.0
bristol,bristol,0.0,38.86666666666667
bristol,bristol,0.0,16.966666666666665
bristol,bristol,19.383333333333333,10.466666666666667
bristol,other,26.066666666666666,0.0
bristol,bristol,16.533333333333335,17.633333333333333
bristol,bristol,14.983333333333333,35.333333333333336
bristol,other,16.933333333333334,22.033333333333335
bristol,bristol,25.883333333333333,26.466666666666665
bristol,bristol,34.71666666666667,54.1
bristol,bristol,35.31666666666667,49.5
bristol,other,14.283333333333333,11.3
bristol,bristol,30.433333333333334,15.0
bristol,other,23.0,46.03333333333333
bristol,bristol,12.366666666666667,46.03333333333333
bristol,bristol,32.05,35.53333333333333
bristol,other,10.483333333333333,0.0
bristol,other,21.833333333333332,14.233333333333333
bristol,bristol,8.95,20.766666666666666
bristol,bristol,12.366666666666667,11.833333333333334
bristol,other,17.85,25.966666666666665
bristol,bristol,25.433333333333334,19.533333333333335
bristol,bristol,19.066666666666666,25.066666666666666
bristol,bristol,46.43333333333333,19.033333333333335
bristol,bristol,17.083333333333332,38.86666666666667
bristol,other,13.6,20.766666666666666
bristol,bristol,25.566666666666666,11.033333333333333
bristol,other,39.833333333333336,19.033333333333335
bristol,other,17.5,0.0
bristol,bristol,16.05,19.0
bristol,bristol,25.55,26.766666666666666
bristol,other,27.816666666666666,24.833333333333332
bristol,bristol,13.65,24.833333333333332
bristol,bristol,29.6,52.733333333333334
bristol,bristol,23.016666666666666,31.633333333333333
bristol,bristol,23.766666666666666,14.233333333333333
bristol,bristol,17.833333333333332,41.5
bristol,bristol,32.5,7.2
bristol,bristol,36.6,18.233333333333334
bristol,bristol,31.416666666666668,17.866666666666667
bristol,bristol,17.583333333333332,20.2
bristol,bristol,73.86666666666666,20.833333333333332
bristol,other,25.55,11.566666666666666
bristol,bristol,44.983333333333334,49.2
bristol,bristol,49.766666666666666,10.8
bristol,other,35.333333333333336,20.833333333333332
bristol,other,33.13333333333333,10.7
bristol,other,41.03333333333333,12.133333333333333
bristol,other,52.55,0.0
bristol,other,30.583333333333332,34.63333333333333
bristol,bristol,37.416666666666664,8.033333333333333
bristol,bristol,49.8,22.366666666666667
bristol,bristol,52.4,27.0
bristol,bristol,22.0,33.333333333333336
bristol,bristol,54.2,22.9
bristol,bristol,35.0,24.0
bristol,bristol,0.0,49.2
bristol,other,0.0,49.5
bristol,bristol,0.0,31.266666666666666
bristol,bristol,0.0,19.4
bristol,other,0.0,7.0
bristol,bristol,12.866666666666667,52.733333333333334
bristol,other,25.066666666666666,33.266666666666666
bristol,bristol,23.033333333333335,28.8
bristol,other,19.066666666666666,25.066666666666666
bristol,bristol,17.5,41.5
bristol,other,19.95,24.4
bristol,other,16.533333333333335,44.13333333333333
bristol,other,30.816666666666666,34.56666666666667
bristol,bristol,25.566666666666666,13.266666666666667
bristol,other,25.683333333333334,27.166666666666668
bristol,other,16.933333333333334,19.4
bristol,bristol,26.916666666666668,93.46666666666667
bristol,bristol,17.083333333333332,30.7
bristol,bristol,14.616666666666667,94.63333333333334
bristol,bristol,33.46666666666667,50.333333333333336
bristol,bristol,55.61666666666667,92.06666666666666
bristol,bristol,25.55,38.86666666666667
bristol,bristol,23.016666666666666,23.433333333333334
bristol,other,32.05,35.53333333333333
bristol,other,37.416666666666664,8.033333333333333
bristol,bristol,33.13333333333333,38.86666666666667
bristol,bristol,22.0,25.766666666666666
bristol,bristol,16.083333333333332,7.0
bristol,other,15.1,13.266666666666667
bristol,bristol,35.333333333333336,35.53333333333333
bristol,other,49.8,26.766666666666666
bristol,other,31.416666666666668,17.866666666666667
bristol,other,52.55,28.8
bristol,bristol,41.03333333333333,31.633333333333333
bristol,bristol,31.483333333333334,17.9
bristol,other,17.85,14.833333333333334
bristol,other,16.05,40.9
bristol,other,52.4,24.0
bristol,other,25.55,15.2
bristol,bristol,27.816666666666666,8.033333333333333
bristol,bristol,13.6,0.0
bristol,other,33.1,91.5
bristol,other,30.583333333333332,13.8
bristol,other,28.783333333333335,17.9
bristol,bristol,0.0,10.066666666666666
bristol,other,0.0,86.26666666666667
bristol,other,0.0,44.13333333333333
bristol,bristol,25.066666666666666,29.633333333333333
bristol,other,15.35,49.5
bristol,bristol,14.983333333333333,23.533333333333335
bristol,bristol,17.083333333333332,0.0
bristol,bristol,13.6,12.133333333333333
bristol,other,39.63333333333333,87.06666666666666
bristol,other,14.616666666666667,0.0
bristol,bristol,15.1,30.7
bristol,bristol,19.95,21.7
bristol,bristol,26.066666666666666,8.833333333333334
bristol,other,49.766666666666666,82.2
bristol,bristol,16.933333333333334,38.46666666666667
bristol,bristol,39.833333333333336,20.1
bristol,bristol,19.833333333333332,0.0
bristol,bristol,12.366666666666667,0.0
bristol,bristol,25.566666666666666,10.4
bristol,bristol,27.816666666666666,16.2
bristol,bristol,17.833333333333332,11.4
bristol,bristol,40.28333333333333,31.333333333333332
bristol,bristol,23.733333333333334,26.466666666666665
bristol,other,33.13333333333333,33.733333333333334
bristol,bristol,35.333333333333336,22.333333333333332
bristol,bristol,39.85,11.233333333333333
bristol,bristol,25.55,0.0
bristol,bristol,31.416666666666668,26.633333333333333
bristol,bristol,23.766666666666666,0.0
bristol,bristol,21.833333333333332,10.7
bristol,bristol,32.5,17.333333333333332
bristol,other,16.333333333333332,11.833333333333334
bristol,bristol,52.55,49.0
bristol,bristol,31.483333333333334,11.3
bristol,bristol,23.016666666666666,9.666666666666666
bristol,other,0.0,18.233333333333334
bristol,other,10.483333333333333,18.566666666666666
bristol,other,20.445833333333333,24.866666666666667
bristol,other,44.983333333333334,17.633333333333333
bristol,other,16.333333333333332,32.13333333333333
bristol,other,42.294444444444444,40.43333333333333
bristol,bristol,49.8,0.0
bristol,bristol,33.88888888888889,9.333333333333334
bristol,other,37.78333333333333,22.9
bristol,bristol,52.4,9.233333333333333
bristol,bristol,0.0,19.9
bristol,bristol,30.766666666666666,9.766666666666667
bristol,bristol,31.483333333333334,20.333333333333332
bristol,bristol,0.0,10.933333333333334
bristol,bristol,26.65,14.466666666666667
bristol,bristol,24.45,18.2
bristol,bristol,25.566666666666666,12.566666666666666
bristol,bristol,20.066666666666666,15.233333333333333
bristol,bristol,13.95,33.03333333333333
bristol,bristol,44.31666666666667,17.533333333333335
bristol,bristol,0.0,27.366666666666667
bristol,bristol,55.0,14.466666666666667
bristol,bristol,0.0,21.7
bristol,bristol,31.483333333333334,30.4
bristol,bristol,14.35,14.5
bristol,bristol,0.0,19.033333333333335
bristol,bristol,53.78333333333333,19.6
bristol,bristol,13.95,28.033333333333335
bristol,bristol,15.1,17.9
bristol,bristol,12.366666666666667,16.666666666666668
bristol,bristol,0.0,15.233333333333333
bristol,bristol,0.0,23.433333333333334
bristol,bristol,0.0,20.5
bristol,bristol,36.6,16.533333333333335
bristol,bristol,16.4,21.833333333333332
bristol,bristol,15.1,19.133333333333333
bristol,bristol,31.483333333333334,28.233333333333334
bristol,bristol,0.0,26.7
bristol,bristol,33.18333333333334,18.566666666666666
bristol,bristol,18.616666666666667,15.733333333333333
bristol,bristol,16.333333333333332,28.4
bristol,bristol,25.55,7.933333333333334
bristol,bristol,54.78333333333333,21.2
bristol,bristol,28.7,18.0
bristol,bristol,16.083333333333332,38.233333333333334
bristol,bristol,0.0,17.2
bristol,bristol,21.3,8.433333333333334
bristol,bristol,0.0,26.133333333333333
bristol,bristol,34.35,18.666666666666668
bristol,bristol,47.56666666666667,19.4
bristol,bristol,54.78333333333333,27.3
bristol,bristol,25.55,18.0
bristol,bristol,44.5,25.633333333333333
bristol,bristol,0.0,28.0
bristol,bristol,13.6,9.933333333333334
bristol,bristol,23.733333333333334,22.933333333333334
bristol,bristol,0.0,41.3
bristol,bristol,12.366666666666667,26.633333333333333
bristol,bristol,16.083333333333332,27.633333333333333
bristol,bristol,0.0,29.2
bristol,bristol,38.71666666666667,29.8
bristol,bristol,30.433333333333334,29.566666666666666
bristol,bristol,0.0,32.13333333333333
bristol,bristol,48.06666666666667,27.433333333333334
bristol,bristol,25.566666666666666,29.133333333333333
bristol,bristol,0.0,38.1
bristol,bristol,36.6,27.266666666666666
bristol,other,38.71666666666667,80.06666666666666
bristol,bristol,47.56666666666667,23.166666666666668
bristol,bristol,14.983333333333333,37.53333333333333
bristol,bristol,21.0,29.6
bristol,bristol,0.0,21.5
bristol,bristol,30.1,12.466666666666667
bristol,bristol,25.566666666666666,28.0
bristol,bristol,27.666666666666668,18.433333333333334
bristol,bristol,55.11666666666667,32.2
bristol,bristol,0.0,10.366666666666667
bristol,bristol,12.366666666666667,18.733333333333334
bristol,bristol,33.11666666666667,18.1
bristol,other,70.91666666666667,69.16666666666667
bristol,bristol,36.36666666666667,21.166666666666668
bristol,bristol,36.93333333333333,30.866666666666667
bristol,bristol,23.016666666666666,36.8
bristol,bristol,50.30833333333334,26.2
bristol,bristol,44.833333333333336,29.7
bristol,bristol,32.5,11.133333333333333
bristol,bristol,50.1,29.866666666666667
bristol,bristol,33.13333333333333,41.03333333333333
bristol,bristol,35.53333333333333,15.3
bristol,bristol,16.333333333333332,23.966666666666665
bristol,bristol,26.0,39.233333333333334
bristol,other,0.0,55.0
bristol,bristol,22.0,45.266666666666666
bristol,bristol,0.0,8.1
bristol,bristol,48.333333333333336,20.166666666666668
bristol,bristol,47.63333333333333,28.8
bristol,bristol,17.866666666666667,49.56666666666667
bristol,bristol,0.0,35.2
bristol,bristol,32.5,23.1
bristol,bristol,16.75,29.366666666666667
bristol,bristol,36.36666666666667,19.366666666666667
bristol,bristol,0.0,41.56666666666667
bristol,bristol,54.416666666666664,18.133333333333333
bristol,bristol,13.933333333333334,21.633333333333333
bristol,bristol,23.0,35.13333333333333
bristol,bristol,54.416666666666664,8.866666666666667
bristol,bristol,40.9,18.466666666666665
bristol,bristol,22.0,39.166666666666664
bristol,bristol,64.95,32.13333333333333
bristol,bristol,0.0,15.033333333333333
bristol,bristol,0.0,24.4
bristol,bristol,23.016666666666666,27.5
bristol,bristol,0.0,25.1
bristol,bristol,19.266666666666666,23.933333333333334
bristol,bristol,16.05,40.46666666666667
bristol,bristol,0.0,18.766666666666666
bristol,other,0.0,60.2
bristol,bristol,24.216666666666665,21.833333333333332
bristol,bristol,0.0,29.333333333333332
bristol,other,0.0,70.73333333333333
bristol,bristol,32.5,28.8
bristol,bristol,35.3,31.066666666666666
bristol,bristol,0.0,19.266666666666666
bristol,bristol,19.266666666666666,15.833333333333334
bristol,bristol,0.0,12.933333333333334
bristol,other,0.0,40.93333333333333
bristol,bristol,13.366666666666667,26.333333333333332
bristol,bristol,0.0,33.2
bristol,bristol,24.633333333333333,8.4
bristol,bristol,0.0,41.266666666666666
bristol,bristol,0.0,25.266666666666666
bristol,bristol,31.916666666666668,27.833333333333332
bristol,other,0.0,51.43333333333333
bristol,other,0.0,87.13333333333334
bristol,bristol,39.21666666666667,17.233333333333334
bristol,bristol,0.0,47.4
bristol,bristol,0.0,37.4
bristol,bristol,62.916666666666664,30.666666666666668
bristol,bristol,24.533333333333335,30.466666666666665
bristol,bristol,22.533333333333335,17.4
bristol,bristol,17.5,6.566666666666666
bristol,bristol,23.766666666666666,34.833333333333336
bristol,other,0.0,78.8
bristol,bristol,17.316666666666666,11.933333333333334
bristol,bristol,12.366666666666667,11.8
bristol,bristol,0.0,41.8
bristol,bristol,0.0,13.966666666666667
bristol,bristol,0.0,11.366666666666667
bristol,bristol,20.95,25.4
bristol,bristol,32.458333333333336,40.5
bristol,bristol,0.0,11.333333333333334
bristol,bristol,0.0,52.63333333333333
bristol,bristol,33.833333333333336,29.8
bristol,bristol,0.0,33.36666666666667
bristol,bristol,38.78333333333333,11.0
bristol,bristol,0.0,15.133333333333333
bristol,bristol,16.85,52.13333333333333
bristol,bristol,0.0,38.0
bristol,bristol,0.0,49.46666666666667
bristol,bristol,0.0,38.766666666666666
bristol,bristol,25.866666666666667,15.533333333333333
bristol,bristol,20.066666666666666,16.6
bristol,bristol,0.0,31.4
bristol,bristol,21.366666666666667,15.566666666666666
bristol,bristol,0.0,43.03333333333333
bristol,other,0.0,83.13333333333334
bristol,bristol,0.0,49.63333333333333
bristol,bristol,23.0,27.9
bristol,bristol,17.833333333333332,20.1
bristol,bristol,0.0,8.666666666666666
bristol,other,0.0,75.23333333333333
bristol,other,0.0,87.66666666666667
bristol,bristol,17.316666666666666,25.666666666666668
bristol,bristol,13.583333333333334,12.433333333333334
bristol,bristol,0.0,9.166666666666666
bristol,bristol,22.0,26.7
bristol,bristol,0.0,14.9
bristol,other,0.0,37.5
bristol,bristol,40.9,25.7
bristol,bristol,28.233333333333334,12.2
bristol,other,0.0,81.06666666666666
bristol,bristol,24.65,21.4
bristol,bristol,0.0,24.7
bristol,other,0.0,78.63333333333334
bristol,bristol,54.416666666666664,41.766666666666666
bristol,bristol,18.616666666666667,13.1
bristol,bristol,0.0,33.4
bristol,bristol,0.0,23.7
bristol,bristol,0.0,13.7
bristol,bristol,0.0,15.466666666666667
bristol,bristol,0.0,20.566666666666666
bristol,bristol,0.0,41.333333333333336
bristol,bristol,0.0,20.2
bristol,bristol,0.0,16.266666666666666
bristol,bristol,25.866666666666667,13.733333333333333
bristol,bristol,20.75,11.666666666666666
bristol,bristol,23.733333333333334,13.133333333333333
bristol,bristol,0.0,32.2
bristol,bristol,16.083333333333332,15.6
bristol,bristol,39.21666666666667,17.933333333333334
bristol,bristol,25.15,21.433333333333334
bristol,bristol,15.283333333333333,20.266666666666666
bristol,bristol,16.083333333333332,28.0
bristol,bristol,32.05,49.96666666666667
bristol,bristol,16.4,21.266666666666666
bristol,bristol,30.533333333333335,31.6
bristol,bristol,0.0,25.366666666666667
bristol,bristol,16.083333333333332,21.4
bristol,other,0.0,71.1
bristol,bristol,15.1,22.3
bristol,bristol,24.533333333333335,37.7
bristol,other,16.183333333333334,53.46666666666667
bristol,bristol,31.433333333333334,32.46666666666667
bristol,bristol,35.3,49.266666666666666
bristol,bristol,0.0,23.233333333333334
bristol,bristol,13.716666666666667,23.466666666666665
bristol,bristol,25.55,18.266666666666666
bristol,bristol,0.0,17.466666666666665
bristol,bristol,17.5,34.86666666666667
bristol,other,0.0,69.66666666666667
bristol,other,0.0,84.66666666666667
bristol,bristol,0.0,15.2
bristol,bristol,31.483333333333334,26.466666666666665
bristol,bristol,35.333333333333336,43.6
bristol,bristol,48.233333333333334,43.5
bristol,bristol,13.95,22.933333333333334
bristol,bristol,16.75,40.13333333333333
bristol,bristol,22.0,18.7
bristol,bristol,0.0,32.333333333333336
bristol,bristol,0.0,12.533333333333333
bristol,bristol,35.31666666666667,13.166666666666666
bristol,bristol,13.95,33.63333333333333
bristol,other,0.0,53.56666666666667
bristol,other,16.05,58.666666666666664
bristol,bristol,22.0,53.4
bristol,bristol,0.0,14.133333333333333
bristol,bristol,17.833333333333332,33.53333333333333
bristol,bristol,0.0,11.533333333333333
bristol,bristol,31.45,8.433333333333334
bristol,bristol,0.0,25.466666666666665
bristol,bristol,0.0,35.333333333333336
bristol,bristol,0.0,20.2
bristol,bristol,0.0,45.233333333333334
bristol,bristol,25.566666666666666,12.166666666666666
bristol,bristol,25.566666666666666,19.9
bristol,bristol,0.0,50.2
bristol,bristol,0.0,17.733333333333334
bristol,bristol,0.0,58.666666666666664
bristol,bristol,16.183333333333334,55.733333333333334
bristol,other,0.0,48.0
bristol,other,0.0,85.8
bristol,bristol,16.083333333333332,22.866666666666667
bristol,bristol,0.0,13.8
bristol,bristol,0.0,15.066666666666666
bristol,other,0.0,51.766666666666666
bristol,other,0.0,75.76666666666667
bristol,bristol,0.0,18.7
bristol,other,0.0,75.7
bristol,bristol,0.0,12.233333333333333
bristol,bristol,47.56666666666667,28.533333333333335
bristol,bristol,0.0,41.3
bristol,bristol,36.93333333333333,37.0
bristol,bristol,23.766666666666666,15.133333333333333
bristol,bristol,0.0,27.766666666666666
bristol,bristol,44.5,39.43333333333333
bristol,bristol,23.0,14.733333333333333
bristol,bristol,55.0,30.233333333333334
bristol,bristol,12.366666666666667,22.2
bristol,bristol,0.0,36.666666666666664
bristol,bristol,0.0,29.1
bristol,bristol,14.983333333333333,28.066666666666666
bristol,bristol,36.55,48.06666666666667
bristol,bristol,0.0,19.566666666666666
bristol,other,0.0,53.96666666666667
bristol,bristol,15.35,48.5
bristol,bristol,0.0,41.13333333333333
bristol,bristol,48.233333333333334,20.1
bristol,bristol,0.0,6.633333333333334
bristol,other,0.0,82.0
bristol,bristol,14.35,37.63333333333333
bristol,bristol,0.0,41.7
bristol,bristol,44.5,50.233333333333334
bristol,bristol,25.55,44.8
bristol,bristol,0.0,16.533333333333335
bristol,bristol,35.31666666666667,42.03333333333333
bristol,bristol,0.0,32.766666666666666
bristol,bristol,16.333333333333332,22.266666666666666
bristol,bristol,16.333333333333332,29.5
bristol,bristol,47.56666666666667,35.766666666666666
bristol,bristol,0.0,13.666666666666666
bristol,bristol,23.733333333333334,30.933333333333334
bristol,bristol,0.0,30.7
bristol,bristol,23.0,25.066666666666666
bristol,bristol,0.0,41.8
bristol,bristol,0.0,22.5
bristol,bristol,38.71666666666667,42.2
bristol,other,0.0,61.733333333333334
bristol,bristol,0.0,19.5
bristol,bristol,0.0,30.766666666666666
bristol,bristol,0.0,29.366666666666667
bristol,other,0.0,72.96666666666667
bristol,bristol,16.083333333333332,29.566666666666666
bristol,bristol,22.683333333333334,43.93333333333333
bristol,bristol,23.766666666666666,23.933333333333334
bristol,bristol,12.366666666666667,15.7
bristol,bristol,31.316666666666666,24.0
bristol,bristol,16.05,26.5
bristol,bristol,0.0,8.833333333333334
bristol,bristol,36.28333333333333,24.0
bristol,bristol,0.0,19.266666666666666
bristol,other,0.0,91.96666666666667
bristol,bristol,25.55,29.1
bristol,bristol,36.6,52.666666666666664
bristol,bristol,0.0,8.533333333333333
bristol,bristol,12.366666666666667,25.266666666666666
bristol,other,0.0,58.53333333333333
bristol,bristol,0.0,34.833333333333336
bristol,bristol,0.0,54.03333333333333
bristol,bristol,27.016666666666666,36.166666666666664
bristol,bristol,0.0,30.533333333333335
bristol,bristol,0.0,14.466666666666667
bristol,bristol,26.0,16.833333333333332
bristol,bristol,21.3,35.4
bristol,bristol,14.983333333333333,31.533333333333335
bristol,other,0.0,60.266666666666666
bristol,bristol,0.0,33.166666666666664
bristol,bristol,47.63333333333333,30.266666666666666
bristol,other,0.0,59.666666666666664
bristol,bristol,33.13333333333333,47.5
bristol,other,0.0,44.3
bristol,bristol,0.0,10.8
bristol,bristol,0.0,44.9
bristol,bristol,0.0,25.066666666666666
bristol,bristol,0.0,22.0
bristol,bristol,12.366666666666667,44.86666666666667
bristol,bristol,0.0,15.266666666666667
bristol,other,0.0,82.86666666666666
bristol,bristol,0.0,35.13333333333333
bristol,bristol,0.0,23.766666666666666
bristol,bristol,0.0,20.166666666666668
bristol,other,0.0,59.53333333333333
bristol,bristol,0.0,13.166666666666666
bristol,other,0.0,56.93333333333333
bristol,other,0.0,88.13333333333334
bristol,other,0.0,75.0
bristol,other,0.0,70.06666666666666
bristol,bristol,0.0,21.833333333333332
bristol,other,0.0,66.76666666666667
bristol,other,0.0,70.7
bristol,bristol,0.0,8.633333333333333
bristol,bristol,0.0,50.333333333333336
bristol,bristol,0.0,44.06666666666667
bristol,bristol,0.0,16.233333333333334
bristol,bristol,0.0,14.666666666666666
bristol,other,0.0,54.86666666666667
bristol,bristol,0.0,21.733333333333334
bristol,bristol,0.0,37.6
bristol,bristol,0.0,24.4
bristol,other,0.0,80.53333333333333
bristol,bristol,0.0,44.56666666666667
bristol,bristol,0.0,29.4
bristol,bristol,12.366666666666667,38.6
bristol,other,0.0,88.36666666666666
bristol,bristol,0.0,33.333333333333336
bristol,bristol,0.0,10.4
bristol,bristol,0.0,49.0
bristol,bristol,0.0,10.9
bristol,other,0.0,73.66666666666667
bristol,other,0.0,93.1
bristol,other,0.0,88.66666666666667
bristol,bristol,0.0,34.56666666666667
bristol,other,0.0,62.233333333333334
bristol,other,0.0,81.36666666666666
bristol,bristol,0.0,44.13333333333333
bristol,other,0.0,78.36666666666666
bristol,bristol,0.0,16.2
bristol,bristol,0.0,33.266666666666666
bristol,other,0.0,69.53333333333333
bristol,bristol,0.0,7.0
bristol,bristol,0.0,40.63333333333333
bristol,other,0.0,75.36666666666666
bristol,other,0.0,77.83333333333333
bristol,bristol,0.0,27.0
bristol,other,0.0,92.06666666666666
bristol,other,0.0,87.56666666666666
bristol,bristol,0.0,33.733333333333334
bristol,other,0.0,73.63333333333334
bristol,bristol,0.0,38.233333333333334
bristol,other,0.0,67.43333333333334
bristol,other,0.0,94.63333333333334
bristol,bristol,0.0,53.43333333333333
bristol,other,0.0,87.96666666666667
bristol,other,0.0,79.36666666666666
bristol,other,0.0,85.53333333333333
bristol,other,0.0,63.56666666666667
bristol,other,0.0,92.5
bristol,other,0.0,86.1
bristol,other,0.0,75.93333333333334
bristol,other,0.0,77.4
bristol,other,0.0,80.23333333333333
bristol,bristol,0.0,42.166666666666664
bristol,bristol,0.0,19.0
bristol,other,0.0,60.733333333333334
bristol,other,0.0,79.13333333333334
bristol,bristol,0.0,40.9
bristol,other,0.0,72.73333333333333
bristol,other,0.0,99.76666666666667
bristol,other,0.0,88.83333333333333
bristol,other,0.0,86.76666666666667
bristol,other,0.0,79.66666666666667
bristol,other,0.0,71.6
bristol,bristol,0.0,38.46666666666667
bristol,other,0.0,90.16666666666667
bristol,other,0.0,101.03333333333333
bristol,other,0.0,97.43333333333334
bristol,other,0.0,71.9
bristol,other,0.0,79.3
bristol,other,0.0,93.46666666666667
bristol,other,0.0,23.233333333333334
bristol,other,0.0,49.46666666666667
bristol,other,0.0,19.6
bristol,other,0.0,33.03333333333333
bristol,other,0.0,28.0
bristol,other,0.0,20.333333333333332
bristol,other,0.0,33.2
bristol,bristol,0.0,26.7
bristol,bristol,0.0,28.033333333333335
bristol,other,0.0,29.866666666666667
bristol,other,0.0,30.4
bristol,other,0.0,18.2
bristol,bristol,0.0,81.06666666666666
bristol,other,0.0,19.9
bristol,other,0.0,77.83333333333333
bristol,other,0.0,7.933333333333334
bristol,other,0.0,15.733333333333333
bristol,other,25.55,26.133333333333333
bristol,other,0.0,12.566666666666666
bristol,other,0.0,19.033333333333335
bristol,bristol,0.0,38.233333333333334
bristol,other,0.0,80.06666666666666
bristol,other,0.0,28.0
bristol,other,0.0,18.566666666666666
bristol,other,0.0,18.666666666666668
bristol,other,0.0,19.4
bristol,other,0.0,23.433333333333334
bristol,other,0.0,26.2
bristol,other,0.0,40.5
bristol,bristol,53.38333333333333,78.8
bristol,other,0.0,30.866666666666667
bristol,other,0.0,14.5
bristol,other,0.0,0.0
bristol,other,0.0,28.4
bristol,other,0.0,17.533333333333335
bristol,bristol,0.0,23.966666666666665
bristol,bristol,16.333333333333332,87.66666666666667
bristol,other,0.0,25.266666666666666
bristol,other,0.0,41.03333333333333
bristol,other,0.0,49.56666666666667
bristol,other,0.0,34.833333333333336
bristol,other,0.0,52.63333333333333
bristol,other,0.0,51.43333333333333
bristol,other,0.0,78.63333333333334
bristol,bristol,23.0,75.36666666666666
bristol,other,0.0,9.766666666666667
bristol,bristol,0.0,35.13333333333333
bristol,other,0.0,10.866666666666667
bristol,other,0.0,9.933333333333334
bristol,other,0.0,15.033333333333333
bristol,other,0.0,13.966666666666667
bristol,bristol,0.0,21.633333333333333
bristol,bristol,0.0,29.333333333333332
bristol,other,0.0,18.433333333333334
bristol,other,0.0,33.06666666666667
bristol,other,0.0,23.1
bristol,other,0.0,30.666666666666668
bristol,bristol,0.0,84.66666666666667
bristol,other,0.0,69.66666666666667
bristol,other,0.0,41.56666666666667
bristol,other,0.0,29.366666666666667
bristol,bristol,0.0,19.266666666666666
bristol,other,0.0,20.166666666666668
bristol,other,0.0,53.56666666666667
bristol,other,0.0,41.266666666666666
bristol,other,0.0,23.933333333333334
bristol,bristol,0.0,75.7
bristol,other,0.0,21.833333333333332
bristol,other,0.0,21.7
bristol,other,0.0,27.833333333333332
bristol,other,0.0,43.6
bristol,other,0.0,14.466666666666667
bristol,other,0.0,12.466666666666667
bristol,other,0.0,37.4
bristol,bristol,0.0,25.7
bristol,other,0.0,67.66666666666667
bristol,other,0.0,0.0
bristol,bristol,64.95,8.866666666666667
bristol,other,0.0,10.366666666666667
bristol,other,0.0,17.2
bristol,other,0.0,51.766666666666666
bristol,other,0.0,31.4
bristol,bristol,0.0,15.566666666666666
bristol,other,0.0,53.46666666666667
bristol,other,0.0,11.333333333333334
bristol,other,0.0,34.233333333333334
bristol,other,0.0,50.2
bristol,other,0.0,11.933333333333334
bristol,other,0.0,27.433333333333334
bristol,other,0.0,0.0
bristol,other,0.0,25.666666666666668
bristol,other,0.0,15.233333333333333
bristol,other,0.0,10.933333333333334
bristol,other,0.0,18.0
bristol,other,0.0,17.9
bristol,other,0.0,23.7
bristol,other,0.0,11.366666666666667
bristol,bristol,0.0,32.13333333333333
bristol,other,0.0,19.133333333333333
bristol,other,0.0,15.533333333333333
bristol,other,0.0,32.2
bristol,other,0.0,13.733333333333333
bristol,other,0.0,16.6
bristol,other,0.0,8.433333333333334
bristol,other,0.0,6.566666666666666
bristol,other,0.0,0.0
bristol,bristol,0.0,85.8
bristol,other,0.0,21.433333333333334
bristol,other,0.0,21.4
bristol,other,0.0,15.6
bristol,other,0.0,33.333333333333336
bristol,other,0.0,75.76666666666667
bristol,other,0.0,27.266666666666666
bristol,other,0.0,20.566666666666666
bristol,other,0.0,40.46666666666667
bristol,other,0.0,38.1
bristol,bristol,0.0,33.53333333333333
bristol,other,0.0,29.8
bristol,other,0.0,11.133333333333333
bristol,other,70.91666666666667,25.633333333333333
bristol,other,0.0,8.666666666666666
bristol,other,0.0,34.86666666666667
bristol,other,0.0,32.46666666666667
bristol,other,0.0,13.7
bristol,bristol,0.0,25.366666666666667
bristol,bristol,0.0,37.7
bristol,other,0.0,28.0
bristol,other,0.0,20.5
bristol,other,0.0,53.96666666666667
bristol,bristol,25.15,12.433333333333334
bristol,other,0.0,0.0
bristol,other,0.0,29.7
bristol,other,0.0,28.8
bristol,other,0.0,21.833333333333332
bristol,other,0.0,21.266666666666666
bristol,bristol,0.0,15.3
bristol,bristol,0.0,53.4
bristol,bristol,0.0,27.3
bristol,other,0.0,33.63333333333333
bristol,other,0.0,15.466666666666667
bristol,other,0.0,41.3
bristol,bristol,0.0,45.233333333333334
bristol,other,0.0,18.766666666666666
bristol,other,0.0,18.7
bristol,other,0.0,31.066666666666666
bristol,bristol,0.0,18.733333333333334
bristol,other,0.0,11.533333333333333
bristol,other,0.0,9.166666666666666
bristol,other,30.516666666666666,29.2
bristol,other,0.0,21.166666666666668
bristol,other,0.0,27.5
bristol,other,0.0,20.2
bristol,bristol,0.0,86.1
bristol,bristol,0.0,22.933333333333334
bristol,other,0.0,66.76666666666667
bristol,other,0.0,29.1
bristol,other,0.0,12.933333333333334
bristol,other,0.0,18.266666666666666
bristol,other,0.0,0.0
bristol,other,0.0,30.933333333333334
bristol,other,0.0,24.0
bristol,bristol,0.0,36.8
bristol,other,0.0,42.2
bristol,other,0.0,72.96666666666667
bristol,bristol,0.0,88.13333333333334
bristol,other,0.0,28.066666666666666
bristol,bristol,0.0,39.166666666666664
bristol,other,0.0,12.166666666666666
bristol,other,0.0,37.63333333333333
bristol,other,0.0,41.7
bristol,other,0.0,16.666666666666668
bristol,other,0.0,0.0
bristol,other,0.0,28.533333333333335
bristol,bristol,0.0,23.166666666666668
bristol,other,0.0,60.2
bristol,other,0.0,70.06666666666666
bristol,other,0.0,31.533333333333335
bristol,other,0.0,13.166666666666666
bristol,other,0.0,54.03333333333333
bristol,other,0.0,48.5
bristol,other,0.0,44.9
bristol,other,0.0,17.4
bristol,other,0.0,8.4
bristol,other,0.0,41.766666666666666
bristol,other,0.0,33.4
bristol,other,0.0,41.333333333333336
bristol,bristol,0.0,14.133333333333333
bristol,other,0.0,11.666666666666666
bristol,other,0.0,17.233333333333334
bristol,other,0.0,38.766666666666666
bristol,other,0.0,17.733333333333334
bristol,other,0.0,35.4
bristol,bristol,0.0,13.8
bristol,other,0.0,23.933333333333334
bristol,other,0.0,41.8
bristol,other,0.0,15.133333333333333
bristol,other,0.0,33.166666666666664
bristol,other,0.0,31.6
bristol,other,0.0,38.6
bristol,other,0.0,29.8
bristol,other,0.0,30.7
bristol,other,0.0,49.266666666666666
bristol,bristol,16.333333333333332,88.36666666666666
bristol,other,0.0,34.833333333333336
bristol,other,0.0,17.933333333333334
bristol,other,0.0,69.53333333333333
bristol,other,0.0,12.2
bristol,other,0.0,15.133333333333333
bristol,other,0.0,12.533333333333333
bristol,other,0.0,22.5
bristol,bristol,58.766666666666666,43.5
bristol,other,0.0,70.7
bristol,other,0.0,40.13333333333333
bristol,other,0.0,25.4
bristol,bristol,0.0,44.86666666666667
bristol,other,0.0,29.366666666666667
bristol,bristol,0.0,36.666666666666664
bristol,other,0.0,19.566666666666666
bristol,other,0.0,49.63333333333333
bristol,bristol,26.0,14.733333333333333
bristol,other,0.0,35.93333333333333
bristol,other,0.0,26.5
bristol,other,0.0,62.233333333333334
bristol,other,0.0,14.366666666666667
bristol,other,0.0,58.666666666666664
bristol,other,0.0,16.366666666666667
bristol,other,0.0,37.5
bristol,other,0.0,20.266666666666666
bristol,bristol,0.0,31.633333333333333
bristol,bristol,0.0,23.433333333333334
bristol,other,0.0,7.2
bristol,other,0.0,12.133333333333333
bristol,other,0.0,32.0
bristol,other,0.0,27.766666666666666
bristol,bristol,0.0,90.16666666666667
bristol,other,0.0,58.53333333333333
bristol,other,0.0,20.466666666666665
bristol,other,0.0,16.266666666666666
bristol,other,0.0,75.0
bristol,other,0.0,58.666666666666664
bristol,other,0.0,38.233333333333334
bristol,other,0.0,83.13333333333334
bristol,other,0.0,8.533333333333333
bristol,other,0.0,22.3
bristol,other,0.0,30.533333333333335
bristol,bristol,0.0,35.333333333333336
bristol,other,0.0,14.466666666666667
bristol,other,0.0,21.666666666666668
bristol,other,0.0,0.0
bristol,other,0.0,19.266666666666666
bristol,other,0.0,22.766666666666666
bristol,other,0.0,87.06666666666666
bristol,other,0.0,17.466666666666665
bristol,other,0.0,35.13333333333333
bristol,bristol,25.55,15.2
bristol,bristol,0.0,0.0
bristol,other,0.0,25.833333333333332
bristol,bristol,0.0,21.4
bristol,other,0.0,22.333333333333332
bristol,other,0.0,25.266666666666666
bristol,other,0.0,72.73333333333333
bristol,other,0.0,29.1
bristol,other,0.0,76.93333333333334
bristol,other,0.0,22.866666666666667
bristol,bristol,0.0,35.766666666666666
bristol,other,0.0,40.63333333333333
bristol,other,0.0,10.466666666666667
bristol,other,0.0,81.36666666666666
bristol,other,0.0,11.233333333333333
bristol,other,0.0,11.3
bristol,other,0.0,26.466666666666665
bristol,other,0.0,71.1
bristol,other,0.0,25.066666666666666
bristol,other,0.0,13.233333333333333
bristol,other,0.0,8.566666666666666
bristol,other,0.0,37.0
bristol,other,0.0,48.06666666666667
bristol,other,0.0,8.433333333333334
bristol,other,0.0,47.5
bristol,other,0.0,55.733333333333334
bristol,other,0.0,20.166666666666668
bristol,other,0.0,25.066666666666666
bristol,other,0.0,22.5
bristol,other,0.0,16.833333333333332
bristol,other,0.0,6.633333333333334
bristol,other,0.0,79.36666666666666
bristol,other,0.0,0.0
bristol,bristol,0.0,11.4
bristol,other,0.0,24.0
bristol,other,0.0,50.233333333333334
bristol,other,0.0,8.833333333333334
bristol,other,0.0,18.566666666666666
bristol,other,0.0,19.533333333333335
bristol,bristol,0.0,29.5
bristol,other,0.0,13.866666666666667
bristol,other,0.0,82.2
bristol,other,0.0,60.266666666666666
bristol,bristol,0.0,88.66666666666667
bristol,other,0.0,42.03333333333333
bristol,other,0.0,15.266666666666667
bristol,other,0.0,20.5
bristol,other,0.0,16.133333333333333
bristol,other,0.0,23.766666666666666
bristol,bristol,0.0,33.6
bristol,bristol,0.0,82.0
bristol,other,0.0,13.266666666666667
bristol,other,0.0,20.233333333333334
bristol,other,0.0,26.766666666666666
bristol,other,0.0,34.63333333333333
bristol,other,0.0,25.2
bristol,other,0.0,0.0
bristol,other,0.0,32.766666666666666
bristol,other,0.0,18.3
bristol,other,0.0,55.1
bristol,bristol,0.0,97.43333333333334
bristol,other,0.0,17.833333333333332
bristol,other,0.0,21.7
bristol,bristol,0.0,80.53333333333333
bristol,other,0.0,24.033333333333335
bristol,bristol,0.0,42.166666666666664
bristol,other,0.0,27.0
bristol,other,0.0,34.56666666666667
bristol,bristol,0.0,31.333333333333332
bristol,other,0.0,8.633333333333333
bristol,other,0.0,31.433333333333334
bristol,other,0.0,11.6
bristol,other,0.0,25.8
bristol,other,0.0,25.433333333333334
bristol,other,0.0,10.8
bristol,other,0.0,11.7
bristol,other,0.0,59.53333333333333
bristol,other,0.0,18.366666666666667
bristol,other,0.0,13.166666666666666
bristol,other,0.0,10.7
bristol,other,0.0,10.533333333333333
bristol,other,0.0,30.7
bristol,other,0.0,22.9
bristol,bristol,0.0,44.56666666666667
bristol,other,0.0,13.766666666666667
bristol,other,0.0,30.7
bristol,other,0.0,24.233333333333334
bristol,other,0.0,21.4
bristol,other,0.0,40.9
bristol,bristol,0.0,49.0
bristol,other,0.0,19.4
bristol,bristol,0.0,38.46666666666667
bristol,other,0.0,11.3
bristol,other,0.0,10.066666666666666
bristol,other,0.0,17.2
bristol,bristol,0.0,101.03333333333333
bristol,other,0.0,22.033333333333335
bristol,other,0.0,15.0
bristol,other,0.0,0.0
bristol,other,0.0,79.3
bristol,other,0.0,0.0
bristol,bristol,0.0,16.5
bristol,other,0.0,22.366666666666667
bristol,bristol,0.0,25.766666666666666
bristol,other,0.0,10.433333333333334
bristol,other,0.0,14.866666666666667
bristol,bristol,0.0,9.233333333333333
bristol,bristol,0.0,49.2
bristol,other,0.0,16.2
bristol,bristol,0.0,33.333333333333336
bristol,other,0.0,19.9
bristol,other,0.0,71.46666666666667
bristol,other,0.0,22.366666666666667
bristol,other,0.0,27.533333333333335
bristol,other,0.0,18.066666666666666
bristol,other,0.0,26.466666666666665
bristol,bristol,0.0,52.733333333333334
bristol,other,0.0,78.36666666666666
bristol,other,0.0,29.4
bristol,bristol,0.0,22.466666666666665
bristol,other,0.0,11.566666666666666
bristol,other,0.0,87.96666666666667
bristol,other,0.0,15.2
bristol,other,0.0,33.233333333333334
bristol,other,0.0,14.6
bristol,other,0.0,27.433333333333334
bristol,other,0.0,0.0
bristol,other,0.0,29.633333333333333
bristol,bristol,0.0,91.5
bristol,bristol,0.0,38.86666666666667
bristol,bristol,0.0,9.333333333333334
bristol,bristol,0.0,33.333333333333336
bristol,other,0.0,12.4
bristol,other,0.0,19.0
bristol,other,0.0,35.333333333333336
bristol,other,0.0,14.833333333333334
bristol,other,0.0,79.66666666666667
bristol,other,0.0,35.96666666666667
bristol,other,0.0,11.033333333333333
bristol,other,0.0,32.13333333333333
bristol,other,0.0,19.0
bristol,other,0.0,27.166666666666668
bristol,bristol,0.0,54.1
bristol,other,0.0,32.36666666666667
bristol,other,0.0,27.9
bristol,other,0.0,67.43333333333334
bristol,other,0.0,25.966666666666665
bristol,other,0.0,63.53333333333333
bristol,other,0.0,63.56666666666667
bristol,other,0.0,73.63333333333334
bristol,other,0.0,11.833333333333334
bristol,bristol,0.0,99.76666666666667
bristol,other,0.0,77.4
bristol,other,0.0,12.233333333333333
bristol,other,0.0,21.233333333333334
bristol,other,0.0,15.2
bristol,bristol,0.0,14.833333333333334
bristol,other,0.0,9.666666666666666
bristol,other,0.0,9.766666666666667
bristol,other,0.0,27.433333333333334
bristol,other,0.0,12.466666666666667
bristol,other,28.916666666666668,28.233333333333334
bristol,other,0.0,32.2
bristol,other,31.05,37.53333333333333
bristol,other,0.0,15.233333333333333
bristol,other,0.0,71.1
bristol,other,0.0,29.8
bristol,taunton,0.0,21.833333333333332
bristol,other,0.0,29.2
bristol,other,0.0,8.433333333333334
bristol,taunton,0.0,16.6
bristol,other,0.0,18.0
bristol,other,0.0,27.266666666666666
bristol,bristol,0.0,83.13333333333334
bristol,other,0.0,27.9
bristol,other,0.0,18.733333333333334
bristol,other,0.0,36.8
bristol,other,0.0,31.6
bristol,other,0.0,28.0
bristol,other,0.0,38.0
bristol,other,0.0,18.466666666666665
bristol,other,0.0,0.0
bristol,other,0.0,20.2
bristol,other,0.0,20.333333333333332
bristol,bristol,0.0,31.066666666666666
bristol,taunton,0.0,18.2
bristol,other,0.0,19.6
bristol,other,0.0,18.1
bristol,taunton,0.0,30.4
bristol,other,0.0,15.733333333333333
bristol,other,0.0,27.366666666666667
bristol,other,0.0,38.233333333333334
bristol,other,0.0,20.5
bristol,other,0.0,37.7
bristol,other,0.0,33.2
bristol,other,0.0,32.13333333333333
bristol,other,0.0,24.4
bristol,other,0.0,10.366666666666667
bristol,other,0.0,33.03333333333333
bristol,other,0.0,0.0
bristol,other,0.0,11.133333333333333
bristol,other,0.0,29.6
bristol,other,0.0,28.033333333333335
bristol,other,0.0,44.06666666666667
bristol,other,0.0,10.866666666666667
bristol,other,0.0,13.966666666666667
bristol,other,0.0,25.266666666666666
bristol,other,0.0,19.4
bristol,taunton,0.0,11.0
bristol,other,0.0,17.2
bristol,other,0.0,23.966666666666665
bristol,taunton,0.0,17.933333333333334
bristol,other,0.0,18.0
bristol,other,0.0,21.5
bristol,other,0.0,41.56666666666667
bristol,other,0.0,14.466666666666667
bristol,other,0.0,23.166666666666668
bristol,other,0.0,43.5
bristol,bristol,0.0,87.13333333333334
bristol,other,0.0,28.8
bristol,other,0.0,18.766666666666666
bristol,bristol,0.0,23.433333333333334
bristol,taunton,0.0,26.333333333333332
bristol,other,0.0,21.166666666666668
bristol,other,0.0,29.333333333333332
bristol,other,0.0,24.7
bristol,other,0.0,0.0
bristol,other,0.0,41.03333333333333
bristol,other,0.0,35.2
bristol,other,0.0,41.3
bristol,other,0.0,19.266666666666666
bristol,other,0.0,30.666666666666668
bristol,other,0.0,26.7
bristol,other,0.0,40.93333333333333
bristol,other,0.0,18.666666666666668
bristol,other,0.0,21.2
bristol,taunton,0.0,23.1
bristol,other,0.0,15.133333333333333
bristol,taunton,0.0,25.633333333333333
bristol,taunton,0.0,33.36666666666667
bristol,other,0.0,16.666666666666668
bristol,other,24.683333333333334,26.633333333333333
bristol,other,0.0,0.0
bristol,bristol,0.0,91.96666666666667
bristol,other,0.0,51.43333333333333
bristol,other,0.0,53.56666666666667
bristol,other,0.0,12.933333333333334
bristol,bristol,0.0,40.46666666666667
bristol,bristol,0.0,78.8
bristol,other,34.93333333333333,29.133333333333333
bristol,taunton,0.0,23.933333333333334
bristol,other,0.0,38.1
bristol,other,0.0,15.3
bristol,taunton,0.0,18.433333333333334
bristol,other,0.0,32.2
bristol,other,0.0,20.166666666666668
bristol,other,0.0,55.0
bristol,other,0.0,13.733333333333333
bristol,other,0.0,15.533333333333333
bristol,other,0.0,37.5
bristol,other,0.0,18.133333333333333
bristol,other,0.0,77.83333333333333
bristol,other,0.0,8.4
bristol,other,0.0,6.566666666666666
bristol,bristol,0.0,78.63333333333334
bristol,other,0.0,17.4
bristol,other,0.0,30.466666666666665
bristol,other,0.0,59.53333333333333
bristol,other,0.0,29.1
bristol,other,0.0,34.833333333333336
bristol,other,0.0,20.266666666666666
bristol,other,0.0,8.666666666666666
bristol,other,0.0,23.7
bristol,other,0.0,25.7
bristol,other,0.0,21.433333333333334
bristol,bristol,19.266666666666666,67.66666666666667
bristol,other,0.0,32.46666666666667
bristol,other,0.0,41.766666666666666
bristol,other,0.0,52.13333333333333
bristol,other,0.0,48.0
bristol,other,0.0,15.566666666666666
bristol,taunton,0.0,14.9
bristol,other,0.0,59.1
bristol,other,0.0,21.633333333333333
bristol,other,0.0,51.766666666666666
bristol,bristol,0.0,75.36666666666666
bristol,bristol,0.0,43.03333333333333
bristol,other,0.0,33.4
bristol,other,0.0,69.66666666666667
bristol,other,0.0,16.533333333333335
bristol,other,0.0,19.366666666666667
bristol,other,0.0,13.666666666666666
bristol,other,0.0,21.266666666666666
bristol,other,0.0,78.36666666666666
bristol,other,0.0,12.433333333333334
bristol,taunton,0.0,13.7
bristol,other,0.0,19.5
bristol,other,0.0,11.333333333333334
bristol,bristol,0.0,84.66666666666667
bristol,other,0.0,19.533333333333335
bristol,other,0.0,13.866666666666667
bristol,other,0.0,31.4
bristol,bristol,0.0,75.7
bristol,other,0.0,13.133333333333333
bristol,other,0.0,0.0
bristol,other,0.0,0.0
bristol,other,0.0,20.766666666666666
bristol,other,0.0,29.5
bristol,other,0.0,44.3
bristol,other,0.0,29.566666666666666
bristol,other,0.0,73.66666666666667
bristol,bristol,0.0,84.73333333333333
bristol,other,0.0,33.53333333333333
bristol,bristol,0.0,41.13333333333333
bristol,other,0.0,15.6
bristol,other,0.0,25.466666666666665
bristol,other,0.0,9.166666666666666
bristol,other,0.0,20.233333333333334
bristol,taunton,0.0,11.533333333333333
bristol,other,0.0,0.0
bristol,other,0.0,13.166666666666666
bristol,other,0.0,60.2
bristol,other,0.0,33.63333333333333
bristol,taunton,0.0,8.833333333333334
bristol,other,0.0,41.266666666666666
bristol,other,0.0,35.766666666666666
bristol,other,0.0,58.666666666666664
bristol,bristol,0.0,82.0
bristol,other,0.0,35.53333333333333
bristol,other,0.0,49.2
bristol,other,0.0,28.066666666666666
bristol,other,0.0,53.96666666666667
bristol,bristol,0.0,28.8
bristol,taunton,0.0,37.6
bristol,other,0.0,30.266666666666666
bristol,other,0.0,41.3
bristol,other,13.95,53.4
bristol,other,0.0,35.4
bristol,bristol,0.0,24.0
bristol,bristol,0.0,34.833333333333336
bristol,other,0.0,22.266666666666666
bristol,other,0.0,0.0
bristol,taunton,0.0,25.266666666666666
bristol,other,0.0,13.8
bristol,other,0.0,8.433333333333334
bristol,bristol,0.0,86.1
bristol,other,0.0,13.166666666666666
bristol,bristol,0.0,76.93333333333334
bristol,taunton,0.0,7.2
bristol,other,0.0,82.86666666666666
bristol,other,0.0,37.63333333333333
bristol,other,0.0,8.633333333333333
bristol,taunton,0.0,12.133333333333333
bristol,taunton,0.0,6.633333333333334
bristol,other,0.0,12.566666666666666
bristol,other,0.0,47.4
bristol,other,0.0,23.433333333333334
bristol,bristol,0.0,17.9
bristol,bristol,0.0,16.533333333333335
bristol,other,0.0,9.233333333333333
bristol,other,0.0,17.733333333333334
bristol,other,0.0,14.133333333333333
bristol,bristol,0.0,13.8
bristol,taunton,0.0,27.766666666666666
bristol,bristol,0.0,88.66666666666667
bristol,other,0.0,26.5
bristol,other,0.0,32.766666666666666
bristol,other,0.0,38.233333333333334
bristol,other,0.0,53.43333333333333
bristol,other,0.0,29.033333333333335
bristol,bristol,0.0,60.266666666666666
bristol,other,0.0,11.1
bristol,other,0.0,54.03333333333333
bristol,other,0.0,23.766666666666666
bristol,other,0.0,44.86666666666667
bristol,other,0.0,44.9
bristol,other,0.0,20.833333333333332
bristol,other,0.0,18.366666666666667
bristol,other,0.0,66.76666666666667
bristol,other,0.0,30.7
bristol,other,0.0,0.0
bristol,other,0.0,44.06666666666667
bristol,bristol,0.0,80.53333333333333
bristol,other,0.0,22.933333333333334
bristol,bristol,0.0,7.0
bristol,other,0.0,27.433333333333334
bristol,other,0.0,14.733333333333333
bristol,taunton,0.0,11.233333333333333
bristol,other,0.0,21.233333333333334
bristol,other,0.0,18.233333333333334
bristol,other,0.0,17.866666666666667
bristol,other,0.0,11.7
bristol,bristol,0.0,88.13333333333334
bristol,other,0.0,32.93333333333333
bristol,other,0.0,14.466666666666667
bristol,bristol,0.0,99.76666666666667
bristol,other,0.0,16.266666666666666
bristol,other,0.0,24.866666666666667
bristol,other,0.0,12.866666666666667
bristol,other,0.0,33.6
bristol,other,0.0,22.466666666666665
bristol,other,0.0,11.4
bristol,other,0.0,10.9
bristol,other,0.0,21.733333333333334
bristol,other,0.0,8.033333333333333
bristol,other,0.0,0.0
bristol,bristol,0.0,85.53333333333333
bristol,other,0.0,11.5
bristol,other,0.0,41.5
bristol,other,0.0,16.866666666666667
bristol,other,0.0,44.13333333333333
bristol,other,0.0,41.8
bristol,other,0.0,33.333333333333336
bristol,other,0.0,62.233333333333334
bristol,other,0.0,20.233333333333334
bristol,other,0.0,19.166666666666668
bristol,bristol,0.0,53.46666666666667
bristol,other,0.0,87.56666666666666
bristol,other,0.0,30.7
bristol,other,0.0,20.2
bristol,bristol,0.0,13.266666666666667
bristol,other,0.0,40.63333333333333
bristol,other,0.0,26.766666666666666
bristol,other,0.0,24.0
bristol,taunton,0.0,11.566666666666666
bristol,other,0.0,11.6
bristol,other,0.0,71.46666666666667
bristol,bristol,0.0,87.96666666666667
bristol,other,0.0,22.366666666666667
bristol,other,0.0,40.43333333333333
bristol,other,0.0,41.8
bristol,other,0.0,27.0
bristol,other,0.0,19.0
bristol,bristol,0.0,75.0
bristol,other,0.0,0.0
bristol,other,0.0,49.5
bristol,other,0.0,16.5
bristol,other,0.0,38.86666666666667
bristol,other,0.0,72.73333333333333
bristol,other,0.0,38.63333333333333
bristol,other,0.0,30.7
bristol,other,0.0,17.2
bristol,bristol,0.0,19.4
bristol,other,0.0,70.73333333333333
bristol,other,0.0,33.733333333333334
bristol,bristol,0.0,94.63333333333334
bristol,other,0.0,79.36666666666666
bristol,other,0.0,31.0
bristol,other,0.0,15.0
bristol,other,0.0,50.333333333333336
bristol,other,0.0,38.46666666666667
bristol,other,0.0,32.13333333333333
bristol,bristol,0.0,27.0
bristol,other,0.0,54.1
bristol,other,0.0,23.366666666666667
bristol,taunton,0.0,19.0
bristol,bristol,0.0,77.4
bristol,other,0.0,25.066666666666666
bristol,other,0.0,60.733333333333334
bristol,other,0.0,88.83333333333333
bristol,other,0.0,79.3
bristol,other,0.0,79.13333333333334
bristol,other,0.0,35.96666666666667
bristol,other,0.0,40.9
bristol,other,0.0,63.56666666666667
bristol,bristol,0.0,101.03333333333333
bristol,bristol,0.0,75.93333333333334
bristol,other,0.0,35.13333333333333
bristol,bristol,0.0,81.06666666666666
bristol,other,0.0,19.9
bristol,other,0.0,18.28333333333333
bristol,weston-super-mare,0.0,16.833333333333332
bristol,other,0.0,40.63333333333334
bristol,other,0.0,27.919999999999998
bristol,bristol,0.0,21.181481481481477
bristol,other,0.0,23.333333333333336
bristol,other,0.0,14.9
bristol,other,0.0,32.46666666666666
bristol,other,0.0,55.0
bristol,other,0.0,60.2
bristol,bristol,0.0,33.36666666666667
bristol,weston-super-mare,0.0,23.04
bristol,bristol,0.0,26.633333333333333
bristol,other,0.0,27.266666666666666
bristol,other,0.0,21.150000000000002
bristol,other,0.0,75.23333333333333
bristol,weston-super-mare,0.0,23.527272727272724
bristol,other,0.0,58.666666666666664
bristol,bristol,0.0,24.888888888888893
bristol,other,0.0,69.66666666666667
bristol,other,0.0,84.66666666666667
bristol,weston-super-mare,0.0,29.8
bristol,taunton,0.0,78.63333333333334
bristol,bristol,0.0,21.161904761904765
bristol,bristol,0.0,49.63333333333333
bristol,other,0.0,37.5
bristol,other,0.0,21.233333333333338
bristol,other,0.0,23.233333333333334
bristol,other,0.0,29.383333333333333
bristol,other,0.0,88.66666666666667
bristol,other,0.0,53.96666666666667
bristol,taunton,0.0,39.06666666666667
bristol,weston-super-mare,0.0,23.56666666666666
bristol,other,0.0,14.399999999999999
bristol,other,0.0,86.1
bristol,taunton,0.0,53.233333333333334
bristol,other,0.0,12.433333333333334
bristol,other,0.0,45.11666666666667
bristol,other,0.0,31.361904761904757
bristol,other,0.0,39.49999999999999
bristol,other,0.0,40.455555555555556
bristol,bristol,0.0,30.766666666666666
bristol,other,0.0,34.08333333333333
bristol,weston-super-mare,0.0,48.06666666666667
bristol,bristol,0.0,33.55
bristol,other,0.0,31.016666666666666
bristol,other,0.0,88.36666666666666
bristol,other,0.0,27.433333333333334
bristol,other,0.0,43.72222222222222
bristol,weston-super-mare,0.0,21.13611111111111
bristol,other,0.0,17.213333333333335
bristol,taunton,0.0,47.883333333333326
bristol,other,0.0,21.46666666666667
bristol,taunton,0.0,70.7
bristol,taunton,0.0,87.06666666666666
bristol,weston-super-mare,0.0,25.833333333333332
bristol,other,0.0,40.93333333333333
bristol,other,0.0,49.78666666666666
bristol,other,0.0,11.5
bristol,other,0.0,30.5
bristol,other,0.0,20.977777777777774
bristol,other,0.0,83.53333333333333
bristol,bristol,0.0,41.266666666666666
bristol,other,0.0,36.016666666666666
bristol,other,0.0,13.016666666666666
bristol,weston-super-mare,0.0,26.85
bristol,other,0.0,29.216666666666665
bristol,bristol,0.0,11.016666666666666
bristol,other,0.0,19.9
bristol,other,0.0,91.5
bristol,taunton,0.0,82.2
bristol,other,0.0,30.90833333333333
bristol,other,0.0,32.25
bristol,weston-super-mare,0.0,21.900000000000002
bristol,other,0.0,29.03333333333333
bristol,other,0.0,13.566666666666666
bristol,other,0.0,53.48333333333334
bristol,bristol,0.0,30.816666666666663
bristol,other,0.0,29.116666666666667
bristol,other,0.0,94.63333333333334
bristol,other,0.0,59.1
bristol,taunton,0.0,38.91666666666667
bristol,other,0.0,10.4
bristol,other,0.0,39.44166666666666
bristol,other,0.0,32.13333333333333
bristol,other,0.0,22.933333333333334
bristol,other,0.0,56.266666666666666
bristol,bristol,0.0,27.708333333333332
bristol,other,0.0,42.077777777777776
bristol,other,0.0,49.34444444444444
bristol,other,0.0,24.21666666666667
bristol,bristol,0.0,10.533333333333333
bristol,other,0.0,19.266666666666666
bristol,other,0.0,79.3
bristol,other,0.0,23.05833333333333
bristol,bristol,0.0,22.766666666666662
bristol,other,0.0,75.76666666666667
bristol,other,0.0,87.66666666666667
bristol,other,0.0,70.06666666666666
bristol,other,0.0,23.277777777777775
bristol,other,0.0,9.333333333333334
bristol,other,0.0,36.63333333333333
bristol,bristol,0.0,18.28095238095238
bristol,other,0.0,16.5
bristol,other,0.0,32.36666666666667
bristol,taunton,0.0,37.70666666666666
bristol,other,0.0,58.844444444444456
bristol,other,0.0,88.83333333333333
bristol,other,0.0,90.23333333333333
bristol,bristol,0.0,27.433333333333334
bristol,other,0.0,20.333333333333332
bristol,other,23.316666666666666,14.466666666666667
bristol,bristol,0.0,45.266666666666666
bristol,bristol,0.0,30.4
bristol,bristol,30.1,18.2
bristol,bristol,26.258333333333333,81.06666666666666
bristol,other,0.0,10.933333333333334
bristol,bristol,13.716666666666667,22.933333333333334
bristol,bristol,0.0,86.1
bristol,bristol,25.55,28.0
bristol,other,0.0,14.5
bristol,other,35.516666666666666,26.2
bristol,other,0.0,28.4
bristol,other,0.0,15.233333333333333
bristol,bristol,0.0,21.2
bristol,bristol,42.3,78.8
bristol,bristol,25.25,44.06666666666667
bristol,other,0.0,11.666666666666666
bristol,bristol,0.0,23.966666666666665
bristol,other,0.0,7.933333333333334
bristol,other,53.38333333333333,0.0
bristol,other,0.0,9.766666666666667
bristol,other,0.0,21.7
bristol,bristol,27.633333333333333,59.1
bristol,other,25.55,15.733333333333333
bristol,other,0.0,18.666666666666668
bristol,bristol,0.0,19.6
bristol,other,0.0,12.466666666666667
bristol,other,0.0,27.9
bristol,bristol,0.0,29.866666666666667
bristol,bristol,12.366666666666667,35.13333333333333
bristol,other,0.0,33.03333333333333
bristol,bristol,0.0,19.133333333333333
bristol,other,32.61666666666667,21.833333333333332
bristol,other,35.31666666666667,14.466666666666667
bristol,other,38.71666666666667,26.133333333333333
bristol,bristol,26.65,39.166666666666664
bristol,bristol,34.40833333333333,28.233333333333334
bristol,bristol,0.0,19.033333333333335
bristol,other,0.0,18.566666666666666
bristol,other,0.0,12.533333333333333
bristol,bristol,31.483333333333334,19.9
bristol,bristol,34.35,18.1
bristol,other,0.0,0.0
bristol,bristol,18.616666666666667,20.5
bristol,other,0.0,16.666666666666668
bristol,other,79.88333333333334,33.2
bristol,bristol,23.733333333333334,32.2
bristol,other,0.0,18.0
bristol,bristol,31.483333333333334,26.7
bristol,bristol,34.35,25.633333333333333
bristol,other,16.083333333333332,17.9
bristol,bristol,24.216666666666665,23.433333333333334
bristol,other,0.0,27.366666666666667
bristol,bristol,14.35,21.833333333333332
bristol,other,0.0,8.433333333333334
bristol,bristol,23.016666666666666,21.633333333333333
bristol,bristol,30.1,28.0
bristol,bristol,22.0,28.033333333333335
bristol,bristol,0.0,26.7
bristol,other,28.722222222222218,40.13333333333333
bristol,other,0.0,15.233333333333333
bristol,other,0.0,19.4
bristol,bristol,7.95,30.666666666666668
bristol,bristol,0.0,27.5
bristol,other,0.0,12.566666666666666
bristol,bristol,0.0,18.0
bristol,bristol,0.0,80.06666666666666
bristol,bristol,0.0,38.233333333333334
bristol,bristol,13.366666666666667,16.533333333333335
bristol,bristol,25.566666666666666,27.633333333333333
bristol,bristol,54.78333333333333,23.166666666666668
bristol,other,50.6,29.2
bristol,bristol,15.1,32.13333333333333
bristol,bristol,21.3,24.4
bristol,other,0.0,27.833333333333332
bristol,bristol,48.333333333333336,49.266666666666666
bristol,other,0.0,17.2
bristol,bristol,38.71666666666667,55.0
bristol,other,0.0,32.13333333333333
bristol,bristol,0.0,30.866666666666667
bristol,bristol,35.333333333333336,32.2
bristol,bristol,18.616666666666667,29.8
bristol,bristol,64.95,49.96666666666667
bristol,bristol,23.766666666666666,11.8
bristol,bristol,21.0,51.43333333333333
bristol,bristol,20.066666666666666,35.2
bristol,bristol,22.608333333333334,26.633333333333333
bristol,bristol,30.516666666666666,41.3
bristol,bristol,57.4,28.8
bristol,bristol,14.35,27.3
bristol,bristol,28.7,29.7
bristol,other,0.0,11.133333333333333
bristol,other,0.0,0.0
bristol,bristol,17.866666666666667,18.733333333333334
bristol,bristol,0.0,16.6
bristol,bristol,38.06666666666666,37.53333333333333
bristol,bristol,32.5,15.033333333333333
bristol,other,0.0,39.233333333333334
bristol,bristol,0.0,47.4
bristol,other,0.0,10.866666666666667
bristol,bristol,33.13333333333333,29.6
bristol,bristol,55.0,38.1
bristol,other,0.0,25.266666666666666
bristol,other,23.483333333333334,31.4
bristol,other,0.0,11.333333333333334
bristol,bristol,13.366666666666667,25.1
bristol,other,0.0,23.7
bristol,bristol,0.0,8.1
bristol,bristol,0.0,71.1
bristol,bristol,0.0,35.333333333333336
bristol,other,25.004166666666663,18.766666666666666
bristol,other,0.0,21.5
bristol,other,0.0,17.533333333333335
bristol,bristol,0.0,40.46666666666667
bristol,bristol,23.766666666666666,33.36666666666667
bristol,bristol,0.0,75.93333333333334
bristol,other,0.0,15.133333333333333
bristol,other,0.0,15.6
bristol,other,0.0,49.56666666666667
bristol,bristol,0.0,18.433333333333334
bristol,bristol,36.36666666666667,33.06666666666667
bristol,bristol,13.6,19.366666666666667
bristol,other,16.05,10.366666666666667
bristol,bristol,7.95,21.166666666666668
bristol,bristol,0.0,34.86666666666667
bristol,bristol,44.31666666666667,26.333333333333332
bristol,bristol,30.433333333333334,58.666666666666664
bristol,bristol,0.0,19.266666666666666
bristol,other,62.916666666666664,24.7
bristol,other,0.0,34.833333333333336
bristol,bristol,16.083333333333332,20.1
bristol,bristol,23.766666666666666,27.266666666666666
bristol,bristol,0.0,41.56666666666667
bristol,other,0.0,9.933333333333334
bristol,bristol,16.05,40.93333333333333
bristol,other,26.0,29.566666666666666
bristol,bristol,30.533333333333335,20.2
bristol,other,0.0,31.6
bristol,bristol,25.466666666666665,29.333333333333332
bristol,other,0.0,18.266666666666666
bristol,other,0.0,25.4
bristol,bristol,0.0,8.866666666666667
bristol,bristol,47.63333333333333,60.2
bristol,other,0.0,21.833333333333332
bristol,bristol,50.15,23.1
bristol,bristol,19.266666666666666,31.066666666666666
bristol,bristol,0.0,15.3
bristol,other,0.0,15.833333333333334
bristol,other,0.0,0.0
bristol,other,33.833333333333336,20.166666666666668
bristol,bristol,0.0,37.7
bristol,other,0.0,18.466666666666665
bristol,other,0.0,12.933333333333334
bristol,bristol,0.0,18.133333333333333
bristol,bristol,20.95,23.933333333333334
bristol,bristol,0.0,52.63333333333333
bristol,other,0.0,43.6
bristol,other,0.0,0.0
bristol,bristol,0.0,58.666666666666664
bristol,other,0.0,30.466666666666665
bristol,other,0.0,6.566666666666666
bristol,other,0.0,29.8
bristol,bristol,19.266666666666666,33.4
bristol,bristol,0.0,13.733333333333333
bristol,bristol,18.616666666666667,30.933333333333334
bristol,other,0.0,17.233333333333334
bristol,bristol,35.53333333333333,25.7
bristol,bristol,33.13333333333333,38.766666666666666
bristol,other,46.36666666666667,11.366666666666667
bristol,bristol,0.0,69.16666666666667
bristol,bristol,18.616666666666667,42.2
bristol,bristol,53.78333333333333,77.83333333333333
bristol,bristol,0.0,12.2
bristol,bristol,50.15,36.8
bristol,other,0.0,52.13333333333333
bristol,other,0.0,0.0
bristol,bristol,0.0,58.53333333333333
bristol,other,0.0,41.7
bristol,other,0.0,28.533333333333335
bristol,bristol,17.5,13.7
bristol,other,0.0,0.0
bristol,other,0.0,17.4
bristol,bristol,0.0,78.63333333333334
bristol,bristol,15.35,31.533333333333335
bristol,bristol,17.866666666666667,49.46666666666667
bristol,bristol,0.0,35.93333333333333
bristol,bristol,48.233333333333334,15.566666666666666
bristol,bristol,0.0,41.333333333333336
bristol,bristol,23.0,75.36666666666666
bristol,other,0.0,41.8
bristol,bristol,0.0,8.666666666666666
bristol,other,0.0,37.4
bristol,bristol,0.0,11.0
bristol,bristol,30.533333333333335,29.366666666666667
bristol,bristol,17.833333333333332,12.433333333333334
bristol,bristol,0.0,25.366666666666667
bristol,other,28.233333333333334,21.433333333333334
bristol,bristol,23.866666666666667,29.133333333333333
bristol,other,0.0,13.966666666666667
bristol,bristol,0.0,43.2
bristol,bristol,0.0,20.1
bristol,bristol,58.766666666666666,23.233333333333334
bristol,bristol,31.916666666666668,43.03333333333333
bristol,bristol,48.333333333333336,38.0
bristol,bristol,33.1,20.266666666666666
bristol,bristol,0.0,25.666666666666668
bristol,bristol,16.85,49.63333333333333
bristol,other,0.0,35.4
bristol,bristol,32.05,51.766666666666666
bristol,bristol,0.0,11.533333333333333
bristol,other,0.0,23.933333333333334
bristol,other,17.833333333333332,20.566666666666666
bristol,bristol,32.05,50.2
bristol,bristol,31.916666666666668,41.766666666666666
bristol,bristol,17.316666666666666,17.933333333333334
bristol,bristol,0.0,9.166666666666666
bristol,bristol,0.0,43.5
bristol,other,0.0,15.133333333333333
bristol,other,0.0,41.3
bristol,other,0.0,11.933333333333334
bristol,other,36.28333333333333,17.466666666666665
bristol,other,0.0,8.4
bristol,bristol,0.0,69.53333333333333
bristol,bristol,17.5,33.53333333333333
bristol,bristol,16.333333333333332,87.66666666666667
bristol,bristol,28.7,75.23333333333333
bristol,other,0.0,25.066666666666666
bristol,bristol,0.0,14.9
bristol,bristol,0.0,69.66666666666667
bristol,other,0.0,13.166666666666666
bristol,other,0.0,16.366666666666667
bristol,bristol,0.0,15.466666666666667
bristol,bristol,14.35,0.0
bristol,other,0.0,33.63333333333333
bristol,bristol,0.0,45.233333333333334
bristol,other,0.0,21.266666666666666
bristol,other,0.0,19.9
bristol,other,0.0,26.466666666666665
bristol,bristol,44.5,14.133333333333333
bristol,bristol,0.0,22.3
bristol,bristol,0.0,18.7
bristol,bristol,0.0,18.7
bristol,other,0.0,23.466666666666665
bristol,bristol,0.0,21.4
bristol,bristol,0.0,27.766666666666666
bristol,other,0.0,28.066666666666666
bristol,other,0.0,13.1
bristol,bristol,0.0,73.66666666666667
bristol,other,0.0,29.1
bristol,bristol,0.0,22.866666666666667
bristol,bristol,30.1,25.466666666666665
bristol,other,0.0,14.466666666666667
bristol,bristol,0.0,30.266666666666666
bristol,bristol,0.0,13.133333333333333
bristol,bristol,16.4,16.266666666666666
bristol,bristol,0.0,22.0
bristol,bristol,33.1,32.46666666666667
bristol,bristol,0.0,13.8
bristol,bristol,64.95,55.733333333333334
bristol,bristol,16.083333333333332,15.2
bristol,bristol,25.566666666666666,24.0
bristol,bristol,0.0,22.933333333333334
bristol,other,0.0,22.2
bristol,bristol,25.55,12.166666666666666
bristol,bristol,36.93333333333333,35.766666666666666
bristol,bristol,15.283333333333333,70.06666666666666
bristol,bristol,20.066666666666666,0.0
bristol,other,0.0,16.833333333333332
bristol,other,0.0,15.066666666666666
bristol,bristol,23.483333333333334,59.666666666666664
bristol,bristol,0.0,53.4
bristol,other,0.0,32.333333333333336
bristol,bristol,0.0,75.76666666666667
bristol,bristol,0.0,0.0
bristol,bristol,33.13333333333333,25.266666666666666
bristol,bristol,0.0,67.66666666666667
bristol,bristol,23.733333333333334,44.8
bristol,bristol,33.13333333333333,13.8
bristol,bristol,0.0,41.13333333333333
bristol,other,0.0,12.233333333333333
bristol,bristol,0.0,72.96666666666667
bristol,bristol,0.0,29.566666666666666
bristol,other,0.0,17.733333333333334
bristol,bristol,0.0,53.46666666666667
bristol,other,0.0,22.266666666666666
bristol,other,0.0,31.433333333333334
bristol,other,0.0,29.1
bristol,bristol,0.0,0.0
bristol,bristol,0.0,34.833333333333336
bristol,bristol,34.35,39.43333333333333
bristol,other,0.0,8.433333333333334
bristol,other,36.93333333333333,50.233333333333334
bristol,bristol,0.0,13.8
bristol,bristol,14.983333333333333,37.0
bristol,bristol,0.0,15.7
bristol,bristol,38.71666666666667,54.86666666666667
bristol,other,0.0,13.233333333333333
bristol,bristol,0.0,33.166666666666664
bristol,bristol,32.766666666666666,19.5
bristol,other,0.0,36.166666666666664
bristol,bristol,21.3,24.0
bristol,bristol,0.0,13.666666666666666
bristol,bristol,0.0,14.733333333333333
bristol,other,0.0,8.566666666666666
bristol,other,0.0,43.93333333333333
bristol,other,0.0,37.63333333333333
bristol,bristol,0.0,44.86666666666667
bristol,other,0.0,8.533333333333333
bristol,bristol,0.0,0.0
bristol,bristol,13.583333333333334,88.66666666666667
bristol,other,0.0,22.5
bristol,other,0.0,19.533333333333335
bristol,other,0.0,22.766666666666666
bristol,bristol,23.766666666666666,19.566666666666666
bristol,bristol,30.433333333333334,26.5
bristol,bristol,0.0,23.433333333333334
bristol,bristol,16.183333333333334,37.5
bristol,bristol,22.683333333333334,38.6
bristol,other,0.0,42.03333333333333
bristol,bristol,55.0,48.06666666666667
bristol,bristol,12.366666666666667,30.7
bristol,bristol,0.0,29.366666666666667
bristol,other,35.31666666666667,30.233333333333334
bristol,bristol,0.0,29.5
bristol,bristol,0.0,16.533333333333335
bristol,other,0.0,29.4
bristol,bristol,36.55,48.5
bristol,other,0.0,13.866666666666667
bristol,other,0.0,23.766666666666666
bristol,bristol,0.0,41.8
bristol,bristol,0.0,82.86666666666666
bristol,bristol,44.5,44.9
bristol,bristol,55.0,54.03333333333333
bristol,bristol,0.0,59.53333333333333
bristol,other,0.0,14.366666666666667
bristol,bristol,0.0,42.166666666666664
bristol,bristol,0.0,20.233333333333334
bristol,other,0.0,20.466666666666665
bristol,bristol,47.63333333333333,40.5
bristol,bristol,0.0,13.166666666666666
bristol,bristol,0.0,21.666666666666668
bristol,bristol,0.0,36.666666666666664
bristol,bristol,0.0,60.266666666666666
bristol,bristol,0.0,13.766666666666667
bristol,other,0.0,30.533333333333335
bristol,bristol,0.0,25.8
bristol,bristol,47.56666666666667,80.53333333333333
bristol,bristol,0.0,91.96666666666667
bristol,bristol,0.0,44.3
bristol,bristol,15.1,30.766666666666666
bristol,bristol,0.0,6.633333333333334
bristol,bristol,0.0,52.666666666666664
bristol,other,0.0,35.13333333333333
bristol,bristol,24.533333333333335,75.7
bristol,other,0.0,10.466666666666667
bristol,bristol,23.733333333333334,71.6
bristol,other,0.0,30.7
bristol,other,0.0,19.9
bristol,other,0.0,25.833333333333332
bristol,other,0.0,25.433333333333334
bristol,other,0.0,20.5
bristol,bristol,0.0,11.5
bristol,bristol,0.0,70.7
bristol,other,0.0,32.766666666666666
bristol,other,0.0,20.233333333333334
bristol,bristol,0.0,75.0
bristol,bristol,0.0,24.4
bristol,other,0.0,21.7
bristol,other,0.0,24.233333333333334
bristol,bristol,0.0,47.5
bristol,other,0.0,16.133333333333333
bristol,other,0.0,40.63333333333333
bristol,other,0.0,38.233333333333334
bristol,other,0.0,44.06666666666667
bristol,other,0.0,32.93333333333333
bristol,bristol,0.0,11.3
bristol,bristol,0.0,17.833333333333332
bristol,other,0.0,29.033333333333335
bristol,bristol,0.0,8.9
bristol,bristol,23.0,93.1
bristol,bristol,0.0,33.6
bristol,bristol,0.0,11.1
bristol,bristol,0.0,8.633333333333333
bristol,other,0.0,11.7
bristol,other,0.0,18.366666666666667
bristol,other,0.0,10.8
bristol,bristol,0.0,22.466666666666665
bristol,bristol,16.05,62.233333333333334
bristol,other,0.0,38.63333333333333
bristol,other,0.0,14.866666666666667
bristol,other,0.0,27.433333333333334
bristol,bristol,0.0,78.36666666666666
bristol,bristol,0.0,14.666666666666666
bristol,bristol,0.0,31.266666666666666
bristol,bristol,0.0,44.56666666666667
bristol,other,0.0,14.6
bristol,bristol,29.15,15.533333333333333
bristol,bristol,36.6,55.1
bristol,bristol,0.0,9.333333333333334
bristol,bristol,0.0,88.13333333333334
bristol,bristol,0.0,87.56666666666666
bristol,bristol,16.333333333333332,88.36666666666666
bristol,other,0.0,21.733333333333334
bristol,bristol,0.0,9.233333333333333
bristol,other,0.0,11.6
bristol,bristol,0.0,88.83333333333333
bristol,other,0.0,22.366666666666667
bristol,other,0.0,20.166666666666668
bristol,other,0.0,16.866666666666667
bristol,bristol,0.0,25.766666666666666
bristol,bristol,0.0,10.433333333333334
bristol,other,0.0,26.466666666666665
bristol,bristol,0.0,10.9
bristol,other,0.0,18.066666666666666
bristol,bristol,0.0,11.566666666666666
bristol,other,0.0,27.533333333333335
bristol,other,0.0,19.166666666666668
bristol,bristol,0.0,33.333333333333336
bristol,bristol,0.0,86.76666666666667
bristol,other,0.0,22.366666666666667
bristol,other,0.0,16.966666666666665
bristol,bristol,0.0,33.333333333333336
bristol,other,0.0,24.033333333333335
bristol,other,0.0,33.333333333333336
bristol,bristol,0.0,82.2
bristol,bristol,0.0,83.53333333333333
bristol,bristol,0.0,79.36666666666666
bristol,bristol,0.0,12.4
bristol,other,0.0,22.133333333333333
bristol,other,0.0,26.633333333333333
bristol,other,0.0,27.0
bristol,bristol,0.0,14.833333333333334
bristol,other,0.0,32.766666666666666
bristol,bristol,0.0,53.43333333333333
bristol,bristol,0.0,27.0
bristol,other,0.0,19.0
bristol,other,0.0,25.2
bristol,other,0.0,31.0
bristol,bristol,0.0,16.5
bristol,bristol,0.0,17.866666666666667
bristol,other,0.0,33.733333333333334
bristol,other,0.0,35.96666666666667
bristol,other,0.0,29.633333333333333
bristol,bristol,0.0,46.03333333333333
bristol,other,0.0,21.4
bristol,other,0.0,27.9
bristol,bristol,0.0,33.266666666666666
bristol,other,0.0,23.8
bristol,bristol,0.0,54.1
bristol,bristol,0.0,86.26666666666667
bristol,other,0.0,41.8
bristol,other,0.0,21.233333333333334
bristol,bristol,0.0,25.066666666666666
bristol,bristol,0.0,79.66666666666667
bristol,other,0.0,30.7
bristol,other,35.3,0.0
bristol,other,0.0,14.466666666666667
bristol,other,24.633333333333333,15.566666666666666
bristol,other,0.0,12.566666666666666
bristol,bristol,0.0,18.0
bristol,other,13.716666666666667,20.5
bristol,other,0.0,30.4
bristol,other,0.0,39.166666666666664
bristol,bristol,0.0,7.933333333333334
bristol,other,0.0,28.0
bristol,bristol,0.0,33.2
bristol,bristol,38.71666666666667,17.9
bristol,other,34.35,28.8
bristol,other,14.35,25.633333333333333
bristol,other,53.38333333333333,21.833333333333332
bristol,other,0.0,28.233333333333334
bristol,bristol,0.0,26.133333333333333
bristol,other,25.55,19.133333333333333
bristol,other,0.0,28.0
bristol,other,35.31666666666667,23.166666666666668
bristol,other,25.55,26.7
bristol,bristol,0.0,18.666666666666668
bristol,bristol,32.775,27.3
bristol,other,0.0,27.633333333333333
bristol,other,0.0,20.333333333333332
bristol,bristol,0.0,12.466666666666667
bristol,bristol,40.34166666666667,38.233333333333334
bristol,bristol,0.0,26.2
bristol,bristol,40.79166666666667,45.266666666666666
bristol,other,0.0,19.033333333333335
bristol,other,0.0,32.13333333333333
bristol,other,29.208333333333336,81.06666666666666
bristol,other,0.0,75.93333333333334
bristol,other,32.61666666666667,28.033333333333335
bristol,other,0.0,26.7
bristol,bristol,36.983333333333334,19.4
bristol,bristol,33.11666666666667,18.566666666666666
bristol,bristol,0.0,14.5
bristol,other,32.99166666666667,38.1
bristol,other,33.11666666666667,18.1
bristol,bristol,0.0,10.933333333333334
bristol,other,0.0,80.06666666666666
bristol,other,0.0,21.2
bristol,other,23.175,29.8
bristol,bristol,29.833333333333336,27.366666666666667
bristol,other,30.1,19.6
bristol,other,26.65,29.866666666666667
bristol,other,0.0,29.133333333333333
bristol,bristol,30.283333333333335,33.03333333333333
bristol,other,23.733333333333334,22.933333333333334
bristol,other,0.0,15.733333333333333
bristol,other,0.0,18.2
bristol,bristol,53.78333333333333,9.766666666666667
bristol,bristol,79.88333333333334,14.466666666666667
bristol,bristol,0.0,21.7
bristol,other,0.0,0.0
bristol,other,0.0,87.13333333333334
bristol,other,0.0,32.2
bristol,other,0.0,40.5
bristol,other,36.13333333333333,27.433333333333334
bristol,other,16.4,61.733333333333334
bristol,other,13.716666666666667,71.1
bristol,other,30.1,77.83333333333333
bristol,other,18.616666666666667,55.0
bristol,bristol,28.7,0.0
bristol,bristol,0.0,15.233333333333333
bristol,other,42.90833333333333,78.8
bristol,other,0.0,69.16666666666667
bristol,bristol,31.925,28.4
bristol,other,21.3,18.0
bristol,bristol,50.6,15.233333333333333
bristol,other,28.7,24.4
bristol,other,0.0,17.2
bristol,other,0.0,11.133333333333333
bristol,other,0.0,16.666666666666668
bristol,bristol,0.0,29.2
bristol,other,21.0,29.6
bristol,other,30.516666666666666,16.6
bristol,other,0.0,29.7
bristol,other,0.0,35.2
bristol,other,23.0,33.36666666666667
bristol,bristol,34.1,10.866666666666667
bristol,other,26.0,35.13333333333333
bristol,other,0.0,30.866666666666667
bristol,other,23.766666666666666,38.766666666666666
bristol,other,28.683333333333334,86.1
bristol,bristol,62.916666666666664,18.766666666666666
bristol,bristol,0.0,34.833333333333336
bristol,bristol,0.0,17.533333333333335
bristol,other,0.0,29.566666666666666
bristol,bristol,0.0,11.8
bristol,other,34.35,60.2
bristol,other,0.0,26.633333333333333
bristol,bristol,0.0,9.933333333333334
bristol,other,0.0,25.1
bristol,other,0.0,21.166666666666668
bristol,bristol,28.6,41.3
bristol,other,27.016666666666666,23.966666666666665
bristol,other,0.0,41.56666666666667
bristol,other,30.433333333333334,40.93333333333333
bristol,bristol,0.0,39.233333333333334
bristol,bristol,12.366666666666667,27.9
bristol,other,23.225,27.266666666666666
bristol,other,0.0,16.533333333333335
bristol,other,33.13333333333333,47.4
bristol,other,55.0,44.06666666666667
bristol,bristol,0.0,24.7
bristol,other,0.0,25.266666666666666
bristol,other,36.36666666666667,19.366666666666667
bristol,other,0.0,28.8
bristol,other,33.13333333333333,51.43333333333333
bristol,other,0.0,49.46666666666667
bristol,bristol,16.05,49.56666666666667
bristol,other,0.0,33.06666666666667
bristol,other,0.0,15.833333333333334
bristol,other,0.0,43.03333333333333
bristol,other,30.816666666666666,37.7
bristol,other,35.333333333333336,49.96666666666667
bristol,other,0.0,15.033333333333333
bristol,other,32.05,32.2
bristol,other,16.85,50.2
bristol,bristol,0.0,31.4
bristol,other,0.0,17.233333333333334
bristol,other,0.0,67.66666666666667
bristol,other,30.816666666666666,75.7
bristol,other,0.0,41.766666666666666
bristol,other,64.95,37.5
bristol,bristol,16.183333333333334,52.13333333333333
bristol,bristol,0.0,11.366666666666667
bristol,other,0.0,31.066666666666666
bristol,bristol,0.0,25.4
bristol,other,40.9,23.933333333333334
bristol,bristol,0.0,43.6
bristol,other,33.833333333333336,82.0
bristol,other,0.0,32.13333333333333
bristol,other,0.0,27.833333333333332
bristol,bristol,0.0,37.4
bristol,bristol,0.0,11.933333333333334
bristol,other,48.333333333333336,48.0
bristol,other,0.0,18.733333333333334
bristol,other,35.333333333333336,55.733333333333334
bristol,other,20.95,29.366666666666667
bristol,other,35.333333333333336,51.766666666666666
bristol,other,30.533333333333335,58.53333333333333
bristol,bristol,54.416666666666664,30.466666666666665
bristol,other,13.6,69.66666666666667
bristol,other,0.0,53.46666666666667
bristol,bristol,35.53333333333333,18.466666666666665
bristol,other,0.0,33.4
bristol,other,0.0,78.63333333333334
bristol,bristol,0.0,0.0
bristol,other,0.0,27.5
bristol,other,7.95,53.56666666666667
bristol,bristol,35.3,40.13333333333333
bristol,bristol,0.0,29.8
bristol,other,0.0,29.333333333333332
bristol,bristol,0.0,12.933333333333334
bristol,bristol,31.916666666666668,8.866666666666667
bristol,other,25.433333333333334,21.633333333333333
bristol,other,0.0,58.666666666666664
bristol,other,30.533333333333335,38.0
bristol,other,16.75,43.2
bristol,other,0.0,20.2
bristol,other,33.833333333333336,25.7
bristol,other,0.0,19.266666666666666
bristol,other,26.0,75.36666666666666
bristol,other,33.13333333333333,58.666666666666664
bristol,other,27.016666666666666,87.66666666666667
bristol,other,0.0,20.166666666666668
bristol,other,0.0,83.13333333333334
bristol,other,21.3,75.23333333333333
bristol,other,17.866666666666667,52.63333333333333
bristol,bristol,0.0,41.8
bristol,other,23.766666666666666,59.1
bristol,other,0.0,18.433333333333334
bristol,bristol,0.0,0.0
bristol,other,0.0,26.333333333333332
bristol,bristol,0.0,31.6
bristol,other,0.0,11.333333333333334
bristol,other,0.0,35.93333333333333
bristol,other,0.0,18.133333333333333
bristol,other,0.0,11.533333333333333
bristol,other,58.766666666666666,59.666666666666664
bristol,other,0.0,20.1
bristol,other,0.0,25.666666666666668
bristol,bristol,0.0,11.666666666666666
bristol,other,0.0,28.0
bristol,other,0.0,8.1
bristol,other,0.0,20.1
bristol,bristol,25.566666666666666,29.566666666666666
bristol,other,23.733333333333334,13.133333333333333
bristol,other,0.0,84.73333333333333
bristol,other,32.61666666666667,22.933333333333334
bristol,other,0.0,26.466666666666665
bristol,bristol,16.083333333333332,0.0
bristol,other,0.0,76.93333333333334
bristol,other,33.53333333333333,17.933333333333334
bristol,other,0.0,27.766666666666666
bristol,other,0.0,18.7
bristol,bristol,0.0,41.3
bristol,other,0.0,21.266666666666666
bristol,bristol,33.083333333333336,16.366666666666667
bristol,bristol,15.283333333333333,17.4
bristol,bristol,79.88333333333334,0.0
bristol,other,0.0,0.0
bristol,bristol,28.233333333333334,20.566666666666666
bristol,other,0.0,23.1
bristol,other,0.0,25.366666666666667
bristol,other,0.0,11.0
bristol,other,0.0,18.7
bristol,bristol,36.28333333333333,32.333333333333336
bristol,bristol,0.0,12.533333333333333
bristol,other,25.866666666666667,15.533333333333333
bristol,other,17.5,14.9
bristol,other,0.0,41.333333333333336
bristol,bristol,0.0,23.466666666666665
bristol,other,0.0,12.2
bristol,other,15.283333333333333,8.666666666666666
bristol,other,0.0,15.6
bristol,bristol,0.0,21.433333333333334
bristol,other,29.15,13.733333333333333
bristol,bristol,0.0,6.566666666666666
bristol,other,0.0,21.4
bristol,other,0.0,20.2
bristol,bristol,0.0,17.466666666666665
bristol,other,0.0,19.9
bristol,other,13.583333333333334,13.7
bristol,other,0.0,35.333333333333336
bristol,bristol,0.0,18.266666666666666
bristol,other,0.0,44.8
bristol,other,0.0,25.466666666666665
bristol,other,0.0,91.96666666666667
bristol,other,16.4,66.76666666666667
bristol,other,32.61666666666667,86.1
bristol,other,0.0,28.066666666666666
bristol,bristol,23.733333333333334,29.1
bristol,bristol,0.0,21.833333333333332
bristol,other,0.0,45.233333333333334
bristol,other,0.0,21.4
bristol,other,19.433333333333334,70.06666666666666
bristol,other,25.55,15.2
bristol,bristol,14.983333333333333,0.0
bristol,other,0.0,34.86666666666667
bristol,other,0.0,15.466666666666667
bristol,other,24.633333333333333,85.8
bristol,other,33.1,53.96666666666667
bristol,other,25.55,22.3
bristol,other,29.15,75.76666666666667
bristol,other,19.433333333333334,20.266666666666666
bristol,other,0.0,13.666666666666666
bristol,bristol,0.0,29.1
bristol,other,22.683333333333334,47.5
bristol,other,0.0,16.533333333333335
bristol,other,0.0,30.7
bristol,other,47.63333333333333,30.266666666666666
bristol,other,21.3,41.8
bristol,other,16.333333333333332,25.266666666666666
bristol,other,55.0,44.3
bristol,bristol,0.0,16.833333333333332
bristol,bristol,0.0,35.4
bristol,other,0.0,41.13333333333333
bristol,other,0.0,9.166666666666666
bristol,other,0.0,34.833333333333336
bristol,bristol,0.0,50.233333333333334
bristol,other,0.0,37.0
bristol,other,0.0,36.666666666666664
bristol,other,47.56666666666667,31.533333333333335
bristol,other,0.0,30.766666666666666
bristol,bristol,0.0,37.63333333333333
bristol,other,0.0,33.166666666666664
bristol,bristol,0.0,36.166666666666664
bristol,other,0.0,0.0
bristol,other,0.0,22.5
bristol,bristol,0.0,15.066666666666666
bristol,other,0.0,38.6
bristol,other,27.016666666666666,29.5
bristol,other,14.35,39.43333333333333
bristol,other,0.0,72.96666666666667
bristol,other,0.0,12.233333333333333
bristol,other,18.616666666666667,54.86666666666667
bristol,other,13.716666666666667,71.6
bristol,other,25.55,88.13333333333334
bristol,other,26.0,14.733333333333333
bristol,other,35.31666666666667,35.766666666666666
bristol,bristol,36.6,43.93333333333333
bristol,bristol,0.0,44.86666666666667
bristol,other,0.0,23.933333333333334
bristol,other,34.35,54.03333333333333
bristol,bristol,0.0,15.133333333333333
bristol,bristol,12.366666666666667,25.066666666666666
bristol,other,21.3,52.666666666666664
bristol,other,31.45,26.5
bristol,bristol,0.0,17.733333333333334
bristol,other,13.716666666666667,30.933333333333334
bristol,other,21.3,69.53333333333333
bristol,bristol,0.0,22.266666666666666
bristol,other,30.1,82.86666666666666
bristol,other,27.016666666666666,88.36666666666666
bristol,other,0.0,15.7
bristol,other,0.0,44.9
bristol,other,0.0,14.133333333333333
bristol,other,0.0,24.0
bristol,other,0.0,22.866666666666667
bristol,other,0.0,0.0
bristol,other,13.716666666666667,42.2
bristol,bristol,36.93333333333333,28.533333333333335
bristol,other,0.0,30.233333333333334
bristol,bristol,0.0,8.433333333333334
bristol,other,0.0,22.2
bristol,bristol,0.0,41.7
bristol,bristol,0.0,13.166666666666666
bristol,bristol,12.366666666666667,13.8
bristol,bristol,0.0,22.766666666666666
bristol,other,23.766666666666666,55.1
bristol,other,0.0,6.633333333333334
bristol,bristol,0.0,42.03333333333333
bristol,bristol,0.0,32.766666666666666
bristol,other,34.35,48.06666666666667
bristol,other,0.0,70.7
bristol,other,0.0,29.366666666666667
bristol,other,30.433333333333334,62.233333333333334
bristol,other,44.5,48.5
bristol,other,35.31666666666667,80.53333333333333
bristol,other,0.0,19.5
bristol,other,26.0,93.1
bristol,other,0.0,60.266666666666666
bristol,other,0.0,59.53333333333333
bristol,other,0.0,85.53333333333333
bristol,other,0.0,78.36666666666666
bristol,other,0.0,0.0
bristol,other,0.0,8.566666666666666
bristol,other,0.0,15.266666666666667
bristol,other,0.0,24.033333333333335
bristol,other,0.0,22.333333333333332
bristol,bristol,0.0,25.433333333333334
bristol,bristol,0.0,20.466666666666665
bristol,other,0.0,14.666666666666666
bristol,bristol,0.0,25.833333333333332
bristol,other,0.0,11.1
bristol,other,0.0,81.36666666666666
bristol,other,0.0,87.06666666666666
bristol,other,0.0,25.066666666666666
bristol,other,0.0,25.8
bristol,bristol,0.0,31.433333333333334
bristol,other,0.0,42.166666666666664
bristol,bristol,0.0,38.233333333333334
bristol,other,0.0,16.166666666666668
bristol,bristol,0.0,44.13333333333333
bristol,bristol,0.0,40.63333333333333
bristol,other,0.0,26.466666666666665
bristol,other,0.0,24.233333333333334
bristol,other,0.0,30.7
bristol,other,0.0,25.233333333333334
bristol,other,0.0,37.6
bristol,other,0.0,49.0
bristol,other,0.0,22.0
bristol,other,0.0,75.0
bristol,bristol,0.0,30.533333333333335
bristol,other,0.0,44.56666666666667
bristol,other,0.0,28.8
bristol,other,0.0,17.333333333333332
bristol,bristol,0.0,13.866666666666667
bristol,other,0.0,13.766666666666667
bristol,bristol,0.0,23.766666666666666
bristol,other,0.0,40.43333333333333
bristol,other,0.0,19.566666666666666
bristol,other,0.0,13.8
bristol,bristol,0.0,8.533333333333333
bristol,other,0.0,29.033333333333335
bristol,bristol,0.0,14.466666666666667
bristol,bristol,0.0,35.13333333333333
bristol,other,0.0,23.433333333333334
bristol,other,0.0,20.233333333333334
bristol,other,0.0,13.8
bristol,other,25.15,12.433333333333334
bristol,bristol,0.0,19.533333333333335
bristol,other,0.0,8.833333333333334
bristol,other,0.0,7.2
bristol,other,0.0,12.166666666666666
bristol,bristol,0.0,14.366666666666667
bristol,other,0.0,34.56666666666667
bristol,bristol,0.0,32.93333333333333
bristol,other,0.0,87.56666666666666
bristol,other,0.0,25.2
bristol,other,0.0,13.166666666666666
bristol,other,0.0,10.9
bristol,other,0.0,18.3
bristol,other,0.0,15.2
bristol,other,0.0,13.266666666666667
bristol,other,0.0,20.1
bristol,other,0.0,11.233333333333333
bristol,bristol,0.0,21.733333333333334
bristol,bristol,0.0,18.066666666666666
bristol,other,0.0,24.866666666666667
bristol,other,0.0,10.433333333333334
bristol,other,0.0,14.6
bristol,bristol,0.0,18.366666666666667
bristol,bristol,0.0,11.7
bristol,other,0.0,8.633333333333333
bristol,other,0.0,21.666666666666668
bristol,other,0.0,10.4
bristol,other,0.0,87.96666666666667
bristol,bristol,0.0,27.533333333333335
bristol,bristol,0.0,20.5
bristol,other,0.0,33.333333333333336
bristol,other,0.0,19.166666666666668
bristol,other,0.0,25.766666666666666
bristol,bristol,0.0,29.4
bristol,other,0.0,30.7
bristol,other,0.0,11.033333333333333
bristol,other,0.0,34.233333333333334
bristol,other,0.0,11.3
bristol,other,0.0,80.23333333333333
bristol,other,0.0,17.9
bristol,bristol,0.0,26.766666666666666
bristol,other,0.0,7.0
bristol,bristol,0.0,41.8
bristol,other,0.0,38.63333333333333
bristol,bristol,0.0,49.5
bristol,bristol,0.0,24.033333333333335
bristol,other,0.0,27.0
bristol,bristol,0.0,33.333333333333336
bristol,bristol,0.0,20.166666666666668
bristol,bristol,0.0,19.9
bristol,bristol,0.0,24.0
bristol,other,0.0,37.266666666666666
bristol,other,0.0,53.43333333333333
bristol,other,0.0,32.766666666666666
bristol,other,0.0,16.2
bristol,other,0.0,82.2
bristol,other,0.0,0.0
bristol,other,0.0,19.0
bristol,other,0.0,20.2
bristol,other,0.0,27.166666666666668
bristol,other,0.0,22.133333333333333
bristol,other,0.0,16.233333333333334
bristol,other,0.0,12.866666666666667
bristol,bristol,0.0,27.433333333333334
bristol,other,0.0,14.866666666666667
bristol,other,0.0,12.4
bristol,other,0.0,71.9
bristol,other,0.0,10.066666666666666
bristol,bristol,0.0,27.9
bristol,other,0.0,0.0
bristol,other,0.0,19.0
bristol,other,0.0,38.46666666666667
bristol,other,0.0,35.333333333333336
bristol,other,0.0,86.26666666666667
bristol,other,0.0,32.13333333333333
bristol,other,0.0,19.4
bristol,other,0.0,10.533333333333333
bristol,other,0.0,31.266666666666666
bristol,bristol,0.0,40.9
bristol,bristol,0.0,33.733333333333334
bristol,bristol,0.0,21.4
bristol,bristol,0.0,21.233333333333334
bristol,other,0.0,77.4
bristol,other,0.0,35.96666666666667
bristol,other,0.0,15.0
bristol,bristol,0.0,30.7
bristol,other,0.0,79.36666666666666
bristol,other,0.0,70.73333333333333
bristol,other,0.0,24.233333333333334
bristol,other,0.0,29.566666666666666
bristol,other,0.0,45.233333333333334
bristol,other,0.0,17.933333333333334
bristol,other,0.0,21.833333333333332
bristol,other,0.0,14.466666666666667
bristol,other,0.0,21.7
bristol,weston-super-mare,0.0,45.266666666666666
bristol,weston-super-mare,0.0,33.03333333333333
bristol,other,0.0,19.6
bristol,other,0.0,28.0
bristol,other,0.0,30.4
bristol,other,0.0,12.566666666666666
bristol,other,0.0,87.13333333333334
bristol,other,0.0,81.06666666666666
bristol,other,0.0,28.233333333333334
bristol,other,0.0,18.0
bristol,other,0.0,7.933333333333334
bristol,other,0.0,10.933333333333334
bristol,other,0.0,15.733333333333333
bristol,other,0.0,32.2
bristol,bristol,0.0,26.133333333333333
bristol,other,0.0,19.133333333333333
bristol,other,0.0,32.13333333333333
bristol,other,15.1,19.033333333333335
bristol,other,0.0,71.1
bristol,weston-super-mare,0.0,19.4
bristol,other,0.0,28.8
bristol,other,0.0,0.0
bristol,bristol,0.0,15.233333333333333
bristol,other,0.0,26.2
bristol,other,0.0,26.633333333333333
bristol,other,0.0,21.2
bristol,bristol,0.0,23.166666666666668
bristol,other,0.0,30.866666666666667
bristol,other,0.0,60.2
bristol,bristol,0.0,29.2
bristol,other,0.0,16.666666666666668
bristol,other,0.0,69.16666666666667
bristol,other,0.0,17.533333333333335
bristol,weston-super-mare,0.0,41.3
bristol,weston-super-mare,0.0,28.4
bristol,other,0.0,16.6
bristol,other,0.0,29.7
bristol,other,0.0,25.1
bristol,other,0.0,87.66666666666667
bristol,other,0.0,26.333333333333332
bristol,other,0.0,59.1
bristol,other,0.0,24.4
bristol,other,0.0,15.233333333333333
bristol,other,0.0,75.23333333333333
bristol,other,0.0,34.833333333333336
bristol,other,0.0,49.56666666666667
bristol,other,0.0,39.233333333333334
bristol,other,0.0,83.13333333333334
bristol,other,0.0,18.733333333333334
bristol,weston-super-mare,0.0,27.9
bristol,other,0.0,29.6
bristol,other,0.0,41.56666666666667
bristol,bristol,14.15,35.13333333333333
bristol,other,0.0,51.43333333333333
bristol,other,0.0,75.36666666666666
bristol,other,0.0,11.133333333333333
bristol,bristol,0.0,24.7
bristol,weston-super-mare,0.0,11.8
bristol,other,0.0,18.766666666666666
bristol,other,0.0,29.333333333333332
bristol,other,0.0,19.366666666666667
bristol,other,26.65,19.9
bristol,other,0.0,0.0
bristol,bristol,45.75,21.633333333333333
bristol,bristol,0.0,30.666666666666668
bristol,other,0.0,21.166666666666668
bristol,other,0.0,18.433333333333334
bristol,other,0.0,33.06666666666667
bristol,other,0.0,78.63333333333334
bristol,other,0.0,20.333333333333332
bristol,other,0.0,25.4
bristol,other,0.0,40.13333333333333
bristol,weston-super-mare,0.0,18.466666666666665
bristol,other,0.0,21.833333333333332
bristol,other,0.0,20.166666666666668
bristol,other,0.0,8.433333333333334
bristol,other,0.0,22.933333333333334
bristol,other,0.0,15.833333333333334
bristol,other,0.0,29.8
bristol,weston-super-mare,0.0,27.366666666666667
bristol,other,16.75,31.066666666666666
bristol,other,0.0,20.2
bristol,bristol,0.0,49.266666666666666
bristol,other,0.0,41.266666666666666
bristol,bristol,0.0,33.2
bristol,bristol,25.2,25.7
bristol,other,0.0,29.366666666666667
bristol,bristol,0.0,12.933333333333334
bristol,other,0.0,41.8
bristol,other,0.0,0.0
bristol,other,0.0,17.9
bristol,other,0.0,18.1
bristol,other,0.0,43.6
bristol,weston-super-mare,0.0,8.866666666666667
bristol,other,0.0,39.166666666666664
bristol,other,0.0,18.133333333333333
bristol,other,0.0,49.96666666666667
bristol,bristol,0.0,29.8
bristol,other,75.21666666666667,12.466666666666667
bristol,other,31.9,23.433333333333334
bristol,other,0.0,14.5
bristol,other,0.0,35.93333333333333
bristol,bristol,23.562500000000004,37.7
bristol,other,0.0,16.533333333333335
bristol,other,0.0,41.333333333333336
bristol,bristol,0.0,23.966666666666665
bristol,other,0.0,26.7
bristol,other,64.95,75.7
bristol,weston-super-mare,0.0,27.3
bristol,other,0.0,29.133333333333333
bristol,other,0.0,53.46666666666667
bristol,other,0.0,25.633333333333333
bristol,other,0.0,17.233333333333334
bristol,bristol,0.0,28.033333333333335
bristol,other,0.0,27.633333333333333
bristol,other,0.0,29.866666666666667
bristol,bristol,38.71666666666667,26.7
bristol,other,0.0,11.0
bristol,bristol,0.0,27.266666666666666
bristol,other,0.0,11.366666666666667
bristol,other,38.78333333333333,8.1
bristol,bristol,0.0,23.233333333333334
bristol,other,0.0,75.76666666666667
bristol,other,0.0,12.2
bristol,other,0.0,13.733333333333333
bristol,other,0.0,21.4
bristol,weston-super-mare,0.0,43.5
bristol,other,0.0,18.0
bristol,other,0.0,84.73333333333333
bristol,other,0.0,10.866666666666667
bristol,other,0.0,59.666666666666664
bristol,other,0.0,15.533333333333333
bristol,other,0.0,15.6
bristol,other,0.0,85.8
bristol,bristol,0.0,10.366666666666667
bristol,other,0.0,6.566666666666666
bristol,bristol,0.0,0.0
bristol,weston-super-mare,0.0,21.5
bristol,weston-super-mare,0.0,33.53333333333333
bristol,other,0.0,34.86666666666667
bristol,other,0.0,17.2
bristol,other,0.0,25.266666666666666
bristol,other,0.0,28.0
bristol,bristol,0.0,32.46666666666667
bristol,other,59.333333333333336,18.666666666666668
bristol,other,0.0,14.9
bristol,bristol,0.0,12.433333333333334
bristol,other,0.0,20.1
bristol,other,0.0,17.4
bristol,other,0.0,37.53333333333333
bristol,other,0.0,76.93333333333334
bristol,other,0.0,61.733333333333334
bristol,other,0.0,35.2
bristol,bristol,0.0,41.3
bristol,other,0.0,16.366666666666667
bristol,other,0.0,0.0
bristol,weston-super-mare,0.0,33.63333333333333
bristol,other,0.0,23.1
bristol,other,0.0,28.8
bristol,other,0.0,53.96666666666667
bristol,other,0.0,15.466666666666667
bristol,other,0.0,55.0
bristol,other,0.0,86.1
bristol,other,0.0,18.7
bristol,bristol,0.0,16.266666666666666
bristol,other,0.0,27.766666666666666
bristol,other,0.0,13.966666666666667
bristol,other,0.0,82.86666666666666
bristol,other,0.0,23.466666666666665
bristol,other,0.0,13.1
bristol,other,0.0,66.76666666666667
bristol,bristol,0.0,17.466666666666665
bristol,other,17.866666666666667,40.46666666666667
bristol,other,0.0,32.333333333333336
bristol,other,0.0,27.5
bristol,other,0.0,30.933333333333334
bristol,other,0.0,86.1
bristol,weston-super-mare,0.0,36.8
bristol,other,27.666666666666668,15.033333333333333
bristol,other,0.0,44.8
bristol,other,0.0,58.666666666666664
bristol,other,0.0,13.133333333333333
bristol,other,0.0,22.3
bristol,other,0.0,31.6
bristol,other,0.0,80.06666666666666
bristol,other,0.0,12.166666666666666
bristol,other,0.0,27.833333333333332
bristol,bristol,38.71666666666667,15.2
bristol,other,0.0,22.866666666666667
bristol,bristol,0.0,42.2
bristol,other,0.0,32.13333333333333
bristol,other,0.0,71.6
bristol,other,0.0,42.03333333333333
bristol,bristol,0.0,13.166666666666666
bristol,other,0.0,23.933333333333334
bristol,other,0.0,41.03333333333333
bristol,other,0.0,30.266666666666666
bristol,other,0.0,11.933333333333334
bristol,other,0.0,37.63333333333333
bristol,other,0.0,33.4
bristol,bristol,0.0,35.766666666666666
bristol,other,44.5,41.13333333333333
bristol,other,7.95,84.66666666666667
bristol,weston-super-mare,0.0,28.533333333333335
bristol,other,0.0,49.46666666666667
bristol,other,0.0,39.43333333333333
bristol,other,57.4,78.8
bristol,other,0.0,50.233333333333334
bristol,bristol,0.0,54.03333333333333
bristol,other,0.0,14.133333333333333
bristol,other,0.0,41.7
bristol,other,0.0,30.233333333333334
bristol,bristol,0.0,38.1
bristol,other,0.0,28.066666666666666
bristol,bristol,0.0,15.566666666666666
bristol,other,0.0,77.83333333333333
bristol,other,0.0,44.9
bristol,other,0.0,40.93333333333333
bristol,other,0.0,80.53333333333333
bristol,other,0.0,60.266666666666666
bristol,other,0.0,59.53333333333333
bristol,other,0.0,37.4
bristol,other,0.0,43.93333333333333
bristol,weston-super-mare,0.0,22.266666666666666
bristol,other,0.0,8.666666666666666
bristol,weston-super-mare,0.0,13.8
bristol,weston-super-mare,0.0,23.7
bristol,other,0.0,40.5
bristol,bristol,0.0,58.666666666666664
bristol,other,0.0,8.4
bristol,bristol,0.0,31.4
bristol,bristol,0.0,17.733333333333334
bristol,other,22.683333333333334,34.833333333333336
bristol,other,0.0,35.333333333333336
bristol,other,0.0,69.53333333333333
bristol,other,0.0,25.266666666666666
bristol,other,0.0,44.06666666666667
bristol,other,0.0,11.333333333333334
bristol,bristol,0.0,52.666666666666664
bristol,other,0.0,48.0
bristol,other,0.0,88.36666666666666
bristol,weston-super-mare,0.0,0.0
bristol,other,16.85,43.03333333333333
bristol,other,0.0,0.0
bristol,other,0.0,9.166666666666666
bristol,other,0.0,15.133333333333333
bristol,bristol,0.0,21.433333333333334
bristol,other,0.0,8.433333333333334
bristol,other,0.0,13.7
bristol,other,0.0,15.066666666666666
bristol,other,0.0,21.266666666666666
bristol,other,0.0,20.266666666666666
bristol,other,0.0,55.1
bristol,other,0.0,0.0
bristol,other,0.0,41.766666666666666
bristol,other,0.0,13.666666666666666
bristol,other,0.0,53.56666666666667
bristol,other,0.0,16.533333333333335
bristol,other,0.0,29.366666666666667
bristol,bristol,0.0,26.5
bristol,other,0.0,15.7
bristol,other,0.0,25.466666666666665
bristol,other,0.0,8.566666666666666
bristol,other,0.0,50.2
bristol,other,0.0,21.833333333333332
bristol,other,0.0,25.366666666666667
bristol,other,0.0,22.9
bristol,weston-super-mare,0.0,0.0
bristol,bristol,0.0,19.533333333333335
bristol,other,0.0,23.433333333333334
bristol,other,0.0,13.866666666666667
bristol,other,0.0,0.0
bristol,other,0.0,18.7
bristol,other,0.0,75.0
bristol,bristol,0.0,22.933333333333334
bristol,other,0.0,73.66666666666667
bristol,other,0.0,0.0
bristol,other,0.0,20.466666666666665
bristol,other,0.0,0.0
bristol,weston-super-mare,0.0,30.533333333333335
bristol,other,0.0,67.66666666666667
bristol,other,0.0,14.466666666666667
bristol,other,0.0,42.166666666666664
bristol,other,0.0,22.0
bristol,other,0.0,82.0
bristol,other,0.0,25.066666666666666
bristol,bristol,0.0,20.233333333333334
bristol,other,0.0,8.533333333333333
bristol,other,0.0,92.5
bristol,other,0.0,19.566666666666666
bristol,other,0.0,51.766666666666666
bristol,other,0.0,87.06666666666666
bristol,other,0.0,31.433333333333334
bristol,other,0.0,21.4
bristol,other,0.0,17.633333333333333
bristol,other,0.0,71.9
bristol,other,0.0,43.2
bristol,other,0.0,69.66666666666667
bristol,weston-super-mare,0.0,49.2
bristol,bristol,0.0,11.5
bristol,other,0.0,10.066666666666666
bristol,other,0.0,20.833333333333332
bristol,bristol,0.0,33.6
bristol,other,0.0,37.6
bristol,bristol,0.0,16.5
bristol,other,0.0,11.533333333333333
bristol,other,0.0,79.3
bristol,other,0.0,101.03333333333333
bristol,other,0.0,52.13333333333333
bristol,other,0.0,58.53333333333333
bristol,other,0.0,35.53333333333333
bristol,other,0.0,26.466666666666665
bristol,other,0.0,6.633333333333334
bristol,weston-super-mare,0.0,30.466666666666665
bristol,bristol,0.0,40.63333333333333
bristol,other,0.0,29.1
bristol,bristol,0.0,14.733333333333333
bristol,other,0.0,20.566666666666666
bristol,other,0.0,49.63333333333333
bristol,other,15.1,24.0
bristol,other,0.0,28.0
bristol,weston-super-mare,0.0,25.066666666666666
bristol,other,0.0,11.3
bristol,other,0.0,22.5
bristol,other,0.0,20.766666666666666
bristol,other,0.0,16.833333333333332
bristol,other,0.0,38.6
bristol,other,0.0,47.5
bristol,other,0.0,30.766666666666666
bristol,other,0.0,19.5
bristol,other,0.0,91.96666666666667
bristol,other,0.0,17.833333333333332
bristol,weston-super-mare,0.0,32.93333333333333
bristol,other,0.0,22.766666666666666
bristol,weston-super-mare,0.0,53.4
bristol,bristol,0.0,8.9
bristol,bristol,36.6,29.5
bristol,other,0.0,26.466666666666665
bristol,other,0.0,18.566666666666666
bristol,other,0.0,37.0
bristol,other,0.0,7.2
bristol,other,0.0,35.4
bristol,bristol,0.0,22.466666666666665
bristol,other,0.0,33.333333333333336
bristol,other,0.0,25.233333333333334
bristol,other,0.0,86.76666666666667
bristol,other,0.0,23.766666666666666
bristol,bristol,0.0,29.4
bristol,other,0.0,30.7
bristol,other,0.0,48.5
bristol,other,0.0,16.233333333333334
bristol,other,0.0,83.53333333333333
bristol,other,0.0,88.66666666666667
bristol,other,0.0,10.8
bristol,other,0.0,12.233333333333333
bristol,other,0.0,0.0
bristol,other,0.0,14.866666666666667
bristol,weston-super-mare,0.0,21.733333333333334
bristol,bristol,0.0,19.266666666666666
bristol,other,0.0,14.366666666666667
bristol,other,0.0,13.8
bristol,other,0.0,13.166666666666666
bristol,other,0.0,35.333333333333336
bristol,other,0.0,8.633333333333333
bristol,other,0.0,29.033333333333335
bristol,other,0.0,54.86666666666667
bristol,other,0.0,24.866666666666667
bristol,other,0.0,12.866666666666667
bristol,other,0.0,41.8
bristol,other,0.0,17.333333333333332
bristol,other,0.0,25.966666666666665
bristol,bristol,0.0,9.666666666666666
bristol,bristol,0.0,19.9
bristol,other,0.0,79.36666666666666
bristol,other,0.0,82.2
bristol,other,0.0,12.133333333333333
bristol,other,0.0,27.533333333333335
bristol,other,0.0,88.13333333333334
bristol,weston-super-mare,0.0,33.333333333333336
bristol,other,0.0,22.366666666666667
bristol,other,0.0,25.766666666666666
bristol,other,0.0,34.63333333333333
bristol,other,0.0,20.233333333333334
bristol,other,0.0,44.3
bristol,other,0.0,27.0
bristol,bristol,0.0,32.766666666666666
bristol,weston-super-mare,0.0,50.333333333333336
bristol,other,0.0,36.666666666666664
bristol,other,0.0,10.9
bristol,other,0.0,8.033333333333333
bristol,other,0.0,21.666666666666668
bristol,other,0.0,35.96666666666667
bristol,other,0.0,70.7
bristol,other,0.0,85.53333333333333
bristol,other,0.0,25.8
bristol,other,0.0,70.06666666666666
bristol,other,0.0,94.63333333333334
bristol,other,0.0,16.133333333333333
bristol,other,0.0,24.833333333333332
bristol,bristol,0.0,32.0
bristol,bristol,0.0,38.233333333333334
bristol,other,0.0,24.033333333333335
bristol,other,0.0,73.63333333333334
bristol,weston-super-mare,0.0,38.86666666666667
bristol,other,0.0,30.7
bristol,other,0.0,12.4
bristol,weston-super-mare,0.0,16.866666666666667
bristol,other,0.0,62.233333333333334
bristol,other,0.0,10.466666666666667
bristol,other,0.0,11.1
bristol,weston-super-mare,0.0,38.86666666666667
bristol,other,0.0,30.7
bristol,other,0.0,34.233333333333334
bristol,other,0.0,11.7
bristol,other,0.0,90.16666666666667
bristol,bristol,0.0,17.2
bristol,other,0.0,49.0
bristol,other,0.0,18.3
bristol,bristol,0.0,32.36666666666667
bristol,other,0.0,97.43333333333334
bristol,bristol,0.0,11.4
bristol,weston-super-mare,0.0,44.06666666666667
bristol,other,0.0,63.56666666666667
bristol,other,0.0,80.23333333333333
bristol,other,0.0,19.0
bristol,other,0.0,14.666666666666666
bristol,other,0.0,33.333333333333336
bristol,other,0.0,32.13333333333333
bristol,other,0.0,78.36666666666666
bristol,other,0.0,27.0
bristol,weston-super-mare,0.0,52.733333333333334
bristol,other,0.0,92.06666666666666
bristol,other,0.0,93.1
bristol,weston-super-mare,0.0,41.5
bristol,bristol,0.0,31.333333333333332
bristol,other,0.0,23.533333333333335
bristol,other,0.0,22.5
bristol,other,0.0,56.93333333333333
bristol,other,0.0,67.43333333333334
bristol,other,0.0,11.3
bristol,other,0.0,14.6
bristol,other,0.0,19.0
bristol,other,0.0,27.9
bristol,other,0.0,0.0
bristol,other,0.0,86.26666666666667
bristol,other,0.0,26.466666666666665
bristol,other,0.0,16.166666666666668
bristol,other,0.0,26.633333333333333
bristol,other,0.0,19.166666666666668
bristol,other,0.0,21.233333333333334
bristol,other,0.0,71.46666666666667
bristol,bristol,0.0,33.733333333333334
bristol,other,0.0,18.233333333333334
bristol,other,0.0,81.36666666666666
bristol,other,0.0,88.83333333333333
bristol,other,0.0,15.2
bristol,other,0.0,22.366666666666667
bristol,other,0.0,18.066666666666666
bristol,other,0.0,31.266666666666666
bristol,other,0.0,17.866666666666667
bristol,other,0.0,20.2
bristol,other,0.0,14.233333333333333
bristol,other,0.0,10.7
bristol,other,0.0,87.96666666666667
bristol,other,0.0,11.833333333333334
bristol,other,0.0,10.4
bristol,bristol,0.0,33.233333333333334
bristol,other,0.0,99.76666666666667
bristol,other,0.0,11.566666666666666
bristol,other,0.0,10.533333333333333
bristol,bristol,0.0,23.366666666666667
bristol,other,0.0,37.266666666666666
bristol,other,0.0,72.73333333333333
bristol,other,0.0,87.56666666666666
bristol,bristol,0.0,40.9
bristol,other,0.0,11.6
bristol,other,0.0,27.166666666666668
bristol,other,0.0,16.2
bristol,bristol,0.0,0.0
bristol,other,0.0,11.033333333333333
bristol,other,0.0,15.0
bristol,other,0.0,22.033333333333335
bristol,other,0.0,38.46666666666667
bristol,other,0.0,60.733333333333334
bristol,other,0.0,63.233333333333334
bristol,other,0.0,22.133333333333333
bristol,other,0.0,53.43333333333333
bristol,other,0.0,25.066666666666666
bristol,other,0.0,77.4
bristol,other,0.0,75.93333333333334
bristol,other,0.0,19.0
bristol,other,0.0,0.0
bristol,weston-super-mare,0.0,31.0
bristol,other,0.0,74.13333333333334
bristol,other,0.0,63.53333333333333
bristol,other,0.0,79.13333333333334
bristol,weston-super-mare,0.0,46.03333333333333
bristol,weston-super-mare,0.0,11.6
bristol,other,0.0,21.4
bristol,other,0.0,93.46666666666667
bristol,other,0.0,90.23333333333333
bristol,bristol,19.475,30.533333333333335
bristol,bristol,30.19166666666667,50.333333333333336
bristol,bristol,26.883333333333333,74.13333333333334
bristol,other,59.516666666666666,14.466666666666667
bristol,bristol,23.641666666666666,18.3
bristol,bristol,30.7,63.56666666666667
bristol,bristol,29.224999999999998,11.6
bristol,bristol,45.1,16.866666666666667
bristol,bristol,33.38333333333333,29.633333333333333
bristol,other,68.38333333333334,25.833333333333332
bristol,bristol,29.816666666666666,52.733333333333334
bristol,bristol,50.325,19.0
bristol,other,71.38333333333334,16.133333333333333
bristol,bristol,39.733333333333334,33.333333333333336
bristol,bristol,19.683333333333334,72.73333333333333
bristol,bristol,22.40833333333333,16.166666666666668
bristol,bristol,38.13333333333333,67.43333333333334
bristol,bristol,23.608333333333334,49.2
bristol,other,56.11666666666667,0.0
bristol,other,39.983333333333334,81.36666666666666
bristol,other,66.78333333333333,87.96666666666667
bristol,other,83.66666666666667,71.9
bristol,bristol,24.616666666666667,15.266666666666667
bristol,bristol,37.95,38.86666666666667
bristol,bristol,29.641666666666666,71.46666666666667
bristol,other,71.1,87.06666666666666
bristol,bristol,50.43333333333334,54.1
bristol,other,72.08333333333333,19.166666666666668
bristol,other,35.95,19.0
bristol,other,19.45,16.166666666666668
bristol,other,29.96666666666667,97.43333333333334
bristol,other,75.21666666666667,0.0
bristol,other,30.533333333333335,32.36666666666667
bristol,bristol,23.0,0.0
bristol,bristol,25.53333333333333,86.76666666666667
bristol,other,42.483333333333334,24.033333333333335
bristol,other,35.166666666666664,94.63333333333334
bristol,other,83.66666666666667,16.2
bristol,other,59.333333333333336,0.0
bristol,bristol,34.475,11.6
bristol,other,38.775000000000006,0.0
bristol,other,27.233333333333334,11.5
bristol,other,20.533333333333335,15.266666666666667
bristol,other,21.71666666666667,8.9
bristol,other,37.34166666666667,92.06666666666666
bristol,bristol,40.975,93.46666666666667
bristol,bristol,39.7,11.3
bristol,other,79.96666666666667,22.333333333333332
bristol,other,33.1,19.166666666666668
bristol,other,82.96666666666667,11.233333333333333
bristol,other,71.1,8.833333333333334
bristol,other,23.925,19.266666666666666
bristol,bristol,22.458333333333332,94.63333333333334
bristol,other,18.90833333333333,33.233333333333334
bristol,bristol,41.44166666666666,37.266666666666666
bristol,other,68.38333333333334,0.0
bristol,bristol,0.0,0.0
bristol,bristol,22.0,0.0
bristol,bristol,36.93333333333333,0.0
bristol,bristol,17.833333333333332,0.0
bristol,bristol,12.366666666666667,0.0
bristol,bristol,35.53333333333333,0.0
bristol,bristol,48.233333333333334,0.0
bristol,bristol,23.016666666666666,0.0
bristol,bristol,54.416666666666664,0.0
bristol,bristol,16.083333333333332,0.0
bristol,bristol,31.916666666666668,0.0
bristol,bristol,17.316666666666666,25.966666666666665
bristol,bristol,16.75,11.566666666666666
bristol,bristol,24.633333333333333,26.633333333333333
bristol,bristol,20.95,34.233333333333334
bristol,bristol,35.333333333333336,24.033333333333335
bristol,bristol,17.5,22.033333333333335
bristol,bristol,13.933333333333334,9.233333333333333
bristol,bristol,19.266666666666666,18.3
bristol,bristol,13.6,19.166666666666668
bristol,bristol,16.183333333333334,0.0
bristol,bristol,33.833333333333336,26.466666666666665
bristol,bristol,7.95,14.6
bristol,bristol,54.416666666666664,23.533333333333335
bristol,bristol,48.233333333333334,0.0
bristol,bristol,31.916666666666668,19.0
bristol,bristol,29.15,21.233333333333334
bristol,bristol,38.78333333333333,10.7
bristol,bristol,19.433333333333334,21.4
bristol,bristol,58.43333333333333,20.1
bristol,bristol,25.15,27.9
bristol,bristol,33.1,27.166666666666668
bristol,bristol,25.433333333333334,27.533333333333335
bristol,bristol,40.9,0.0
bristol,bristol,23.016666666666666,11.3
bristol,bristol,25.466666666666665,16.2
bristol,bristol,34.1,24.833333333333332
bristol,bristol,64.95,32.766666666666666
bristol,bristol,32.5,19.166666666666668
bristol,bristol,62.916666666666664,33.233333333333334
bristol,bristol,33.53333333333333,9.333333333333334
bristol,bristol,58.766666666666666,22.133333333333333
bristol,bristol,24.533333333333335,31.333333333333332
bristol,bristol,34.68333333333334,29.566666666666666
bristol,bristol,24.0,44.3
bristol,bristol,32.875,42.03333333333333
bristol,other,75.21666666666667,23.466666666666665
bristol,bristol,19.683333333333334,74.13333333333334
bristol,bristol,29.458333333333332,30.766666666666666
bristol,bristol,45.53333333333333,44.9
bristol,bristol,28.65,22.766666666666666
bristol,bristol,36.75833333333333,20.2
bristol,bristol,37.608333333333334,13.8
bristol,other,59.333333333333336,35.4
bristol,bristol,50.25,66.76666666666667
bristol,bristol,41.1,15.3
bristol,other,71.38333333333334,55.7
bristol,bristol,31.933333333333334,25.233333333333334
bristol,bristol,28.188888888888886,26.633333333333333
bristol,other,79.96666666666667,86.26666666666667
bristol,bristol,23.041666666666668,26.466666666666665
bristol,bristol,19.92222222222222,19.0
bristol,bristol,38.725,36.8
bristol,bristol,18.05,54.1
bristol,bristol,29.641666666666666,63.56666666666667
bristol,other,83.66666666666667,78.63333333333334
bristol,bristol,24.616666666666667,18.3
bristol,bristol,52.358333333333334,53.4
bristol,bristol,53.324999999999996,56.93333333333333
bristol,bristol,43.516666666666666,0.0
bristol,other,82.11666666666666,0.0
bristol,other,68.38333333333334,0.0
bristol,bristol,31.76666666666667,29.633333333333333
bristol,bristol,34.358333333333334,55.1
bristol,bristol,22.15,38.983333333333334
bristol,other,59.516666666666666,0.0
bristol,bristol,25.961111111111112,38.86666666666667
bristol,other,70.91666666666667,70.7
bristol,other,82.96666666666667,77.4
bristol,other,44.59444444444444,80.23333333333333
bristol,bristol,41.94166666666666,38.6
bristol,bristol,37.65833333333333,31.633333333333333
bristol,other,33.983333333333334,54.03333333333333
bristol,other,34.93333333333333,44.9
bristol,other,35.95,20.2
bristol,other,20.533333333333335,0.0
bristol,other,31.508333333333333,86.1
bristol,other,33.894444444444446,23.366666666666667
bristol,other,28.916666666666668,30.766666666666666
bristol,other,36.35,42.2
bristol,bristol,20.29,46.9
bristol,bristol,34.05833333333334,80.53333333333333
bristol,other,22.125,49.266666666666666
bristol,bristol,39.7,25.966666666666665
bristol,other,37.725,99.76666666666667
bristol,other,71.38333333333334,0.0
bristol,other,25.359999999999996,0.0
bristol,other,79.96666666666667,0.0
bristol,other,19.45,0.0
bristol,other,59.333333333333336,0.0
bristol,bristol,31.366666666666667,93.46666666666667
bristol,other,30.525,32.0
bristol,bristol,54.641666666666666,33.06666666666667
bristol,other,42.483333333333334,0.0
bristol,other,27.461111111111112,27.566666666666666
bristol,other,29.46666666666667,90.16666666666667
bristol,other,37.56666666666666,88.36666666666666
bristol,bristol,62.85,18.7
bristol,other,27.908333333333335,16.266666666666666
bristol,other,82.96666666666667,10.7
bristol,other,24.683333333333334,25.233333333333334
bristol,other,71.1,0.0
bristol,other,70.91666666666667,33.166666666666664
bristol,bristol,67.18333333333334,43.93333333333333
bristol,other,31.05,38.6
bristol,other,30.391666666666666,52.666666666666664
bristol,bristol,0.0,35.333333333333336
bristol,bristol,0.0,0.0
bristol,bristol,0.0,34.233333333333334
bristol,bristol,0.0,0.0
bristol,bristol,20.95,11.033333333333333
bristol,other,30.816666666666666,93.46666666666667
bristol,bristol,17.316666666666666,11.833333333333334
bristol,bristol,36.93333333333333,0.0
bristol,bristol,19.266666666666666,25.2
bristol,bristol,15.283333333333333,22.033333333333335
bristol,other,29.15,79.13333333333334
bristol,bristol,17.5,19.0
bristol,bristol,25.866666666666667,25.966666666666665
bristol,bristol,48.233333333333334,0.0
bristol,other,13.6,73.63333333333334
bristol,bristol,16.083333333333332,35.96666666666667
bristol,bristol,23.483333333333334,63.53333333333333
bristol,other,7.95,60.733333333333334
bristol,bristol,38.78333333333333,10.533333333333333
bristol,bristol,33.53333333333333,99.76666666666667
bristol,bristol,31.916666666666668,38.63333333333333
bristol,other,35.333333333333336,90.23333333333333
bristol,bristol,17.833333333333332,0.0
bristol,other,19.433333333333334,79.3
bristol,bristol,39.21666666666667,32.13333333333333
bristol,bristol,32.05,11.6
bristol,other,25.15,101.03333333333333
bristol,other,58.766666666666666,63.53333333333333
bristol,other,48.333333333333336,63.56666666666667
bristol,bristol,12.366666666666667,0.0
bristol,bristol,23.016666666666666,0.0
bristol,bristol,32.5,22.366666666666667
bristol,other,64.95,74.13333333333334
bristol,bristol,35.53333333333333,0.0
bristol,other,33.1,70.73333333333333
bristol,bristol,36.36666666666667,37.266666666666666
bristol,bristol,22.0,0.0
bristol,bristol,50.15,0.0
bristol,bristol,54.416666666666664,0.0
bristol,bristol,30.666666666666668,70.73333333333333
bristol,bristol,62.916666666666664,60.733333333333334
bristol,bristol,0.0,33.333333333333336
bristol,other,24.633333333333333,9.333333333333334
bristol,bristol,15.283333333333333,79.3
bristol,bristol,25.866666666666667,79.13333333333334
bristol,bristol,13.583333333333334,31.0
bristol,bristol,17.316666666666666,27.433333333333334
bristol,other,29.15,23.366666666666667
bristol,other,33.833333333333336,0.0
bristol,bristol,20.95,20.5
bristol,bristol,7.95,33.233333333333334
bristol,other,19.433333333333334,17.2
bristol,bristol,16.083333333333332,46.03333333333333
bristol,bristol,9.483333333333333,11.6
bristol,bristol,17.833333333333332,31.0
bristol,bristol,24.533333333333335,41.8
bristol,other,30.816666666666666,31.333333333333332
bristol,other,25.433333333333334,9.233333333333333
bristol,other,25.15,16.5
bristol,bristol,30.666666666666668,19.4
bristol,bristol,58.43333333333333,16.966666666666665
bristol,bristol,36.36666666666667,73.63333333333334
bristol,bristol,58.766666666666666,23.366666666666667
bristol,bristol,48.233333333333334,23.8
bristol,bristol,40.9,0.0
bristol,bristol,39.21666666666667,38.86666666666667
bristol,bristol,33.53333333333333,23.8
bristol,bristol,52.25,18.233333333333334
bristol,bristol,64.95,0.0
bristol,bristol,54.416666666666664,41.8
bristol,bristol,50.15,19.9
bristol,bristol,0.0,10.9
bristol,other,0.0,20.1
bristol,other,0.0,22.033333333333335
bristol,other,17.316666666666666,10.7
bristol,bristol,25.866666666666667,17.866666666666667
bristol,other,16.75,34.233333333333334
bristol,other,29.15,14.233333333333333
bristol,bristol,23.483333333333334,18.233333333333334
bristol,other,13.6,0.0
bristol,other,17.5,12.4
bristol,bristol,33.833333333333336,26.766666666666666
bristol,bristol,16.183333333333334,16.966666666666665
bristol,other,19.433333333333334,15.0
bristol,other,35.333333333333336,19.033333333333335
bristol,bristol,54.416666666666664,54.1
bristol,bristol,35.53333333333333,38.86666666666667
bristol,bristol,7.95,24.833333333333332
bristol,bristol,17.833333333333332,46.03333333333333
bristol,other,13.95,0.0
bristol,bristol,23.016666666666666,33.333333333333336
bristol,bristol,48.233333333333334,38.86666666666667
bristol,other,58.43333333333333,11.6
bristol,bristol,30.666666666666668,19.0
bristol,bristol,64.95,19.033333333333335
bristol,bristol,58.766666666666666,14.233333333333333
bristol,other,27.666666666666668,37.266666666666666
bristol,bristol,32.5,0.0
bristol,other,50.15,16.2
bristol,bristol,0.0,0.0
bristol,bristol,0.0,54.1
bristol,other,0.0,19.4
bristol,bristol,17.316666666666666,38.86666666666667
bristol,other,24.633333333333333,22.133333333333333
bristol,other,15.283333333333333,25.066666666666666
bristol,bristol,16.083333333333332,19.4
bristol,bristol,30.533333333333335,10.9
bristol,other,25.866666666666667,17.866666666666667
bristol,bristol,13.6,8.033333333333333
bristol,other,16.183333333333334,49.5
bristol,other,7.95,94.63333333333334
bristol,bristol,31.916666666666668,27.0
bristol,other,32.05,33.266666666666666
bristol,bristol,13.583333333333334,101.03333333333333
bristol,bristol,35.333333333333336,33.266666666666666
bristol,bristol,17.833333333333332,38.46666666666667
bristol,bristol,29.15,17.866666666666667
bristol,other,52.25,14.833333333333334
bristol,bristol,48.233333333333334,31.266666666666666
bristol,other,33.1,101.03333333333333
bristol,other,58.43333333333333,27.0
bristol,other,25.433333333333334,14.6
bristol,other,30.816666666666666,32.766666666666666
bristol,bristol,32.5,17.9
bristol,other,58.766666666666666,99.76666666666667
bristol,other,27.666666666666668,17.9
bristol,bristol,39.21666666666667,14.833333333333334
bristol,bristol,54.416666666666664,53.43333333333333
bristol,bristol,50.15,33.333333333333336
bristol,bristol,19.433333333333334,25.066666666666666
bristol,other,36.36666666666667,8.033333333333333
bristol,other,62.916666666666664,24.0
bristol,other,64.95,93.46666666666667
bristol,bristol,24.533333333333335,93.46666666666667
bristol,other,16.183333333333334,86.26666666666667
bristol,bristol,16.75,30.7
bristol,bristol,32.05,29.633333333333333
bristol,bristol,13.6,16.2
bristol,bristol,30.816666666666666,31.333333333333332
bristol,other,17.316666666666666,33.733333333333334
bristol,other,17.5,40.9
bristol,bristol,31.916666666666668,23.533333333333335
bristol,other,14.35,0.0
bristol,bristol,52.25,31.266666666666666
bristol,other,23.483333333333334,77.4
bristol,bristol,35.333333333333336,20.1
bristol,bristol,23.016666666666666,9.233333333333333
bristol,other,29.65,19.0
bristol,other,13.933333333333334,0.0
bristol,bristol,25.15,16.5
bristol,bristol,7.95,0.0
bristol,bristol,54.416666666666664,31.333333333333332
bristol,bristol,39.21666666666667,0.0
bristol,bristol,27.666666666666668,0.0
bristol,bristol,29.15,10.7
bristol,other,24.533333333333335,35.333333333333336
bristol,bristol,35.53333333333333,0.0
bristol,bristol,58.43333333333333,53.43333333333333
bristol,bristol,32.5,11.3
bristol,bristol,58.766666666666666,38.86666666666667
bristol,other,35.3,80.23333333333333
bristol,other,40.9,11.033333333333333
bristol,bristol,64.95,54.1
bristol,bristol,25.433333333333334,9.233333333333333
bristol,bristol,36.36666666666667,27.533333333333335
bristol,other,33.53333333333333,11.833333333333334
bristol,other,17.833333333333332,19.0
bristol,bristol,28.641666666666666,9.333333333333334
bristol,bristol,18.583333333333332,31.333333333333332
bristol,other,54.416666666666664,16.966666666666665
bristol,bristol,29.766666666666666,0.0
bristol,other,28.116666666666664,27.0
bristol,bristol,31.916666666666668,86.26666666666667
bristol,bristol,43.141666666666666,71.9
bristol,bristol,31.916666666666668,0.0
bristol,bristol,0.0,15.2
bristol,bristol,0.0,9.766666666666667
bristol,bristol,13.6,12.466666666666667
bristol,bristol,31.5,20.333333333333332
bristol,bristol,35.3,19.033333333333335
bristol,bristol,0.0,29.866666666666667
bristol,bristol,0.0,10.933333333333334
bristol,bristol,0.0,17.9
bristol,bristol,0.0,15.733333333333333
bristol,bristol,0.0,33.03333333333333
bristol,bristol,44.5,27.366666666666667
bristol,bristol,32.61666666666667,10.866666666666667
bristol,bristol,26.233333333333334,7.933333333333334
bristol,bristol,23.016666666666666,45.233333333333334
bristol,bristol,0.0,27.433333333333334
bristol,bristol,0.0,14.466666666666667
bristol,bristol,16.183333333333334,23.433333333333334
bristol,bristol,0.0,14.5
bristol,bristol,0.0,26.7
bristol,bristol,35.333333333333336,41.7
bristol,bristol,0.0,45.266666666666666
bristol,bristol,0.0,21.7
bristol,bristol,0.0,22.933333333333334
bristol,bristol,62.916666666666664,19.9
bristol,bristol,0.0,28.233333333333334
bristol,bristol,16.85,25.633333333333333
bristol,bristol,0.0,21.2
bristol,bristol,0.0,28.0
bristol,bristol,24.633333333333333,0.0
bristol,bristol,0.0,39.166666666666664
bristol,bristol,24.533333333333335,23.166666666666668
bristol,bristol,30.85,18.666666666666668
bristol,bristol,0.0,26.133333333333333
bristol,bristol,0.0,20.5
bristol,bristol,0.0,21.833333333333332
bristol,bristol,16.85,26.2
bristol,bristol,56.36666666666667,19.6
bristol,bristol,34.38333333333333,18.2
bristol,bristol,0.0,27.633333333333333
bristol,bristol,0.0,19.4
bristol,bristol,29.15,8.433333333333334
bristol,bristol,19.266666666666666,12.566666666666666
bristol,bristol,20.95,18.0
bristol,bristol,29.616666666666667,28.8
bristol,bristol,31.816666666666666,18.566666666666666
bristol,bristol,0.0,28.0
bristol,bristol,25.866666666666667,18.0
bristol,bristol,24.65,16.666666666666668
bristol,bristol,16.75,19.133333333333333
bristol,bristol,0.0,28.033333333333335
bristol,bristol,50.2,14.466666666666667
bristol,bristol,58.766666666666666,17.2
bristol,bristol,0.0,29.8
bristol,bristol,16.183333333333334,38.1
bristol,bristol,0.0,32.13333333333333
bristol,other,0.0,53.46666666666667
bristol,bristol,0.0,16.6
bristol,bristol,25.433333333333334,33.2
bristol,bristol,0.0,16.533333333333335
bristol,bristol,0.0,40.5
bristol,bristol,33.53333333333333,28.4
bristol,other,0.0,55.0
bristol,bristol,17.833333333333332,11.8
bristol,bristol,0.0,29.2
bristol,bristol,19.266666666666666,29.133333333333333
bristol,bristol,0.0,30.4
bristol,bristol,0.0,26.7
bristol,bristol,20.95,32.2
bristol,bristol,24.716666666666665,27.9
bristol,bristol,16.516666666666666,29.7
bristol,bristol,16.516666666666666,17.533333333333335
bristol,bristol,38.86666666666667,38.233333333333334
bristol,bristol,0.0,39.233333333333334
bristol,bristol,0.0,35.2
bristol,bristol,0.0,0.0
bristol,bristol,12.25,13.966666666666667
bristol,other,0.0,81.06666666666666
bristol,other,0.0,61.733333333333334
bristol,bristol,0.0,18.733333333333334
bristol,other,0.0,70.73333333333333
bristol,bristol,0.0,26.333333333333332
bristol,bristol,0.0,10.366666666666667
bristol,bristol,0.0,27.266666666666666
bristol,bristol,62.483333333333334,30.866666666666667
bristol,bristol,35.9,9.933333333333334
bristol,bristol,0.0,34.833333333333336
bristol,bristol,0.0,18.766666666666666
bristol,bristol,48.233333333333334,25.1
bristol,other,0.0,86.1
bristol,bristol,52.25,15.233333333333333
bristol,bristol,66.78333333333333,19.366666666666667
bristol,bristol,0.0,49.56666666666667
bristol,bristol,62.483333333333334,27.3
bristol,bristol,48.233333333333334,41.3
bristol,bristol,23.9,20.166666666666668
bristol,other,0.0,87.13333333333334
bristol,bristol,24.716666666666665,35.13333333333333
bristol,bristol,25.55,25.4
bristol,bristol,30.483333333333334,11.133333333333333
bristol,bristol,0.0,27.5
bristol,bristol,0.0,15.033333333333333
bristol,bristol,0.0,41.03333333333333
bristol,bristol,0.0,0.0
bristol,bristol,25.566666666666666,15.833333333333334
bristol,other,0.0,71.1
bristol,bristol,0.0,26.633333333333333
bristol,other,0.0,59.1
bristol,other,0.0,44.06666666666667
bristol,bristol,0.0,18.433333333333334
bristol,bristol,0.0,31.6
bristol,bristol,13.95,21.633333333333333
bristol,bristol,0.0,28.8
bristol,bristol,0.0,19.266666666666666
bristol,bristol,15.1,29.366666666666667
bristol,bristol,0.0,25.7
bristol,bristol,66.78333333333333,21.166666666666668
bristol,other,0.0,60.2
bristol,bristol,33.53333333333333,23.966666666666665
bristol,bristol,0.0,41.266666666666666
bristol,bristol,16.083333333333332,25.266666666666666
bristol,bristol,0.0,58.666666666666664
bristol,bristol,16.083333333333332,33.4
bristol,bristol,25.55,29.8
bristol,bristol,25.55,43.2
bristol,bristol,31.916666666666668,37.53333333333333
bristol,bristol,0.0,29.333333333333332
bristol,bristol,0.0,24.7
bristol,bristol,0.0,31.066666666666666
bristol,bristol,21.3,0.0
bristol,other,0.0,51.43333333333333
bristol,other,0.0,40.93333333333333
bristol,bristol,57.4,32.13333333333333
bristol,other,0.0,69.16666666666667
bristol,bristol,17.5,52.63333333333333
bristol,bristol,0.0,12.933333333333334
bristol,bristol,0.0,47.4
bristol,bristol,0.0,38.0
bristol,bristol,22.683333333333334,11.366666666666667
bristol,bristol,24.216666666666665,27.833333333333332
bristol,other,0.0,77.83333333333333
bristol,bristol,23.733333333333334,20.2
bristol,bristol,0.0,38.766666666666666
bristol,bristol,27.016666666666666,8.4
bristol,bristol,0.0,24.4
bristol,bristol,0.0,18.466666666666665
bristol,bristol,13.95,21.5
bristol,bristol,33.13333333333333,11.933333333333334
bristol,bristol,0.0,30.666666666666668
bristol,bristol,34.5,29.566666666666666
bristol,bristol,22.683333333333334,11.0
bristol,bristol,15.1,40.13333333333333
bristol,bristol,34.233333333333334,36.8
bristol,bristol,0.0,11.333333333333334
bristol,bristol,0.0,35.93333333333333
bristol,other,0.0,58.666666666666664
bristol,bristol,0.0,15.533333333333333
bristol,bristol,0.0,0.0
bristol,bristol,0.0,15.3
bristol,bristol,16.333333333333332,23.7
bristol,other,0.0,75.36666666666666
bristol,bristol,13.366666666666667,17.233333333333334
bristol,bristol,31.9,41.333333333333336
bristol,bristol,31.3,0.0
bristol,bristol,54.78333333333333,8.866666666666667
bristol,bristol,0.0,40.46666666666667
bristol,bristol,0.0,32.46666666666667
bristol,bristol,0.0,29.6
bristol,bristol,0.0,23.933333333333334
bristol,bristol,0.0,6.566666666666666
bristol,other,0.0,83.13333333333334
bristol,bristol,26.0,17.4
bristol,bristol,0.0,8.666666666666666
bristol,bristol,16.083333333333332,49.46666666666667
bristol,bristol,33.11666666666667,49.96666666666667
bristol,bristol,14.35,37.4
bristol,bristol,0.0,35.333333333333336
bristol,other,0.0,87.66666666666667
bristol,bristol,31.316666666666666,13.733333333333333
bristol,bristol,0.0,21.433333333333334
bristol,bristol,0.0,25.366666666666667
bristol,bristol,31.9,52.13333333333333
bristol,bristol,23.0,12.433333333333334
bristol,bristol,54.78333333333333,41.766666666666666
bristol,bristol,0.0,11.533333333333333
bristol,bristol,35.31666666666667,41.8
bristol,other,0.0,53.56666666666667
bristol,bristol,48.766666666666666,30.466666666666665
bristol,other,0.0,75.23333333333333
bristol,bristol,0.0,49.266666666666666
bristol,bristol,16.333333333333332,15.566666666666666
bristol,bristol,13.366666666666667,17.933333333333334
bristol,bristol,48.766666666666666,37.7
bristol,bristol,23.0,15.133333333333333
bristol,bristol,0.0,15.6
bristol,bristol,50.6,23.233333333333334
bristol,bristol,0.0,21.4
bristol,bristol,0.0,28.0
bristol,bristol,54.78333333333333,18.133333333333333
bristol,bristol,0.0,13.7
bristol,bristol,62.916666666666664,15.466666666666667
bristol,bristol,13.6,12.533333333333333
bristol,other,0.0,51.766666666666666
bristol,bristol,16.05,12.2
bristol,bristol,17.866666666666667,14.9
bristol,bristol,54.416666666666664,0.0
bristol,bristol,0.0,20.1
bristol,bristol,33.13333333333333,11.666666666666666
bristol,bristol,0.0,13.133333333333333
bristol,bristol,40.9,0.0
bristol,bristol,30.533333333333335,23.466666666666665
bristol,bristol,26.233333333333334,17.466666666666665
bristol,bristol,16.75,22.3
bristol,other,0.0,84.66666666666667
bristol,bristol,7.75,21.266666666666666
bristol,bristol,36.36666666666667,9.166666666666666
bristol,bristol,0.0,31.4
bristol,bristol,0.0,20.566666666666666
bristol,bristol,40.9,15.2
bristol,bristol,21.0,20.266666666666666
bristol,bristol,0.0,32.2
bristol,bristol,0.0,34.86666666666667
bristol,bristol,12.366666666666667,33.53333333333333
bristol,bristol,0.0,55.733333333333334
bristol,bristol,0.0,43.5
bristol,bristol,12.366666666666667,20.1
bristol,other,0.0,69.66666666666667
bristol,bristol,20.95,18.266666666666666
bristol,bristol,0.0,12.166666666666666
bristol,other,0.0,85.8
bristol,bristol,25.433333333333334,16.366666666666667
bristol,other,0.0,37.5
bristol,bristol,0.0,25.466666666666665
bristol,bristol,24.533333333333335,28.533333333333335
bristol,bristol,13.933333333333334,22.933333333333334
bristol,other,16.05,76.93333333333334
bristol,bristol,0.0,0.0
bristol,other,50.6,84.73333333333333
bristol,bristol,0.0,24.0
bristol,bristol,0.0,21.833333333333332
bristol,bristol,35.53333333333333,0.0
bristol,bristol,0.0,14.133333333333333
bristol,bristol,0.0,50.2
bristol,other,0.0,48.0
bristol,bristol,34.35,43.6
bristol,bristol,64.95,30.233333333333334
bristol,bristol,33.13333333333333,25.666666666666668
bristol,bristol,0.0,13.1
bristol,bristol,36.416666666666664,29.1
bristol,bristol,0.0,13.166666666666666
bristol,other,0.0,75.7
bristol,other,0.0,82.0
bristol,bristol,48.233333333333334,13.8
bristol,bristol,0.0,32.333333333333336
bristol,bristol,23.016666666666666,18.7
bristol,other,0.0,75.76666666666667
bristol,bristol,0.0,34.833333333333336
bristol,bristol,30.666666666666668,0.0
bristol,bristol,58.43333333333333,39.43333333333333
bristol,bristol,0.0,30.766666666666666
bristol,bristol,0.0,41.3
bristol,bristol,35.766666666666666,26.466666666666665
bristol,bristol,0.0,6.633333333333334
bristol,bristol,0.0,16.266666666666666
bristol,bristol,0.0,30.933333333333334
bristol,bristol,58.766666666666666,23.933333333333334
bristol,bristol,19.266666666666666,19.9
bristol,bristol,23.016666666666666,53.4
bristol,bristol,32.05,30.266666666666666
bristol,bristol,0.0,48.06666666666667
bristol,other,0.0,58.53333333333333
bristol,other,0.0,53.96666666666667
bristol,bristol,0.0,37.63333333333333
bristol,bristol,15.283333333333333,13.666666666666666
bristol,bristol,31.916666666666668,28.066666666666666
bristol,other,0.0,44.3
bristol,bristol,35.53333333333333,29.566666666666666
bristol,bristol,35.3,42.2
bristol,bristol,24.633333333333333,17.733333333333334
bristol,bristol,13.933333333333334,33.63333333333333
bristol,bristol,17.5,15.133333333333333
bristol,other,0.0,59.666666666666664
bristol,bristol,16.516666666666666,29.1
bristol,other,0.0,70.06666666666666
bristol,bristol,24.65,22.2
bristol,bristol,0.0,12.233333333333333
bristol,bristol,0.0,49.63333333333333
bristol,bristol,0.0,37.0
bristol,bristol,0.0,24.0
bristol,bristol,33.53333333333333,22.266666666666666
bristol,bristol,0.0,22.866666666666667
bristol,bristol,62.31666666666667,13.866666666666667
bristol,bristol,19.433333333333334,8.433333333333334
bristol,other,0.0,67.66666666666667
bristol,bristol,29.15,35.4
bristol,bristol,0.0,0.0
bristol,bristol,35.9,14.366666666666667
bristol,bristol,0.0,13.8
bristol,bristol,0.0,48.5
bristol,other,35.3,72.96666666666667
bristol,bristol,0.0,8.533333333333333
bristol,bristol,34.233333333333334,23.433333333333334
bristol,bristol,48.233333333333334,30.7
bristol,bristol,24.633333333333333,36.166666666666664
bristol,bristol,0.0,41.56666666666667
bristol,bristol,0.0,15.066666666666666
bristol,bristol,13.95,13.233333333333333
bristol,bristol,0.0,31.533333333333335
bristol,bristol,20.95,44.8
bristol,bristol,25.15,16.833333333333332
bristol,bristol,0.0,41.8
bristol,bristol,12.25,8.566666666666666
bristol,bristol,0.0,19.566666666666666
bristol,bristol,0.0,15.7
bristol,bristol,0.0,20.2
bristol,bristol,33.53333333333333,29.5
bristol,bristol,16.083333333333332,19.5
bristol,other,0.0,88.66666666666667
bristol,bristol,25.55,23.766666666666666
bristol,bristol,0.0,19.533333333333335
bristol,bristol,0.0,16.533333333333335
bristol,bristol,0.0,0.0
bristol,bristol,24.533333333333335,35.766666666666666
bristol,bristol,24.716666666666665,25.066666666666666
bristol,bristol,0.0,38.6
bristol,other,62.916666666666664,91.96666666666667
bristol,other,0.0,86.1
bristol,bristol,0.0,26.5
bristol,bristol,13.716666666666667,14.466666666666667
bristol,bristol,0.0,27.766666666666666
bristol,bristol,0.0,54.03333333333333
bristol,bristol,31.9,17.333333333333332
bristol,bristol,0.0,22.0
bristol,bristol,25.566666666666666,29.033333333333335
bristol,bristol,25.566666666666666,15.266666666666667
bristol,bristol,24.65,25.266666666666666
bristol,bristol,0.0,12.133333333333333
bristol,bristol,15.1,8.833333333333334
bristol,other,0.0,59.53333333333333
bristol,other,0.0,71.6
bristol,bristol,0.0,13.766666666666667
bristol,bristol,0.0,43.03333333333333
bristol,bristol,13.95,9.666666666666666
bristol,bristol,23.9,20.233333333333334
bristol,bristol,0.0,32.766666666666666
bristol,bristol,0.0,19.266666666666666
bristol,bristol,0.0,50.233333333333334
bristol,bristol,38.71666666666667,22.9
bristol,bristol,16.083333333333332,50.333333333333336
bristol,bristol,17.833333333333332,36.666666666666664
bristol,other,0.0,80.53333333333333
bristol,bristol,16.516666666666666,47.5
bristol,bristol,0.0,44.9
bristol,bristol,52.25,33.166666666666664
bristol,bristol,0.0,13.8
bristol,other,0.0,60.266666666666666
bristol,bristol,25.55,21.666666666666668
bristol,bristol,0.0,25.233333333333334
bristol,bristol,16.083333333333332,22.5
bristol,bristol,0.0,7.2
bristol,other,0.0,75.0
bristol,bristol,0.0,14.666666666666666
bristol,bristol,34.233333333333334,31.633333333333333
bristol,bristol,0.0,10.466666666666667
bristol,bristol,25.55,38.233333333333334
bristol,bristol,34.35,25.833333333333332
bristol,bristol,30.483333333333334,18.566666666666666
bristol,bristol,62.31666666666667,34.63333333333333
bristol,bristol,25.55,20.466666666666665
bristol,bristol,33.11666666666667,20.833333333333332
bristol,bristol,0.0,11.1
bristol,other,0.0,62.233333333333334
bristol,bristol,0.0,8.9
bristol,bristol,0.0,29.366666666666667
bristol,bristol,22.683333333333334,11.233333333333333
bristol,bristol,31.9,22.333333333333332
bristol,bristol,35.31666666666667,31.433333333333334
bristol,bristol,27.016666666666666,21.7
bristol,bristol,0.0,16.133333333333333
bristol,bristol,0.0,10.8
bristol,bristol,0.0,30.533333333333335
bristol,bristol,54.78333333333333,25.8
bristol,bristol,0.0,20.233333333333334
bristol,bristol,23.766666666666666,24.233333333333334
bristol,other,0.0,66.76666666666667
bristol,bristol,0.0,18.366666666666667
bristol,other,0.0,54.86666666666667
bristol,bristol,17.833333333333332,44.86666666666667
bristol,bristol,21.0,13.166666666666666
bristol,bristol,0.0,32.0
bristol,bristol,0.0,7.0
bristol,bristol,0.0,49.0
bristol,bristol,0.0,20.166666666666668
bristol,bristol,0.0,0.0
bristol,bristol,13.366666666666667,16.166666666666668
bristol,bristol,0.0,33.333333333333336
bristol,other,0.0,56.93333333333333
bristol,bristol,24.216666666666665,37.6
bristol,bristol,0.0,40.63333333333333
bristol,bristol,24.216666666666665,40.43333333333333
bristol,bristol,30.433333333333334,14.866666666666667
bristol,bristol,0.0,42.166666666666664
bristol,bristol,18.216666666666665,52.666666666666664
bristol,bristol,24.216666666666665,24.033333333333335
bristol,bristol,0.0,24.4
bristol,bristol,0.0,25.433333333333334
bristol,other,0.0,55.1
bristol,bristol,0.0,11.7
bristol,bristol,0.0,25.066666666666666
bristol,other,0.0,69.53333333333333
bristol,bristol,0.0,22.5
bristol,bristol,0.0,8.033333333333333
bristol,bristol,24.716666666666665,14.733333333333333
bristol,bristol,0.0,11.5
bristol,bristol,0.0,10.433333333333334
bristol,bristol,0.0,17.9
bristol,bristol,0.0,11.4
bristol,bristol,0.0,10.4
bristol,other,0.0,87.56666666666666
bristol,bristol,0.0,34.56666666666667
bristol,other,0.0,88.36666666666666
bristol,bristol,0.0,19.9
bristol,bristol,0.0,24.866666666666667
bristol,bristol,0.0,22.366666666666667
bristol,bristol,0.0,52.733333333333334
bristol,bristol,14.35,35.13333333333333
bristol,bristol,0.0,18.066666666666666
bristol,other,0.0,73.66666666666667
bristol,bristol,16.333333333333332,22.466666666666665
bristol,bristol,0.0,20.2
bristol,bristol,0.0,24.0
bristol,bristol,0.0,29.4
bristol,bristol,0.0,13.266666666666667
bristol,bristol,0.0,44.13333333333333
bristol,bristol,23.0,21.733333333333334
bristol,bristol,0.0,27.0
bristol,other,0.0,78.36666666666666
bristol,bristol,13.366666666666667,30.7
bristol,bristol,0.0,35.53333333333333
bristol,bristol,0.0,11.033333333333333
bristol,bristol,0.0,25.766666666666666
bristol,bristol,0.0,32.93333333333333
bristol,other,30.666666666666668,85.53333333333333
bristol,bristol,0.0,17.633333333333333
bristol,other,0.0,86.76666666666667
bristol,other,0.0,92.06666666666666
bristol,bristol,12.366666666666667,41.5
bristol,bristol,48.766666666666666,44.06666666666667
bristol,bristol,0.0,26.466666666666665
bristol,bristol,0.0,11.833333333333334
bristol,other,0.0,82.86666666666666
bristol,other,0.0,88.83333333333333
bristol,bristol,0.0,19.033333333333335
bristol,bristol,0.0,32.36666666666667
bristol,bristol,0.0,35.333333333333336
bristol,bristol,54.78333333333333,49.2
bristol,bristol,48.766666666666666,33.6
bristol,bristol,0.0,12.866666666666667
bristol,other,0.0,88.13333333333334
bristol,bristol,0.0,0.0
bristol,bristol,0.0,19.0
bristol,bristol,0.0,14.833333333333334
bristol,bristol,0.0,30.7
bristol,other,0.0,93.1
bristol,other,0.0,63.233333333333334
bristol,bristol,0.0,23.366666666666667
bristol,other,0.0,90.16666666666667
bristol,bristol,0.0,14.233333333333333
bristol,other,0.0,72.73333333333333
bristol,bristol,0.0,33.266666666666666
bristol,bristol,0.0,16.5
bristol,other,0.0,79.36666666666666
bristol,other,0.0,92.5
bristol,bristol,0.0,10.533333333333333
bristol,bristol,0.0,10.066666666666666
bristol,other,0.0,83.53333333333333
bristol,bristol,0.0,33.733333333333334
bristol,bristol,0.0,19.0
bristol,other,0.0,71.46666666666667
bristol,bristol,0.0,12.4
bristol,bristol,0.0,17.2
bristol,other,16.05,82.2
bristol,bristol,21.0,8.633333333333333
bristol,bristol,0.0,30.7
bristol,other,0.0,74.13333333333334
bristol,other,0.0,91.5
bristol,bristol,0.0,15.0
bristol,bristol,0.0,27.0
bristol,other,0.0,63.53333333333333
bristol,other,0.0,90.23333333333333
bristol,other,0.0,79.66666666666667
bristol,other,0.0,73.63333333333334
bristol,other,0.0,75.93333333333334
bristol,bristol,0.0,49.5
bristol,bristol,0.0,40.9
bristol,other,0.0,93.46666666666667
bristol,other,0.0,79.3
bristol,other,0.0,99.76666666666667
bristol,other,0.0,97.43333333333334
bristol,other,0.0,101.03333333333333
bristol,other,0.0,79.13333333333334
bristol,other,0.0,23.433333333333334
bristol,other,0.0,77.83333333333333
bristol,other,56.75,33.2
bristol,other,0.0,12.466666666666667
bristol,other,0.0,21.833333333333332
bristol,other,0.0,30.4
bristol,other,0.0,21.7
bristol,other,0.0,29.866666666666667
bristol,other,0.0,18.2
bristol,bristol,0.0,28.033333333333335
bristol,other,0.0,26.7
bristol,other,0.0,61.733333333333334
bristol,other,0.0,18.0
bristol,other,0.0,7.933333333333334
bristol,bristol,0.0,78.8
bristol,other,0.0,20.5
bristol,other,0.0,71.1
bristol,other,0.0,26.133333333333333
bristol,other,0.0,14.5
bristol,other,0.0,15.233333333333333
bristol,other,0.0,18.566666666666666
bristol,other,0.0,60.2
bristol,other,0.0,8.433333333333334
bristol,other,0.0,0.0
bristol,other,0.0,29.7
bristol,other,0.0,26.633333333333333
bristol,bristol,58.766666666666666,41.3
bristol,other,0.0,25.1
bristol,other,0.0,17.533333333333335
bristol,bristol,0.0,36.8
bristol,other,0.0,10.366666666666667
bristol,other,0.0,34.833333333333336
bristol,other,0.0,59.1
bristol,other,0.0,16.533333333333335
bristol,bristol,0.0,18.733333333333334
bristol,other,0.0,49.56666666666667
bristol,other,0.0,51.43333333333333
bristol,other,0.0,0.0
bristol,other,0.0,49.46666666666667
bristol,other,0.0,40.46666666666667
bristol,bristol,0.0,29.333333333333332
bristol,other,0.0,18.433333333333334
bristol,other,0.0,23.1
bristol,bristol,32.61666666666667,21.633333333333333
bristol,bristol,13.95,84.66666666666667
bristol,other,0.0,18.466666666666665
bristol,other,0.0,31.6
bristol,other,0.0,9.766666666666667
bristol,other,0.0,38.0
bristol,other,0.0,0.0
bristol,bristol,0.0,15.3
bristol,bristol,0.0,19.266666666666666
bristol,bristol,25.15,35.13333333333333
bristol,other,0.0,29.366666666666667
bristol,other,0.0,27.433333333333334
bristol,other,0.0,19.9
bristol,bristol,0.0,39.166666666666664
bristol,other,0.0,19.033333333333335
bristol,other,0.0,12.933333333333334
bristol,bristol,0.0,8.866666666666667
bristol,bristol,0.0,18.133333333333333
bristol,other,0.0,41.333333333333336
bristol,bristol,0.0,26.7
bristol,bristol,0.0,75.7
bristol,other,0.0,18.1
bristol,other,0.0,17.233333333333334
bristol,other,0.0,16.6
bristol,bristol,0.0,45.266666666666666
bristol,other,0.0,18.766666666666666
bristol,bristol,31.816666666666666,23.166666666666668
bristol,other,23.766666666666666,21.433333333333334
bristol,other,0.0,9.933333333333334
bristol,bristol,50.2,27.3
bristol,other,0.0,16.666666666666668
bristol,bristol,38.983333333333334,38.233333333333334
bristol,other,0.0,21.5
bristol,bristol,0.0,32.13333333333333
bristol,other,0.0,17.933333333333334
bristol,other,0.0,8.1
bristol,other,0.0,75.76666666666667
bristol,bristol,27.016666666666666,15.566666666666666
bristol,bristol,0.0,85.8
bristol,other,0.0,59.666666666666664
bristol,other,0.0,28.233333333333334
bristol,other,0.0,6.566666666666666
bristol,other,0.0,28.8
bristol,bristol,34.5,11.8
bristol,other,0.0,12.2
bristol,other,0.0,34.86666666666667
bristol,bristol,0.0,33.53333333333333
bristol,other,0.0,24.7
bristol,other,0.0,27.266666666666666
bristol,bristol,0.0,21.2
bristol,other,0.0,8.666666666666666
bristol,bristol,0.0,12.433333333333334
bristol,other,0.0,11.0
bristol,other,0.0,70.06666666666666
bristol,other,0.0,10.866666666666667
bristol,other,0.0,16.366666666666667
bristol,other,0.0,0.0
bristol,other,0.0,33.63333333333333
bristol,other,0.0,11.133333333333333
bristol,bristol,0.0,45.233333333333334
bristol,other,0.0,18.7
bristol,bristol,7.75,53.4
bristol,other,0.0,12.533333333333333
bristol,other,0.0,15.466666666666667
bristol,other,0.0,15.033333333333333
bristol,other,0.0,11.533333333333333
bristol,other,0.0,16.266666666666666
bristol,other,0.0,20.2
bristol,other,0.0,82.86666666666666
bristol,bristol,25.433333333333334,22.933333333333334
bristol,other,0.0,41.03333333333333
bristol,other,0.0,29.1
bristol,bristol,0.0,88.13333333333334
bristol,other,0.0,21.833333333333332
bristol,bristol,0.0,29.566666666666666
bristol,bristol,0.0,21.4
bristol,other,0.0,29.8
bristol,other,0.0,22.3
bristol,other,0.0,32.333333333333336
bristol,other,0.0,24.4
bristol,other,0.0,71.6
bristol,other,0.0,60.266666666666666
bristol,other,0.0,22.866666666666667
bristol,other,0.0,44.8
bristol,bristol,0.0,15.2
bristol,other,0.0,13.166666666666666
bristol,other,0.0,25.633333333333333
bristol,other,0.0,41.7
bristol,bristol,0.0,25.7
bristol,other,0.0,31.533333333333335
bristol,other,16.516666666666666,29.2
bristol,other,0.0,48.06666666666667
bristol,other,0.0,50.233333333333334
bristol,other,0.0,48.5
bristol,other,0.0,42.03333333333333
bristol,other,0.0,53.56666666666667
bristol,other,0.0,25.4
bristol,other,0.0,59.53333333333333
bristol,other,0.0,29.1
bristol,other,0.0,43.03333333333333
bristol,other,0.0,15.133333333333333
bristol,other,0.0,23.933333333333334
bristol,other,0.0,75.23333333333333
bristol,other,0.0,35.4
bristol,other,16.516666666666666,17.733333333333334
bristol,other,0.0,43.93333333333333
bristol,other,0.0,31.066666666666666
bristol,bristol,0.0,80.53333333333333
bristol,other,0.0,36.166666666666664
bristol,bristol,0.0,0.0
bristol,other,0.0,11.933333333333334
bristol,other,0.0,37.4
bristol,other,0.0,17.4
bristol,other,0.0,24.0
bristol,bristol,0.0,0.0
bristol,bristol,13.933333333333334,81.06666666666666
bristol,other,0.0,87.13333333333334
bristol,bristol,0.0,87.66666666666667
bristol,bristol,0.0,25.366666666666667
bristol,other,33.13333333333333,31.4
bristol,other,0.0,41.8
bristol,other,0.0,25.466666666666665
bristol,other,0.0,14.9
bristol,other,0.0,47.5
bristol,other,0.0,11.666666666666666
bristol,other,0.0,15.6
bristol,other,0.0,13.1
bristol,other,0.0,43.2
bristol,bristol,0.0,35.333333333333336
bristol,other,0.0,27.833333333333332
bristol,bristol,0.0,13.8
bristol,other,0.0,20.1
bristol,other,0.0,41.766666666666666
bristol,other,0.0,18.7
bristol,other,0.0,83.13333333333334
bristol,bristol,0.0,35.2
bristol,other,0.0,58.53333333333333
bristol,other,0.0,18.266666666666666
bristol,bristol,0.0,88.36666666666666
bristol,other,0.0,17.466666666666665
bristol,other,0.0,16.833333333333332
bristol,bristol,35.31666666666667,37.7
bristol,bristol,0.0,36.666666666666664
bristol,bristol,0.0,82.0
bristol,other,0.0,32.46666666666667
bristol,other,0.0,13.133333333333333
bristol,other,0.0,8.4
bristol,other,0.0,12.166666666666666
bristol,other,0.0,28.533333333333335
bristol,other,0.0,28.0
bristol,other,0.0,29.366666666666667
bristol,other,0.0,41.13333333333333
bristol,other,56.75,41.3
bristol,other,0.0,6.633333333333334
bristol,other,0.0,37.63333333333333
bristol,other,0.0,42.2
bristol,other,0.0,78.36666666666666
bristol,other,0.0,19.5
bristol,other,0.0,85.53333333333333
bristol,other,0.0,18.566666666666666
bristol,bristol,0.0,93.1
bristol,bristol,0.0,23.433333333333334
bristol,other,0.0,20.766666666666666
bristol,other,0.0,22.766666666666666
bristol,other,0.0,12.133333333333333
bristol,other,0.0,13.8
bristol,bristol,0.0,9.666666666666666
bristol,other,0.0,0.0
bristol,other,0.0,17.333333333333332
bristol,other,0.0,13.233333333333333
bristol,bristol,13.933333333333334,86.1
bristol,other,0.0,54.03333333333333
bristol,other,0.0,38.233333333333334
bristol,other,0.0,29.033333333333335
bristol,other,0.0,13.8
bristol,other,0.0,15.066666666666666
bristol,other,0.0,39.43333333333333
bristol,other,0.0,76.93333333333334
bristol,bristol,0.0,50.333333333333336
bristol,other,0.0,34.833333333333336
bristol,bristol,0.0,42.166666666666664
bristol,other,0.0,31.433333333333334
bristol,bristol,0.0,92.5
bristol,other,0.0,44.13333333333333
bristol,other,0.0,34.56666666666667
bristol,other,0.0,19.266666666666666
bristol,other,0.0,35.13333333333333
bristol,other,0.0,40.43333333333333
bristol,other,0.0,17.633333333333333
bristol,bristol,0.0,33.6
bristol,other,0.0,19.566666666666666
bristol,bristol,23.0,88.66666666666667
bristol,other,0.0,13.866666666666667
bristol,other,0.0,24.033333333333335
bristol,other,0.0,15.133333333333333
bristol,other,0.0,69.66666666666667
bristol,other,0.0,73.66666666666667
bristol,other,0.0,28.066666666666666
bristol,bristol,0.0,20.233333333333334
bristol,other,0.0,25.433333333333334
bristol,other,0.0,22.5
bristol,other,0.0,30.7
bristol,other,17.5,32.766666666666666
bristol,bristol,27.016666666666666,22.466666666666665
bristol,bristol,0.0,52.733333333333334
bristol,other,0.0,14.366666666666667
bristol,other,0.0,10.466666666666667
bristol,other,0.0,52.666666666666664
bristol,bristol,0.0,29.5
bristol,other,0.0,7.2
bristol,other,0.0,8.433333333333334
bristol,other,0.0,88.83333333333333
bristol,other,0.0,8.533333333333333
bristol,other,0.0,17.833333333333332
bristol,other,0.0,26.466666666666665
bristol,other,0.0,87.56666666666666
bristol,bristol,30.816666666666666,35.766666666666666
bristol,other,0.0,25.666666666666668
bristol,other,0.0,0.0
bristol,other,0.0,14.866666666666667
bristol,other,0.0,83.53333333333333
bristol,other,0.0,29.4
bristol,other,0.0,11.3
bristol,bristol,0.0,14.733333333333333
bristol,other,0.0,20.166666666666668
bristol,bristol,0.0,41.5
bristol,other,0.0,7.0
bristol,other,0.0,13.166666666666666
bristol,other,0.0,19.9
bristol,other,0.0,22.5
bristol,other,0.0,24.866666666666667
bristol,other,0.0,20.233333333333334
bristol,other,0.0,15.7
bristol,other,0.0,17.9
bristol,other,0.0,14.6
bristol,other,0.0,19.9
bristol,other,0.0,37.266666666666666
bristol,other,0.0,19.166666666666668
bristol,other,0.0,27.0
bristol,other,0.0,33.233333333333334
bristol,other,0.0,73.63333333333334
bristol,other,0.0,30.533333333333335
bristol,bristol,0.0,44.86666666666667
bristol,other,0.0,25.2
bristol,bristol,0.0,0.0
bristol,other,0.0,11.033333333333333
bristol,other,0.0,26.466666666666665
bristol,other,0.0,13.766666666666667
bristol,other,0.0,0.0
bristol,other,0.0,11.566666666666666
bristol,other,0.0,33.333333333333336
bristol,other,0.0,20.466666666666665
bristol,other,0.0,29.633333333333333
bristol,other,0.0,20.833333333333332
bristol,other,0.0,32.0
bristol,other,0.0,24.033333333333335
bristol,other,0.0,34.63333333333333
bristol,other,0.0,32.13333333333333
bristol,other,0.0,49.5
bristol,other,0.0,23.766666666666666
bristol,other,0.0,35.333333333333336
bristol,bristol,0.0,31.633333333333333
bristol,other,0.0,23.366666666666667
bristol,other,0.0,19.0
bristol,other,0.0,16.133333333333333
bristol,other,0.0,16.966666666666665
bristol,other,0.0,79.66666666666667
bristol,other,0.0,23.8
bristol,other,0.0,28.8
bristol,other,0.0,27.433333333333334
bristol,other,0.0,8.9
bristol,other,0.0,24.233333333333334
bristol,other,0.0,11.6
bristol,other,0.0,32.93333333333333
bristol,bristol,0.0,31.266666666666666
bristol,other,0.0,10.7
bristol,other,0.0,11.833333333333334
bristol,other,0.0,0.0
bristol,other,0.0,79.13333333333334
bristol,other,0.0,24.4
bristol,other,0.0,18.066666666666666
bristol,other,0.0,70.73333333333333
bristol,other,0.0,10.433333333333334
bristol,other,0.0,40.63333333333333
bristol,bristol,0.0,46.03333333333333
bristol,other,0.0,25.833333333333332
bristol,other,0.0,15.2
bristol,other,0.0,21.4
bristol,other,0.0,25.066666666666666
bristol,bristol,0.0,49.0
bristol,other,0.0,21.7
bristol,other,0.0,14.833333333333334
bristol,other,0.0,12.4
bristol,other,0.0,16.233333333333334
bristol,other,0.0,0.0
bristol,other,0.0,17.866666666666667
bristol,bristol,0.0,11.4
bristol,other,0.0,79.3
bristol,other,0.0,12.866666666666667
bristol,other,0.0,20.5
bristol,other,0.0,11.7
bristol,other,0.0,11.3
bristol,other,0.0,31.0
bristol,bristol,0.0,92.06666666666666
bristol,other,0.0,75.0
bristol,bristol,0.0,33.333333333333336
bristol,other,0.0,26.766666666666666
bristol,other,0.0,35.53333333333333
bristol,other,0.0,43.6
bristol,other,0.0,11.1
bristol,other,0.0,11.5
bristol,other,0.0,22.366666666666667
bristol,bristol,0.0,30.7
bristol,other,0.0,20.1
bristol,other,0.0,13.266666666666667
bristol,bristol,0.0,44.56666666666667
bristol,other,0.0,27.533333333333335
bristol,other,0.0,87.96666666666667
bristol,other,0.0,24.0
bristol,other,0.0,11.6
bristol,other,0.0,16.866666666666667
bristol,bristol,0.0,90.16666666666667
bristol,other,0.0,10.066666666666666
bristol,other,0.0,24.833333333333332
bristol,other,0.0,23.533333333333335
bristol,bristol,0.0,38.86666666666667
bristol,other,0.0,41.8
bristol,bristol,0.0,9.333333333333334
bristol,other,0.0,10.533333333333333
bristol,other,0.0,19.4
bristol,other,0.0,35.96666666666667
bristol,bristol,57.4,49.2
bristol,other,0.0,21.233333333333334
bristol,other,0.0,27.9
bristol,bristol,0.0,91.5
bristol,bristol,0.0,86.76666666666667
bristol,other,0.0,19.0
bristol,other,0.0,38.63333333333333
bristol,other,0.0,34.233333333333334
bristol,other,0.0,80.23333333333333
bristol,bristol,0.0,53.43333333333333
bristol,other,0.0,30.7
bristol,other,0.0,77.4
bristol,other,0.0,86.26666666666667
bristol,other,0.0,20.2
bristol,other,0.0,79.36666666666666
bristol,other,0.0,74.13333333333334
bristol,bristol,0.0,38.46666666666667
bristol,bristol,0.0,97.43333333333334
bristol,other,0.0,26.633333333333333
bristol,other,0.0,32.36666666666667
bristol,other,0.0,75.93333333333334
bristol,bristol,0.0,94.63333333333334
bristol,other,0.0,90.23333333333333
bristol,other,0.0,27.433333333333334
bristol,other,0.0,20.333333333333332
bristol,bristol,0.0,81.06666666666666
bristol,other,0.0,12.566666666666666
bristol,other,0.0,26.7
bristol,other,0.0,32.13333333333333
bristol,bristol,0.0,87.13333333333334
bristol,bristol,0.0,75.36666666666666
bristol,other,0.0,35.2
bristol,bristol,0.0,87.66666666666667
bristol,other,0.0,75.23333333333333
bristol,other,0.0,9.933333333333334
bristol,bristol,0.0,15.033333333333333
bristol,other,0.0,28.8
bristol,other,0.0,21.5
bristol,bristol,0.0,31.066666666666666
bristol,bristol,0.0,82.0
bristol,other,0.0,32.2
bristol,bristol,0.0,67.66666666666667
bristol,other,0.0,29.8
bristol,other,0.0,49.96666666666667
bristol,other,0.0,30.466666666666665
bristol,other,0.0,48.0
bristol,other,0.0,31.4
bristol,other,0.0,0.0
bristol,other,0.0,15.6
bristol,other,0.0,11.666666666666666
bristol,other,0.0,15.133333333333333
bristol,other,0.0,21.833333333333332
bristol,bristol,0.0,88.66666666666667
bristol,bristol,0.0,88.13333333333334
bristol,other,0.0,21.266666666666666
bristol,other,0.0,17.533333333333335
bristol,other,0.0,0.0
bristol,other,0.0,25.466666666666665
bristol,other,0.0,13.966666666666667
bristol,other,0.0,19.9
bristol,other,0.0,15.233333333333333
bristol,other,0.0,0.0
bristol,other,0.0,24.4
bristol,bristol,0.0,24.0
bristol,other,0.0,0.0
bristol,other,0.0,13.133333333333333
bristol,other,0.0,13.1
bristol,other,0.0,21.7
bristol,other,0.0,33.03333333333333
bristol,taunton,0.0,12.166666666666666
bristol,other,0.0,15.3
bristol,other,0.0,30.233333333333334
bristol,bristol,0.0,23.433333333333334
bristol,bristol,0.0,8.1
bristol,other,0.0,37.63333333333333
bristol,other,0.0,14.5
bristol,bristol,0.0,41.13333333333333
bristol,other,0.0,24.7
bristol,other,0.0,16.666666666666668
bristol,other,0.0,26.133333333333333
bristol,other,0.0,35.766666666666666
bristol,other,0.0,23.966666666666665
bristol,other,0.0,21.166666666666668
bristol,other,0.0,0.0
bristol,other,0.0,18.466666666666665
bristol,other,0.0,28.4
bristol,other,0.0,19.4
bristol,other,0.0,10.866666666666667
bristol,other,0.0,33.2
bristol,other,0.0,26.633333333333333
bristol,other,0.0,18.133333333333333
bristol,other,0.0,22.5
bristol,other,0.0,32.766666666666666
bristol,other,0.0,28.8
bristol,other,0.0,19.366666666666667
bristol,other,0.0,12.933333333333334
bristol,other,0.0,29.333333333333332
bristol,other,13.933333333333334,45.266666666666666
bristol,other,0.0,17.2
bristol,other,0.0,17.233333333333334
bristol,other,0.0,44.86666666666667
bristol,other,0.0,25.4
bristol,bristol,0.0,0.0
bristol,other,0.0,15.833333333333334
bristol,other,0.0,13.866666666666667
bristol,other,0.0,27.9
bristol,other,0.0,17.9
bristol,other,0.0,62.233333333333334
bristol,other,0.0,19.533333333333335
bristol,other,0.0,15.566666666666666
bristol,taunton,0.0,25.066666666666666
bristol,other,0.0,25.7
bristol,other,0.0,22.9
bristol,other,0.0,0.0
bristol,other,0.0,55.0
bristol,other,0.0,12.433333333333334
bristol,bristol,0.0,75.0
bristol,other,0.0,43.5
bristol,other,0.0,21.833333333333332
bristol,other,0.0,15.533333333333333
bristol,other,0.0,8.666666666666666
bristol,other,0.0,10.366666666666667
bristol,other,0.0,35.333333333333336
bristol,other,0.0,0.0
bristol,other,0.0,20.1
bristol,other,13.95,36.8
bristol,taunton,0.0,8.833333333333334
bristol,bristol,0.0,12.2
bristol,bristol,0.0,16.533333333333335
bristol,other,0.0,0.0
bristol,other,0.0,22.0
bristol,other,0.0,21.433333333333334
bristol,other,0.0,0.0
bristol,other,0.0,24.233333333333334
bristol,other,0.0,45.233333333333334
bristol,other,0.0,38.0
bristol,other,0.0,20.2
bristol,other,0.0,29.6
bristol,other,0.0,49.0
bristol,other,0.0,17.466666666666665
bristol,bristol,0.0,76.93333333333334
bristol,other,0.0,59.1
bristol,other,0.0,53.56666666666667
bristol,bristol,0.0,28.8
bristol,other,0.0,18.266666666666666
bristol,other,0.0,27.833333333333332
bristol,other,0.0,35.53333333333333
bristol,other,0.0,15.2
bristol,other,0.0,25.266666666666666
bristol,other,0.0,12.533333333333333
bristol,bristol,0.0,69.16666666666667
bristol,taunton,0.0,29.366666666666667
bristol,other,0.0,32.93333333333333
bristol,bristol,13.366666666666667,84.73333333333333
bristol,other,0.0,11.1
bristol,other,0.0,9.233333333333333
bristol,other,0.0,21.733333333333334
bristol,other,0.0,29.2
bristol,other,0.0,12.866666666666667
bristol,other,0.0,24.0
bristol,other,0.0,25.766666666666666
bristol,other,0.0,13.166666666666666
bristol,bristol,0.0,78.8
bristol,other,0.0,29.1
bristol,other,0.0,8.033333333333333
bristol,other,0.0,16.366666666666667
bristol,other,0.0,41.3
bristol,other,0.0,69.66666666666667
bristol,other,0.0,24.833333333333332
bristol,other,33.53333333333333,13.8
bristol,other,0.0,21.4
bristol,other,0.0,53.43333333333333
bristol,bristol,0.0,53.46666666666667
bristol,other,0.0,13.233333333333333
bristol,other,0.0,15.133333333333333
bristol,other,0.0,15.2
bristol,other,0.0,24.0
bristol,other,0.0,30.933333333333334
bristol,other,0.0,16.533333333333335
bristol,other,0.0,14.366666666666667
bristol,other,0.0,10.9
bristol,other,0.0,22.2
bristol,other,0.0,41.8
bristol,other,0.0,27.366666666666667
bristol,other,0.0,25.066666666666666
bristol,bristol,25.112499999999997,58.666666666666664
bristol,other,0.0,75.76666666666667
bristol,other,0.0,33.63333333333333
bristol,bristol,0.0,78.63333333333334
bristol,other,0.0,19.5
bristol,other,0.0,17.733333333333334
bristol,other,0.0,37.0
bristol,other,0.0,23.933333333333334
bristol,other,0.0,37.5
bristol,other,0.0,36.166666666666664
bristol,other,0.0,30.266666666666666
bristol,taunton,0.0,39.43333333333333
bristol,other,0.0,12.233333333333333
bristol,other,0.0,17.333333333333332
bristol,other,0.0,22.266666666666666
bristol,other,0.0,77.83333333333333
bristol,other,0.0,20.233333333333334
bristol,other,0.0,9.333333333333334
bristol,taunton,0.0,31.533333333333335
bristol,other,0.0,90.23333333333333
bristol,other,0.0,8.566666666666666
bristol,other,0.0,29.566666666666666
bristol,bristol,0.0,75.7
bristol,other,0.0,59.666666666666664
bristol,bristol,0.0,19.4
bristol,other,0.0,18.566666666666666
bristol,taunton,0.0,11.233333333333333
bristol,other,0.0,38.46666666666667
bristol,other,0.0,44.3
bristol,other,0.0,29.5
bristol,bristol,0.0,83.13333333333334
bristol,other,0.0,29.033333333333335
bristol,other,0.0,13.166666666666666
bristol,other,0.0,20.233333333333334
bristol,other,0.0,29.1
bristol,other,0.0,16.133333333333333
bristol,other,0.0,20.466666666666665
bristol,bristol,0.0,84.66666666666667
bristol,bristol,0.0,86.1
bristol,other,0.0,23.433333333333334
bristol,other,0.0,9.666666666666666
bristol,other,0.0,53.4
bristol,bristol,0.0,34.833333333333336
bristol,other,0.0,20.766666666666666
bristol,bristol,0.0,85.8
bristol,other,0.0,38.233333333333334
bristol,other,0.0,20.166666666666668
bristol,other,0.0,22.766666666666666
bristol,other,0.0,22.466666666666665
bristol,other,0.0,24.866666666666667
bristol,other,0.0,19.9
bristol,other,0.0,34.56666666666667
bristol,other,0.0,11.6
bristol,bristol,0.0,85.53333333333333
bristol,other,0.0,35.13333333333333
bristol,other,0.0,42.03333333333333
bristol,other,0.0,71.1
bristol,other,0.0,20.833333333333332
bristol,other,0.0,30.533333333333335
bristol,other,0.0,25.833333333333332
bristol,other,0.0,0.0
bristol,other,0.0,14.6
bristol,other,0.0,23.766666666666666
bristol,bristol,0.0,86.1
bristol,bristol,0.0,13.8
bristol,other,0.0,29.4
bristol,other,0.0,20.2
bristol,other,0.0,41.8
bristol,other,0.0,50.333333333333336
bristol,other,0.0,25.2
bristol,other,0.0,36.666666666666664
bristol,taunton,0.0,26.466666666666665
bristol,other,0.0,31.433333333333334
bristol,other,0.0,22.366666666666667
bristol,taunton,0.0,10.7
bristol,other,0.0,18.066666666666666
bristol,other,0.0,82.86666666666666
bristol,other,0.0,56.93333333333333
bristol,other,0.0,33.233333333333334
bristol,other,0.0,60.2
bristol,taunton,0.0,11.566666666666666
bristol,other,0.0,24.033333333333335
bristol,taunton,0.0,11.033333333333333
bristol,taunton,0.0,37.6
bristol,other,0.0,70.06666666666666
bristol,other,0.0,40.63333333333333
bristol,other,0.0,18.3
bristol,bristol,24.65,70.7
bristol,taunton,0.0,19.566666666666666
bristol,other,0.0,0.0
bristol,bristol,0.0,91.5
bristol,other,0.0,40.43333333333333
bristol,other,0.0,16.866666666666667
bristol,other,0.0,26.766666666666666
bristol,bristol,0.0,27.0
bristol,other,0.0,38.86666666666667
bristol,other,0.0,38.63333333333333
bristol,bristol,0.0,80.53333333333333
bristol,other,0.0,31.266666666666666
bristol,other,0.0,10.066666666666666
bristol,bristol,18.5,72.96666666666667
bristol,other,0.0,33.333333333333336
bristol,other,0.0,21.233333333333334
bristol,other,0.0,33.266666666666666
bristol,bristol,0.0,87.06666666666666
bristol,other,0.0,23.8
bristol,other,0.0,19.166666666666668
bristol,bristol,0.0,14.833333333333334
bristol,other,0.0,35.96666666666667
bristol,other,0.0,38.86666666666667
bristol,other,0.0,33.6
bristol,other,0.0,60.733333333333334
bristol,bristol,0.0,87.96666666666667
bristol,other,0.0,49.5
bristol,other,0.0,44.13333333333333
bristol,other,0.0,66.76666666666667
bristol,other,0.0,11.4
bristol,other,0.0,0.0
bristol,other,0.0,79.36666666666666
bristol,other,0.0,27.166666666666668
bristol,other,0.0,46.03333333333333
bristol,other,0.0,21.4
bristol,bristol,24.828571428571426,81.36666666666666
bristol,bristol,0.0,92.5
bristol,other,0.0,87.56666666666666
bristol,other,0.0,16.966666666666665
bristol,bristol,26.702380952380953,60.266666666666666
bristol,other,0.0,69.53333333333333
bristol,other,0.0,37.266666666666666
bristol,other,0.0,31.0
bristol,bristol,0.0,77.4
bristol,other,0.0,17.866666666666667
bristol,other,0.0,25.066666666666666
bristol,bristol,0.0,75.93333333333334
bristol,bristol,0.0,93.1
bristol,other,0.0,19.033333333333335
bristol,bristol,0.0,92.06666666666666
bristol,other,0.0,88.83333333333333
bristol,other,0.0,78.36666666666666
bristol,other,0.0,72.73333333333333
bristol,bristol,0.0,91.96666666666667
bristol,other,0.0,63.53333333333333
bristol,other,0.0,79.13333333333334
bristol,other,0.0,79.3
bristol,other,0.0,63.56666666666667
bristol,other,0.0,83.53333333333333
bristol,bristol,0.0,99.76666666666667
bristol,other,0.0,54.1
bristol,other,0.0,30.7
bristol,other,0.0,44.06666666666667
bristol,other,0.0,79.66666666666667
bristol,bristol,0.0,93.46666666666667
bristol,other,0.0,29.21666666666667
bristol,bristol,0.0,24.18
bristol,other,0.0,26.7
bristol,other,0.0,49.53333333333333
bristol,bristol,0.0,29.133333333333333
bristol,other,0.0,49.2
bristol,weston-super-mare,0.0,23.991666666666667
bristol,other,0.0,30.866666666666667
bristol,other,0.0,44.06666666666667
bristol,other,0.0,15.116666666666665
bristol,other,0.0,27.266666666666666
bristol,bristol,0.0,26.633333333333333
bristol,other,0.0,26.433333333333337
bristol,other,0.0,45.099999999999994
bristol,other,0.0,43.25
bristol,weston-super-mare,0.0,18.10666666666667
bristol,other,0.0,29.125
bristol,other,0.0,69.66666666666667
bristol,other,0.0,21.633333333333333
bristol,bristol,0.0,27.1
bristol,other,0.0,33.4
bristol,other,0.0,50.06666666666667
bristol,other,0.0,18.37333333333333
bristol,other,0.0,18.633333333333333
bristol,bristol,0.0,21.4
bristol,other,0.0,26.7
bristol,other,0.0,35.3
bristol,other,0.0,16.9
bristol,other,0.0,66.76666666666667
bristol,other,0.0,31.477777777777778
bristol,other,0.0,88.13333333333334
bristol,other,0.0,21.477777777777778
bristol,bristol,0.0,28.0
bristol,other,0.0,18.7
bristol,other,0.0,26.133333333333333
bristol,other,0.0,61.733333333333334
bristol,other,0.0,23.566666666666666
bristol,taunton,0.0,37.30833333333333
bristol,bristol,0.0,30.680000000000007
bristol,other,0.0,28.516666666666662
bristol,weston-super-mare,0.0,30.266666666666666
bristol,other,0.0,44.416666666666664
bristol,other,0.0,27.833333333333336
bristol,bristol,0.0,49.46666666666667
bristol,other,0.0,28.53333333333333
bristol,other,0.0,29.073333333333334
bristol,taunton,0.0,69.16666666666667
bristol,other,0.0,27.016666666666666
bristol,other,0.0,30.677777777777777
bristol,bristol,0.0,38.6
bristol,other,0.0,88.36666666666666
bristol,other,0.0,59.1
bristol,other,0.0,26.660000000000004
bristol,other,0.0,69.53333333333333
bristol,other,0.0,93.1
bristol,other,0.0,14.733333333333333
bristol,other,0.0,34.7
bristol,other,0.0,15.7
bristol,other,0.0,26.18
bristol,bristol,0.0,49.63333333333333
bristol,other,0.0,9.744444444444445
bristol,other,0.0,19.593333333333334
bristol,other,0.0,16.266666666666666
bristol,other,0.0,23.416666666666664
bristol,other,0.0,86.1
bristol,bristol,0.0,17.94761904761905
bristol,bristol,0.0,25.277777777777775
bristol,other,0.0,20.522222222222222
bristol,bristol,0.0,22.733333333333334
bristol,other,0.0,27.62777777777778
bristol,other,0.0,90.16666666666667
bristol,other,0.0,75.23333333333333
bristol,other,0.0,32.0125
bristol,other,0.0,19.266666666666666
bristol,other,0.0,18.07777777777778
bristol,other,0.0,18.616666666666667
bristol,taunton,0.0,87.06666666666666
bristol,bristol,0.0,15.266666666666667
bristol,other,0.0,87.56666666666666
bristol,other,0.0,53.150000000000006
bristol,weston-super-mare,0.0,24.716666666666665
bristol,other,0.0,19.686666666666667
bristol,other,0.0,58.53333333333333
bristol,bristol,0.0,44.9
bristol,taunton,0.0,81.36666666666666
bristol,other,0.0,55.5
bristol,other,0.0,29.874358974358977
bristol,other,0.0,53.71666666666667
bristol,other,0.0,30.7
bristol,other,0.0,36.35
bristol,other,0.0,8.9
bristol,other,0.0,72.73333333333333
bristol,taunton,0.0,87.96666666666667
bristol,other,0.0,27.316666666666666
bristol,bristol,0.0,30.333333333333336
bristol,other,0.0,28.271428571428572
bristol,other,0.0,17.48888888888889
bristol,other,0.0,34.73888888888889
bristol,taunton,0.0,31.04444444444444
bristol,other,0.0,60.733333333333334
bristol,bristol,0.0,19.5
bristol,other,0.0,28.648148148148145
bristol,other,0.0,57.75
bristol,other,0.0,79.66666666666667
bristol,other,0.0,87.66666666666667
bristol,other,0.0,33.6
bristol,other,0.0,31.333333333333332
bristol,other,0.0,9.516666666666667
bristol,bristol,0.0,36.21666666666667
bristol,other,0.0,93.46666666666667
bristol,taunton,0.0,43.6
bristol,other,0.0,28.633333333333333
bristol,taunton,0.0,56.25
bristol,other,0.0,25.147619047619052
bristol,taunton,0.0,91.96666666666667
bristol,bristol,0.0,16.166666666666668
bristol,taunton,0.0,85.53333333333333
bristol,other,0.0,63.833333333333336
bristol,other,0.0,36.42857142857143
bristol,other,0.0,42.46666666666667
bristol,other,0.0,23.433333333333334
bristol,other,0.0,10.4
bristol,other,0.0,22.64814814814814
bristol,other,0.0,70.73333333333333
bristol,weston-super-mare,0.0,19.416666666666668
bristol,bristol,0.0,9.7
bristol,other,0.0,46.37777777777777
bristol,other,0.0,49.45
bristol,other,0.0,42.17222222222222
bristol,weston-super-mare,0.0,31.0
bristol,taunton,0.0,71.9
bristol,other,0.0,79.13333333333334
bristol,other,0.0,71.46666666666667
bristol,other,0.0,9.766666666666667
bristol,other,0.0,33.2
bristol,bristol,13.6,28.0
bristol,other,0.0,12.466666666666667
bristol,other,0.0,20.333333333333332
bristol,bristol,0.0,77.83333333333333
bristol,bristol,0.0,87.13333333333334
bristol,bristol,31.5,19.9
bristol,other,0.0,12.566666666666666
bristol,other,26.233333333333334,15.733333333333333
bristol,other,0.0,17.9
bristol,bristol,44.5,86.1
bristol,other,35.3,26.133333333333333
bristol,bristol,20.95,38.233333333333334
bristol,other,16.183333333333334,15.233333333333333
bristol,bristol,16.85,21.2
bristol,other,31.816666666666666,14.466666666666667
bristol,bristol,0.0,69.16666666666667
bristol,bristol,29.616666666666667,40.5
bristol,other,0.0,17.2
bristol,bristol,25.866666666666667,29.7
bristol,bristol,24.65,16.533333333333335
bristol,bristol,48.233333333333334,23.966666666666665
bristol,bristol,33.53333333333333,87.66666666666667
bristol,bristol,18.216666666666665,59.1
bristol,bristol,16.083333333333332,40.46666666666667
bristol,bristol,15.283333333333333,52.63333333333333
bristol,bristol,34.5,47.4
bristol,bristol,0.0,49.46666666666667
bristol,bristol,62.31666666666667,36.8
bristol,bristol,30.483333333333334,27.5
bristol,bristol,0.0,15.2
bristol,other,0.0,33.03333333333333
bristol,bristol,18.616666666666667,49.266666666666666
bristol,other,0.0,18.566666666666666
bristol,other,0.0,32.13333333333333
bristol,bristol,7.75,27.433333333333334
bristol,other,27.016666666666666,11.333333333333334
bristol,bristol,33.11666666666667,50.2
bristol,bristol,54.78333333333333,37.7
bristol,bristol,34.35,41.333333333333336
bristol,bristol,33.11666666666667,51.766666666666666
bristol,bristol,31.9,49.63333333333333
bristol,bristol,13.6,18.2
bristol,bristol,7.75,19.6
bristol,other,33.125,14.466666666666667
bristol,other,0.0,0.0
bristol,bristol,0.0,26.7
bristol,other,50.6,31.4
bristol,other,0.0,0.0
bristol,bristol,56.36666666666667,29.866666666666667
bristol,bristol,21.3,15.533333333333333
bristol,other,0.0,19.4
bristol,bristol,19.266666666666666,19.033333333333335
bristol,other,0.0,0.0
bristol,bristol,31.316666666666666,75.76666666666667
bristol,bristol,56.75,30.4
bristol,bristol,0.0,27.3
bristol,other,0.0,6.566666666666666
bristol,other,0.0,0.0
bristol,bristol,31.916666666666668,23.433333333333334
bristol,bristol,20.95,28.0
bristol,bristol,0.0,12.2
bristol,bristol,16.75,32.13333333333333
bristol,bristol,0.0,39.166666666666664
bristol,other,0.0,21.7
bristol,other,0.0,21.833333333333332
bristol,bristol,34.38333333333333,28.233333333333334
bristol,other,0.0,10.933333333333334
bristol,bristol,0.0,21.833333333333332
bristol,other,0.0,33.63333333333333
bristol,other,0.0,28.4
bristol,other,0.0,7.933333333333334
bristol,other,0.0,13.966666666666667
bristol,bristol,30.533333333333335,19.133333333333333
bristol,bristol,17.5,11.8
bristol,other,0.0,18.666666666666668
bristol,bristol,0.0,16.266666666666666
bristol,bristol,0.0,18.433333333333334
bristol,bristol,38.86666666666667,26.7
bristol,bristol,19.266666666666666,27.633333333333333
bristol,bristol,56.75,45.266666666666666
bristol,bristol,7.75,9.166666666666666
bristol,other,0.0,15.233333333333333
bristol,bristol,30.533333333333335,22.933333333333334
bristol,bristol,50.2,28.8
bristol,bristol,0.0,21.633333333333333
bristol,bristol,58.766666666666666,27.266666666666666
bristol,other,0.0,50.233333333333334
bristol,bristol,38.983333333333334,20.5
bristol,bristol,0.0,28.033333333333335
bristol,other,0.0,8.433333333333334
bristol,bristol,52.25,35.2
bristol,other,0.0,41.03333333333333
bristol,other,38.71666666666667,0.0
bristol,other,0.0,16.666666666666668
bristol,other,0.0,9.933333333333334
bristol,other,30.666666666666668,10.366666666666667
bristol,bristol,16.75,29.133333333333333
bristol,other,0.0,29.2
bristol,bristol,29.15,24.4
bristol,bristol,0.0,71.6
bristol,other,0.0,14.5
bristol,bristol,16.85,37.53333333333333
bristol,other,29.25,18.766666666666666
bristol,bristol,38.983333333333334,29.8
bristol,bristol,35.9,19.366666666666667
bristol,bristol,20.95,12.166666666666666
bristol,other,0.0,10.866666666666667
bristol,bristol,24.533333333333335,78.8
bristol,bristol,16.516666666666666,26.333333333333332
bristol,other,80.33333333333333,24.7
bristol,other,0.0,21.5
bristol,other,0.0,37.63333333333333
bristol,other,0.0,42.03333333333333
bristol,bristol,30.85,18.1
bristol,bristol,0.0,32.2
bristol,bristol,31.9,18.133333333333333
bristol,other,0.0,25.266666666666666
bristol,other,0.0,27.9
bristol,bristol,12.25,21.166666666666668
bristol,bristol,25.566666666666666,31.066666666666666
bristol,other,30.816666666666666,30.233333333333334
bristol,bristol,58.43333333333333,14.133333333333333
bristol,bristol,13.933333333333334,81.06666666666666
bristol,bristol,17.833333333333332,35.13333333333333
bristol,other,0.0,29.566666666666666
bristol,other,0.0,17.233333333333334
bristol,bristol,25.55,23.933333333333334
bristol,bristol,24.65,25.1
bristol,bristol,52.25,26.633333333333333
bristol,bristol,62.916666666666664,61.733333333333334
bristol,bristol,38.71666666666667,28.8
bristol,bristol,38.71666666666667,29.333333333333332
bristol,bristol,62.483333333333334,23.166666666666668
bristol,bristol,0.0,37.0
bristol,other,0.0,27.366666666666667
bristol,bristol,31.916666666666668,30.866666666666667
bristol,other,0.0,8.4
bristol,bristol,15.1,19.266666666666666
bristol,bristol,29.15,24.0
bristol,other,0.0,31.6
bristol,bristol,66.78333333333333,33.06666666666667
bristol,other,0.0,12.933333333333334
bristol,bristol,21.3,11.0
bristol,bristol,62.31666666666667,23.1
bristol,other,0.0,34.833333333333336
bristol,bristol,34.35,32.2
bristol,other,0.0,11.933333333333334
bristol,other,25.55,20.166666666666668
bristol,other,45.94166666666666,22.2
bristol,bristol,19.433333333333334,29.6
bristol,bristol,0.0,71.1
bristol,bristol,0.0,30.666666666666668
bristol,bristol,58.766666666666666,18.0
bristol,bristol,0.0,15.566666666666666
bristol,bristol,33.13333333333333,8.666666666666666
bristol,other,0.0,17.533333333333335
bristol,other,44.9,0.0
bristol,other,0.0,27.833333333333332
bristol,bristol,12.366666666666667,12.433333333333334
bristol,other,0.0,15.6
bristol,bristol,19.433333333333334,38.766666666666666
bristol,bristol,23.766666666666666,13.733333333333333
bristol,bristol,0.0,41.3
bristol,other,0.0,15.133333333333333
bristol,bristol,35.3,55.0
bristol,bristol,25.55,15.3
bristol,other,0.0,11.133333333333333
bristol,bristol,33.13333333333333,17.933333333333334
bristol,other,0.0,30.466666666666665
bristol,bristol,31.316666666666666,25.666666666666668
bristol,bristol,14.35,35.93333333333333
bristol,other,0.0,20.566666666666666
bristol,bristol,31.5,15.466666666666667
bristol,other,0.0,29.8
bristol,other,0.0,21.833333333333332
bristol,other,0.0,25.4
bristol,bristol,0.0,25.7
bristol,bristol,30.666666666666668,40.93333333333333
bristol,other,0.0,15.833333333333334
bristol,bristol,30.85,25.633333333333333
bristol,other,0.0,23.7
bristol,other,9.058333333333334,11.366666666666667
bristol,bristol,22.683333333333334,35.333333333333336
bristol,bristol,23.766666666666666,23.233333333333334
bristol,bristol,30.433333333333334,20.266666666666666
bristol,bristol,33.13333333333333,14.9
bristol,other,26.233333333333334,13.1
bristol,other,0.0,17.4
bristol,other,0.0,52.13333333333333
bristol,other,0.0,49.56666666666667
bristol,other,0.0,39.233333333333334
bristol,bristol,17.866666666666667,25.366666666666667
bristol,other,48.233333333333334,43.93333333333333
bristol,bristol,14.35,8.866666666666667
bristol,bristol,30.533333333333335,13.133333333333333
bristol,bristol,13.6,25.466666666666665
bristol,bristol,15.1,41.266666666666666
bristol,bristol,23.766666666666666,13.7
bristol,other,0.0,43.6
bristol,other,0.0,12.533333333333333
bristol,bristol,0.0,18.7
bristol,bristol,13.716666666666667,29.366666666666667
bristol,bristol,24.216666666666665,41.766666666666666
bristol,other,0.0,11.666666666666666
bristol,bristol,0.0,20.1
bristol,bristol,50.2,38.1
bristol,bristol,58.766666666666666,41.8
bristol,other,0.0,37.4
bristol,other,16.05,21.433333333333334
bristol,bristol,0.0,83.13333333333334
bristol,other,17.22083333333333,40.13333333333333
bristol,bristol,22.683333333333334,21.4
bristol,other,0.0,18.466666666666665
bristol,bristol,0.0,51.43333333333333
bristol,bristol,17.5,33.36666666666667
bristol,bristol,0.0,11.533333333333333
bristol,bristol,0.0,43.03333333333333
bristol,bristol,0.0,78.63333333333334
bristol,bristol,25.866666666666667,75.23333333333333
bristol,bristol,0.0,60.2
bristol,bristol,17.866666666666667,28.0
bristol,bristol,16.183333333333334,44.06666666666667
bristol,bristol,38.71666666666667,48.0
bristol,bristol,24.65,30.7
bristol,other,62.916666666666664,41.3
bristol,bristol,13.366666666666667,20.1
bristol,bristol,18.616666666666667,38.0
bristol,bristol,23.766666666666666,33.53333333333333
bristol,bristol,52.25,0.0
bristol,bristol,34.38333333333333,45.233333333333334
bristol,bristol,23.733333333333334,43.2
bristol,bristol,25.566666666666666,33.4
bristol,bristol,57.4,55.733333333333334
bristol,bristol,56.75,27.766666666666666
bristol,other,0.0,23.466666666666665
bristol,other,51.46111111111111,26.2
bristol,other,0.0,16.366666666666667
bristol,other,0.0,0.0
bristol,bristol,33.13333333333333,43.5
bristol,bristol,13.95,84.66666666666667
bristol,bristol,20.95,29.566666666666666
bristol,bristol,17.5,44.86666666666667
bristol,bristol,34.5,58.666666666666664
bristol,bristol,80.33333333333333,53.56666666666667
bristol,other,0.0,25.066666666666666
bristol,bristol,0.0,0.0
bristol,bristol,38.983333333333334,30.933333333333334
bristol,other,0.0,41.8
bristol,other,0.0,19.9
bristol,other,25.433333333333334,21.266666666666666
bristol,bristol,0.0,85.53333333333333
bristol,bristol,24.716666666666665,75.36666666666666
bristol,other,0.0,29.1
bristol,bristol,48.766666666666666,75.7
bristol,other,0.0,18.266666666666666
bristol,other,35.3,17.466666666666665
bristol,other,0.0,28.533333333333335
bristol,bristol,0.0,58.53333333333333
bristol,bristol,0.0,37.5
bristol,bristol,0.0,21.4
bristol,other,0.0,41.7
bristol,bristol,56.75,53.4
bristol,other,16.183333333333334,13.166666666666666
bristol,bristol,66.78333333333333,34.63333333333333
bristol,bristol,16.05,53.96666666666667
bristol,bristol,48.333333333333336,42.2
bristol,bristol,54.416666666666664,35.766666666666666
bristol,bristol,19.266666666666666,24.0
bristol,bristol,66.78333333333333,69.66666666666667
bristol,bristol,29.15,16.6
bristol,bristol,25.55,50.333333333333336
bristol,bristol,35.333333333333336,30.266666666666666
bristol,bristol,19.266666666666666,22.866666666666667
bristol,bristol,35.333333333333336,39.43333333333333
bristol,bristol,23.016666666666666,22.933333333333334
bristol,bristol,50.6,59.666666666666664
bristol,bristol,25.55,25.066666666666666
bristol,other,0.0,26.466666666666665
bristol,other,24.633333333333333,23.933333333333334
bristol,other,48.766666666666666,40.43333333333333
bristol,bristol,24.65,34.833333333333336
bristol,other,0.0,34.56666666666667
bristol,bristol,13.933333333333334,86.1
bristol,other,0.0,32.333333333333336
bristol,bristol,21.0,70.06666666666666
bristol,other,18.216666666666665,17.733333333333334
bristol,bristol,31.9,49.0
bristol,other,0.0,35.13333333333333
bristol,other,0.0,35.4
bristol,other,0.0,8.433333333333334
bristol,bristol,0.0,76.93333333333334
bristol,other,0.0,29.1
bristol,other,0.0,36.166666666666664
bristol,bristol,14.35,49.2
bristol,bristol,0.0,72.96666666666667
bristol,bristol,35.3,54.86666666666667
bristol,bristol,31.916666666666668,41.13333333333333
bristol,bristol,36.36666666666667,18.7
bristol,bristol,32.05,48.5
bristol,other,0.0,22.266666666666666
bristol,other,0.0,28.066666666666666
bristol,bristol,23.766666666666666,11.1
bristol,bristol,21.3,24.4
bristol,bristol,35.9,0.0
bristol,other,20.799999999999997,15.066666666666666
bristol,bristol,16.083333333333332,41.56666666666667
bristol,other,32.61666666666667,8.566666666666666
bristol,bristol,16.333333333333332,85.8
bristol,bristol,16.083333333333332,0.0
bristol,bristol,23.766666666666666,16.233333333333334
bristol,bristol,34.5,13.666666666666666
bristol,other,0.0,18.366666666666667
bristol,bristol,0.0,44.8
bristol,bristol,0.0,13.166666666666666
bristol,other,0.0,16.833333333333332
bristol,bristol,17.866666666666667,12.866666666666667
bristol,other,0.0,13.866666666666667
bristol,bristol,19.433333333333334,16.533333333333335
bristol,bristol,0.0,19.9
bristol,other,0.0,22.5
bristol,other,0.0,15.133333333333333
bristol,bristol,34.233333333333334,9.666666666666666
bristol,bristol,30.483333333333334,13.8
bristol,bristol,16.516666666666666,13.8
bristol,bristol,23.9,0.0
bristol,bristol,13.366666666666667,8.1
bristol,bristol,0.0,19.5
bristol,other,16.083333333333332,8.533333333333333
bristol,other,25.15,12.233333333333333
bristol,bristol,19.433333333333334,6.633333333333334
bristol,bristol,13.716666666666667,8.833333333333334
bristol,bristol,64.95,48.06666666666667
bristol,bristol,0.0,67.66666666666667
bristol,other,0.0,22.766666666666666
bristol,bristol,23.0,88.66666666666667
bristol,bristol,38.71666666666667,23.433333333333334
bristol,other,0.0,18.566666666666666
bristol,other,0.0,13.233333333333333
bristol,bristol,0.0,12.133333333333333
bristol,bristol,0.0,31.533333333333335
bristol,bristol,16.083333333333332,20.233333333333334
bristol,bristol,58.766666666666666,52.666666666666664
bristol,other,44.150000000000006,22.9
bristol,bristol,48.233333333333334,29.5
bristol,bristol,16.083333333333332,15.7
bristol,bristol,0.0,13.266666666666667
bristol,bristol,23.733333333333334,21.666666666666668
bristol,other,0.0,23.766666666666666
bristol,bristol,17.5,19.566666666666666
bristol,other,0.0,14.466666666666667
bristol,other,0.0,17.633333333333333
bristol,other,0.0,32.766666666666666
bristol,bristol,0.0,36.666666666666664
bristol,bristol,57.4,20.833333333333332
bristol,bristol,25.866666666666667,47.5
bristol,bristol,0.0,91.96666666666667
bristol,other,0.0,29.033333333333335
bristol,bristol,33.11666666666667,0.0
bristol,bristol,0.0,82.0
bristol,bristol,0.0,59.53333333333333
bristol,other,0.0,14.366666666666667
bristol,bristol,0.0,22.0
bristol,other,0.0,29.633333333333333
bristol,bristol,29.15,33.166666666666664
bristol,bristol,33.13333333333333,0.0
bristol,bristol,15.283333333333333,29.366666666666667
bristol,bristol,62.31666666666667,31.633333333333333
bristol,bristol,64.95,54.03333333333333
bristol,other,0.0,30.533333333333335
bristol,bristol,0.0,60.266666666666666
bristol,bristol,30.433333333333334,32.46666666666667
bristol,bristol,0.0,22.333333333333332
bristol,bristol,25.566666666666666,13.8
bristol,other,0.0,20.233333333333334
bristol,bristol,13.366666666666667,17.833333333333332
bristol,bristol,33.53333333333333,88.36666666666666
bristol,bristol,31.9,24.033333333333335
bristol,other,0.0,25.833333333333332
bristol,bristol,0.0,10.433333333333334
bristol,bristol,30.483333333333334,17.333333333333332
bristol,other,18.066666666666666,10.8
bristol,other,0.0,21.7
bristol,bristol,0.0,22.466666666666665
bristol,bristol,31.316666666666666,11.3
bristol,other,0.0,19.166666666666668
bristol,other,0.0,14.866666666666667
bristol,bristol,0.0,7.0
bristol,other,80.33333333333333,19.533333333333335
bristol,bristol,0.0,69.53333333333333
bristol,bristol,0.0,82.86666666666666
bristol,bristol,12.25,32.0
bristol,other,0.0,32.93333333333333
bristol,bristol,40.9,88.13333333333334
bristol,other,0.0,21.733333333333334
bristol,bristol,57.4,11.5
bristol,bristol,0.0,14.666666666666666
bristol,bristol,12.25,20.766666666666666
bristol,other,0.0,16.866666666666667
bristol,other,0.0,16.133333333333333
bristol,bristol,62.31666666666667,7.2
bristol,other,0.0,10.466666666666667
bristol,other,0.0,11.6
bristol,bristol,0.0,22.5
bristol,other,0.0,31.433333333333334
bristol,bristol,0.0,44.56666666666667
bristol,bristol,15.1,42.166666666666664
bristol,other,38.71666666666667,38.233333333333334
bristol,other,0.0,44.13333333333333
bristol,bristol,33.13333333333333,26.466666666666665
bristol,other,0.0,11.7
bristol,bristol,0.0,17.2
bristol,other,0.0,44.06666666666667
bristol,other,0.0,25.433333333333334
bristol,bristol,25.566666666666666,13.766666666666667
bristol,bristol,14.35,37.6
bristol,bristol,0.0,11.233333333333333
bristol,other,0.0,27.533333333333335
bristol,other,0.0,24.866666666666667
bristol,bristol,0.0,8.9
bristol,other,0.0,19.9
bristol,other,50.6,40.63333333333333
bristol,bristol,34.35,35.53333333333333
bristol,other,0.0,20.466666666666665
bristol,other,0.0,30.7
bristol,other,27.016666666666666,24.233333333333334
bristol,bristol,15.283333333333333,78.36666666666666
bristol,bristol,0.0,33.333333333333336
bristol,bristol,0.0,11.4
bristol,bristol,0.0,41.5
bristol,bristol,24.216666666666665,28.8
bristol,bristol,54.78333333333333,33.6
bristol,other,0.0,20.166666666666668
bristol,other,0.0,15.2
bristol,bristol,0.0,10.4
bristol,bristol,33.13333333333333,52.733333333333334
bristol,bristol,23.733333333333334,87.56666666666666
bristol,bristol,0.0,82.2
bristol,other,0.0,22.366666666666667
bristol,other,0.0,18.066666666666666
bristol,bristol,30.666666666666668,62.233333333333334
bristol,other,0.0,20.5
bristol,bristol,0.0,8.633333333333333
bristol,bristol,0.0,38.86666666666667
bristol,other,0.0,25.2
bristol,other,0.0,29.4
bristol,bristol,0.0,87.06666666666666
bristol,other,0.0,22.366666666666667
bristol,bristol,66.78333333333333,73.66666666666667
bristol,other,0.0,26.633333333333333
bristol,bristol,0.0,9.333333333333334
bristol,other,0.0,24.033333333333335
bristol,other,0.0,26.466666666666665
bristol,other,0.0,18.233333333333334
bristol,bristol,13.95,90.16666666666667
bristol,other,0.0,33.333333333333336
bristol,other,0.0,23.8
bristol,other,0.0,21.233333333333334
bristol,other,0.0,26.766666666666666
bristol,bristol,0.0,15.0
bristol,bristol,48.766666666666666,92.06666666666666
bristol,other,0.0,32.13333333333333
bristol,bristol,34.5,26.5
bristol,bristol,0.0,81.36666666666666
bristol,bristol,31.316666666666666,83.53333333333333
bristol,bristol,0.0,20.2
bristol,other,0.0,27.9
bristol,bristol,16.05,63.233333333333334
bristol,bristol,21.0,79.36666666666666
bristol,bristol,24.716666666666665,93.1
bristol,bristol,0.0,10.066666666666666
bristol,other,0.0,35.96666666666667
bristol,other,0.0,30.7
bristol,bristol,0.0,12.4
bristol,bristol,0.0,16.5
bristol,bristol,0.0,91.5
bristol,other,0.0,21.4
bristol,bristol,0.0,71.9
bristol,other,0.0,27.433333333333334
bristol,bristol,0.0,11.566666666666666
bristol,other,0.0,38.63333333333333
bristol,bristol,0.0,80.23333333333333
bristol,other,0.0,27.166666666666668
bristol,bristol,0.0,32.36666666666667
bristol,bristol,0.0,77.4
bristol,bristol,0.0,92.5
bristol,other,0.0,33.733333333333334
bristol,other,0.0,41.8
bristol,bristol,0.0,38.46666666666667
bristol,bristol,0.0,101.03333333333333
bristol,bristol,0.0,86.26666666666667
bristol,bristol,33.11666666666667,88.83333333333333
bristol,bristol,0.0,46.03333333333333
bristol,other,0.0,40.9
bristol,bristol,0.0,79.66666666666667
bristol,other,0.0,0.0
bristol,other,0.0,13.966666666666667
bristol,bristol,56.36666666666667,9.766666666666667
bristol,bristol,0.0,12.466666666666667
bristol,other,0.0,21.833333333333332
bristol,other,0.0,15.733333333333333
bristol,other,0.0,20.333333333333332
bristol,other,0.0,19.9
bristol,bristol,0.0,21.7
bristol,other,0.0,11.133333333333333
bristol,other,0.0,18.2
bristol,other,56.36666666666667,28.0
bristol,bristol,0.0,18.366666666666667
bristol,other,0.0,25.466666666666665
bristol,bristol,0.0,18.666666666666668
bristol,bristol,0.0,7.933333333333334
bristol,bristol,0.0,14.5
bristol,bristol,0.0,17.533333333333335
bristol,other,0.0,29.866666666666667
bristol,other,0.0,18.1
bristol,other,24.633333333333333,23.966666666666665
bristol,other,0.0,19.033333333333335
bristol,bristol,0.0,33.2
bristol,other,25.15,35.13333333333333
bristol,bristol,35.3,17.9
bristol,bristol,62.483333333333334,19.4
bristol,bristol,0.0,10.366666666666667
bristol,other,0.0,16.6
bristol,other,13.6,27.433333333333334
bristol,other,30.85,28.8
bristol,bristol,0.0,8.433333333333334
bristol,bristol,62.916666666666664,14.466666666666667
bristol,other,0.0,14.466666666666667
bristol,bristol,15.283333333333333,39.233333333333334
bristol,other,0.0,30.4
bristol,other,35.9,21.166666666666668
bristol,other,0.0,23.433333333333334
bristol,other,0.0,33.36666666666667
bristol,other,25.866666666666667,24.4
bristol,other,0.0,17.2
bristol,bristol,16.083333333333332,11.8
bristol,other,0.0,29.133333333333333
bristol,other,30.533333333333335,29.8
bristol,other,0.0,21.833333333333332
bristol,bristol,80.33333333333333,18.766666666666666
bristol,bristol,24.65,41.3
bristol,other,30.85,38.1
bristol,other,0.0,30.266666666666666
bristol,other,0.0,30.866666666666667
bristol,bristol,18.216666666666665,15.233333333333333
bristol,other,25.433333333333334,28.033333333333335
bristol,bristol,66.78333333333333,10.866666666666667
bristol,other,52.25,29.7
bristol,bristol,23.016666666666666,33.03333333333333
bristol,bristol,16.183333333333334,26.2
bristol,other,0.0,37.53333333333333
bristol,bristol,17.833333333333332,27.9
bristol,other,0.0,22.933333333333334
bristol,other,30.533333333333335,20.5
bristol,other,0.0,47.4
bristol,bristol,0.0,34.833333333333336
bristol,bristol,0.0,29.2
bristol,other,0.0,32.2
bristol,bristol,25.866666666666667,0.0
bristol,other,0.0,26.633333333333333
bristol,other,0.0,29.566666666666666
bristol,bristol,0.0,26.133333333333333
bristol,bristol,0.0,9.933333333333334
bristol,other,66.78333333333333,19.366666666666667
bristol,bristol,0.0,0.0
bristol,bristol,0.0,25.4
bristol,other,0.0,20.166666666666668
bristol,other,0.0,21.2
bristol,other,0.0,33.06666666666667
bristol,other,32.61666666666667,21.633333333333333
bristol,bristol,29.616666666666667,18.566666666666666
bristol,other,0.0,18.0
bristol,other,30.85,60.2
bristol,other,0.0,30.666666666666668
bristol,other,0.0,19.6
bristol,other,0.0,25.633333333333333
bristol,bristol,0.0,15.233333333333333
bristol,bristol,0.0,18.0
bristol,bristol,48.233333333333334,28.4
bristol,other,0.0,16.666666666666668
bristol,other,0.0,25.1
bristol,bristol,0.0,24.7
bristol,other,0.0,18.433333333333334
bristol,bristol,16.083333333333332,18.466666666666665
bristol,other,29.15,27.266666666666666
bristol,bristol,23.733333333333334,29.8
bristol,bristol,35.53333333333333,27.366666666666667
bristol,bristol,0.0,0.0
bristol,other,23.733333333333334,20.2
bristol,bristol,31.5,45.266666666666666
bristol,other,0.0,28.8
bristol,bristol,19.266666666666666,38.233333333333334
bristol,other,0.0,25.266666666666666
bristol,bristol,34.233333333333334,21.5
bristol,bristol,24.216666666666665,8.866666666666667
bristol,other,0.0,28.0
bristol,other,0.0,29.6
bristol,other,0.0,23.933333333333334
bristol,other,0.0,23.1
bristol,other,0.0,26.7
bristol,other,31.816666666666666,23.166666666666668
bristol,other,0.0,41.56666666666667
bristol,other,0.0,35.2
bristol,other,34.5,40.93333333333333
bristol,other,20.95,19.133333333333333
bristol,other,0.0,31.066666666666666
bristol,bristol,30.666666666666668,49.56666666666667
bristol,other,0.0,27.5
bristol,other,0.0,58.666666666666664
bristol,other,0.0,39.166666666666664
bristol,other,0.0,71.1
bristol,other,0.0,18.733333333333334
bristol,other,0.0,15.833333333333334
bristol,other,12.25,53.56666666666667
bristol,bristol,0.0,31.6
bristol,other,26.233333333333334,26.7
bristol,other,0.0,80.06666666666666
bristol,other,0.0,43.2
bristol,other,0.0,33.4
bristol,other,38.983333333333334,55.0
bristol,other,0.0,38.766666666666666
bristol,bristol,31.916666666666668,27.3
bristol,other,0.0,19.266666666666666
bristol,bristol,31.316666666666666,8.4
bristol,other,0.0,29.333333333333332
bristol,bristol,54.78333333333333,30.466666666666665
bristol,other,0.0,52.63333333333333
bristol,other,29.15,75.23333333333333
bristol,other,7.75,61.733333333333334
bristol,bristol,50.6,11.366666666666667
bristol,other,0.0,32.13333333333333
bristol,other,0.0,27.633333333333333
bristol,bristol,0.0,11.666666666666666
bristol,other,0.0,49.46666666666667
bristol,bristol,0.0,11.933333333333334
bristol,other,35.9,69.66666666666667
bristol,bristol,0.0,0.0
bristol,other,21.3,13.733333333333333
bristol,other,0.0,83.13333333333334
bristol,other,0.0,32.2
bristol,other,0.0,17.233333333333334
bristol,other,0.0,41.266666666666666
bristol,other,0.0,41.333333333333336
bristol,other,16.85,40.5
bristol,other,0.0,21.4
bristol,other,0.0,27.833333333333332
bristol,other,58.766666666666666,59.1
bristol,other,50.2,44.06666666666667
bristol,other,0.0,87.13333333333334
bristol,bristol,0.0,31.4
bristol,other,0.0,0.0
bristol,other,0.0,13.7
bristol,bristol,33.11666666666667,41.8
bristol,other,0.0,78.63333333333334
bristol,bristol,0.0,6.566666666666666
bristol,bristol,0.0,21.433333333333334
bristol,bristol,0.0,43.6
bristol,bristol,0.0,12.933333333333334
bristol,bristol,62.916666666666664,0.0
bristol,other,21.3,23.233333333333334
bristol,other,0.0,38.0
bristol,other,0.0,26.333333333333332
bristol,bristol,0.0,52.13333333333333
bristol,other,22.683333333333334,25.666666666666668
bristol,other,0.0,35.333333333333336
bristol,other,24.633333333333333,87.66666666666667
bristol,other,0.0,8.666666666666666
bristol,other,0.0,8.1
bristol,bristol,12.366666666666667,15.133333333333333
bristol,other,0.0,20.1
bristol,bristol,35.53333333333333,0.0
bristol,other,0.0,41.766666666666666
bristol,other,32.61666666666667,84.66666666666667
bristol,other,0.0,0.0
bristol,other,27.016666666666666,15.566666666666666
bristol,other,0.0,69.16666666666667
bristol,other,0.0,11.333333333333334
bristol,other,0.0,15.6
bristol,other,0.0,9.166666666666666
bristol,other,0.0,11.0
bristol,other,0.0,15.533333333333333
bristol,bristol,0.0,23.7
bristol,other,0.0,77.83333333333333
bristol,other,0.0,20.1
bristol,bristol,13.366666666666667,43.5
bristol,other,0.0,21.266666666666666
bristol,bristol,16.05,20.566666666666666
bristol,other,0.0,58.666666666666664
bristol,bristol,0.0,23.466666666666665
bristol,bristol,0.0,18.266666666666666
bristol,other,25.55,25.7
bristol,bristol,0.0,40.13333333333333
bristol,other,0.0,29.366666666666667
bristol,other,23.9,48.0
bristol,other,0.0,13.1
bristol,other,31.816666666666666,78.8
bristol,other,16.333333333333332,17.933333333333334
bristol,other,0.0,18.7
bristol,other,34.35,49.96666666666667
bristol,other,0.0,12.2
bristol,other,25.433333333333334,81.06666666666666
bristol,other,0.0,20.266666666666666
bristol,other,20.95,22.3
bristol,other,25.433333333333334,22.933333333333334
bristol,bristol,0.0,12.533333333333333
bristol,other,31.9,50.2
bristol,other,0.0,53.46666666666667
bristol,other,0.0,19.9
bristol,other,0.0,14.133333333333333
bristol,other,23.766666666666666,14.9
bristol,bristol,0.0,33.53333333333333
bristol,other,0.0,18.7
bristol,other,57.4,37.5
bristol,other,0.0,20.2
bristol,other,36.416666666666664,15.2
bristol,other,0.0,13.133333333333333
bristol,other,0.0,75.36666666666666
bristol,bristol,21.0,17.4
bristol,other,0.0,11.533333333333333
bristol,other,0.0,30.766666666666666
bristol,other,0.0,12.233333333333333
bristol,other,0.0,26.466666666666665
bristol,other,19.433333333333334,51.43333333333333
bristol,bristol,0.0,17.733333333333334
bristol,bristol,23.016666666666666,33.63333333333333
bristol,other,25.55,82.0
bristol,other,23.766666666666666,59.666666666666664
bristol,other,0.0,84.73333333333333
bristol,other,0.0,49.63333333333333
bristol,other,0.0,30.233333333333334
bristol,other,0.0,23.933333333333334
bristol,bristol,0.0,13.166666666666666
bristol,bristol,0.0,15.133333333333333
bristol,other,35.31666666666667,75.7
bristol,other,25.866666666666667,24.0
bristol,other,0.0,39.43333333333333
bristol,other,0.0,28.066666666666666
bristol,other,35.31666666666667,37.7
bristol,other,0.0,34.833333333333336
bristol,other,0.0,24.0
bristol,other,0.0,22.5
bristol,other,0.0,13.666666666666666
bristol,other,34.35,55.733333333333334
bristol,other,24.533333333333335,31.533333333333335
bristol,other,33.53333333333333,25.266666666666666
bristol,bristol,0.0,41.7
bristol,other,0.0,21.4
bristol,other,0.0,22.866666666666667
bristol,bristol,0.0,17.466666666666665
bristol,other,13.933333333333334,27.766666666666666
bristol,bristol,0.0,21.833333333333332
bristol,bristol,0.0,41.3
bristol,other,34.35,51.766666666666666
bristol,bristol,15.283333333333333,16.833333333333332
bristol,bristol,0.0,29.1
bristol,other,16.75,44.8
bristol,other,30.816666666666666,35.766666666666666
bristol,other,58.43333333333333,48.5
bristol,other,0.0,22.2
bristol,other,24.633333333333333,29.5
bristol,bristol,0.0,35.4
bristol,other,66.78333333333333,0.0
bristol,bristol,16.083333333333332,44.86666666666667
bristol,other,0.0,45.233333333333334
bristol,bristol,0.0,22.266666666666666
bristol,other,0.0,58.53333333333333
bristol,bristol,0.0,28.533333333333335
bristol,other,13.716666666666667,0.0
bristol,bristol,31.9,13.233333333333333
bristol,bristol,0.0,13.866666666666667
bristol,other,0.0,6.633333333333334
bristol,other,0.0,8.566666666666666
bristol,other,0.0,41.13333333333333
bristol,bristol,17.833333333333332,25.066666666666666
bristol,other,0.0,30.7
bristol,bristol,0.0,50.233333333333334
bristol,other,0.0,47.5
bristol,other,48.333333333333336,54.86666666666667
bristol,other,0.0,67.66666666666667
bristol,bristol,0.0,14.366666666666667
bristol,other,24.716666666666665,19.566666666666666
bristol,bristol,0.0,8.533333333333333
bristol,other,15.283333333333333,16.533333333333335
bristol,bristol,0.0,37.63333333333333
bristol,other,13.95,7.2
bristol,other,0.0,17.333333333333332
bristol,other,0.0,38.6
bristol,bristol,0.0,14.466666666666667
bristol,other,16.516666666666666,33.166666666666664
bristol,bristol,0.0,29.1
bristol,other,62.31666666666667,12.133333333333333
bristol,other,0.0,20.233333333333334
bristol,bristol,0.0,32.766666666666666
bristol,other,0.0,15.7
bristol,other,33.13333333333333,32.46666666666667
bristol,other,0.0,8.833333333333334
bristol,other,0.0,30.933333333333334
bristol,other,26.0,12.433333333333334
bristol,bristol,23.733333333333334,20.466666666666665
bristol,other,25.15,14.733333333333333
bristol,other,0.0,15.266666666666667
bristol,bristol,32.05,42.03333333333333
bristol,other,0.0,72.96666666666667
bristol,other,36.416666666666664,88.13333333333334
bristol,other,7.75,66.76666666666667
bristol,other,0.0,36.666666666666664
bristol,bristol,0.0,25.833333333333332
bristol,other,0.0,44.9
bristol,other,48.766666666666666,35.93333333333333
bristol,other,0.0,37.0
bristol,bristol,0.0,38.233333333333334
bristol,other,0.0,29.033333333333335
bristol,bristol,0.0,19.533333333333335
bristol,other,30.433333333333334,53.96666666666667
bristol,other,0.0,23.433333333333334
bristol,bristol,33.11666666666667,31.433333333333334
bristol,bristol,18.216666666666665,43.93333333333333
bristol,other,19.433333333333334,26.5
bristol,other,64.95,44.3
bristol,other,0.0,13.8
bristol,other,25.55,20.233333333333334
bristol,other,21.3,75.76666666666667
bristol,other,0.0,70.06666666666666
bristol,other,21.3,11.1
bristol,bristol,0.0,23.766666666666666
bristol,bristol,80.33333333333333,22.9
bristol,bristol,0.0,22.766666666666666
bristol,other,0.0,13.766666666666667
bristol,other,0.0,34.86666666666667
bristol,other,34.35,20.833333333333332
bristol,other,0.0,11.233333333333333
bristol,other,27.016666666666666,85.8
bristol,bristol,0.0,36.166666666666664
bristol,other,32.61666666666667,9.666666666666666
bristol,other,14.35,22.333333333333332
bristol,other,31.9,0.0
bristol,other,0.0,14.666666666666666
bristol,other,0.0,71.6
bristol,bristol,30.666666666666668,15.066666666666666
bristol,other,58.766666666666666,55.1
bristol,other,0.0,25.066666666666666
bristol,other,35.333333333333336,48.06666666666667
bristol,bristol,0.0,17.633333333333333
bristol,other,0.0,13.8
bristol,other,0.0,41.8
bristol,other,35.9,20.766666666666666
bristol,bristol,0.0,10.8
bristol,other,33.13333333333333,8.633333333333333
bristol,other,23.766666666666666,0.0
bristol,other,0.0,25.8
bristol,other,0.0,24.233333333333334
bristol,bristol,0.0,35.13333333333333
bristol,other,48.766666666666666,37.6
bristol,other,0.0,29.366666666666667
bristol,other,27.016666666666666,22.466666666666665
bristol,other,0.0,75.0
bristol,other,0.0,86.1
bristol,bristol,50.6,10.466666666666667
bristol,other,0.0,33.6
bristol,other,0.0,22.0
bristol,bristol,0.0,29.4
bristol,other,31.316666666666666,24.4
bristol,bristol,0.0,20.166666666666668
bristol,other,0.0,30.7
bristol,other,0.0,34.56666666666667
bristol,other,0.0,10.433333333333334
bristol,other,0.0,40.43333333333333
bristol,other,0.0,14.866666666666667
bristol,other,0.0,34.63333333333333
bristol,other,0.0,26.466666666666665
bristol,other,26.0,11.4
bristol,other,0.0,44.56666666666667
bristol,other,0.0,12.866666666666667
bristol,bristol,0.0,11.7
bristol,other,0.0,12.166666666666666
bristol,other,0.0,11.3
bristol,other,0.0,24.033333333333335
bristol,other,0.0,21.666666666666668
bristol,other,0.0,85.53333333333333
bristol,other,0.0,17.9
bristol,other,0.0,91.96666666666667
bristol,other,0.0,33.333333333333336
bristol,bristol,0.0,44.13333333333333
bristol,bristol,0.0,19.9
bristol,other,30.816666666666666,80.53333333333333
bristol,other,25.55,92.5
bristol,other,26.0,88.66666666666667
bristol,bristol,0.0,32.93333333333333
bristol,other,35.333333333333336,59.53333333333333
bristol,other,34.5,62.233333333333334
bristol,other,0.0,22.366666666666667
bristol,other,0.0,24.866666666666667
bristol,other,0.0,25.766666666666666
bristol,other,0.0,22.5
bristol,other,25.15,93.1
bristol,other,0.0,16.233333333333334
bristol,bristol,54.78333333333333,44.06666666666667
bristol,other,0.0,60.266666666666666
bristol,other,0.0,25.2
bristol,bristol,0.0,18.066666666666666
bristol,bristol,12.366666666666667,21.733333333333334
bristol,other,0.0,76.93333333333334
bristol,bristol,0.0,22.366666666666667
bristol,other,0.0,11.3
bristol,other,0.0,20.2
bristol,other,0.0,14.6
bristol,bristol,35.3,32.333333333333336
bristol,other,33.11666666666667,35.53333333333333
bristol,other,0.0,87.06666666666666
bristol,other,0.0,81.36666666666666
bristol,other,0.0,11.566666666666666
bristol,other,0.0,87.96666666666667
bristol,bristol,0.0,26.466666666666665
bristol,bristol,0.0,27.0
bristol,bristol,0.0,41.5
bristol,other,0.0,18.3
bristol,bristol,0.0,21.7
bristol,bristol,0.0,24.0
bristol,other,23.9,71.46666666666667
bristol,other,0.0,19.0
bristol,bristol,0.0,40.63333333333333
bristol,other,0.0,70.7
bristol,other,0.0,71.9
bristol,other,0.0,10.9
bristol,other,0.0,49.0
bristol,other,0.0,30.7
bristol,bristol,0.0,33.333333333333336
bristol,other,29.15,69.53333333333333
bristol,other,0.0,10.4
bristol,bristol,0.0,24.033333333333335
bristol,bristol,0.0,33.733333333333334
bristol,other,13.716666666666667,87.56666666666666
bristol,bristol,0.0,27.433333333333334
bristol,bristol,0.0,26.766666666666666
bristol,other,0.0,27.0
bristol,other,0.0,0.0
bristol,other,57.4,72.73333333333333
bristol,other,0.0,13.266666666666667
bristol,bristol,0.0,49.5
bristol,other,0.0,32.766666666666666
bristol,bristol,0.0,21.233333333333334
bristol,other,30.433333333333334,63.233333333333334
bristol,other,0.0,38.63333333333333
bristol,other,0.0,27.166666666666668
bristol,other,0.0,23.533333333333335
bristol,other,0.0,25.966666666666665
bristol,other,0.0,77.4
bristol,other,0.0,22.133333333333333
bristol,other,0.0,14.833333333333334
bristol,other,0.0,31.266666666666666
bristol,other,33.13333333333333,19.9
bristol,bristol,0.0,21.4
bristol,other,21.3,83.53333333333333
bristol,bristol,0.0,20.5
bristol,bristol,0.0,26.633333333333333
bristol,other,0.0,42.166666666666664
bristol,other,0.0,0.0
bristol,other,0.0,10.533333333333333
bristol,bristol,0.0,27.9
bristol,other,0.0,7.0
bristol,other,26.0,91.5
bristol,other,0.0,80.23333333333333
bristol,other,0.0,10.066666666666666
bristol,other,13.6,82.86666666666666
bristol,other,0.0,78.36666666666666
bristol,other,35.9,73.66666666666667
bristol,other,33.13333333333333,79.36666666666666
bristol,other,0.0,82.2
bristol,other,0.0,79.66666666666667
bristol,other,0.0,75.93333333333334
bristol,bristol,0.0,40.9
bristol,other,23.766666666666666,67.43333333333334
bristol,other,34.35,88.83333333333333
bristol,bristol,0.0,30.7
bristol,other,0.0,53.43333333333333
bristol,other,0.0,32.13333333333333
bristol,other,0.0,13.166666666666666
bristol,other,27.016666666666666,86.76666666666667
bristol,other,0.0,35.96666666666667
bristol,other,12.25,56.93333333333333
bristol,other,0.0,86.26666666666667
bristol,other,0.0,25.233333333333334
bristol,other,0.0,99.76666666666667
bristol,bristol,62.916666666666664,28.033333333333335
bristol,other,0.0,14.466666666666667
bristol,other,0.0,0.0
bristol,other,34.38333333333333,19.9
bristol,other,0.0,19.6
bristol,other,0.0,29.866666666666667
bristol,bristol,0.0,29.2
bristol,other,0.0,9.766666666666667
bristol,other,0.0,61.733333333333334
bristol,other,0.0,30.4
bristol,other,0.0,20.333333333333332
bristol,other,0.0,26.7
bristol,other,0.0,87.13333333333334
bristol,other,0.0,28.0
bristol,bristol,0.0,26.133333333333333
bristol,other,0.0,32.2
bristol,bristol,0.0,29.8
bristol,other,16.75,19.033333333333335
bristol,other,0.0,32.13333333333333
bristol,other,0.0,18.566666666666666
bristol,other,16.85,23.433333333333334
bristol,other,0.0,29.133333333333333
bristol,other,0.0,14.5
bristol,other,0.0,60.2
bristol,other,0.0,26.2
bristol,other,0.0,21.833333333333332
bristol,other,0.0,17.533333333333335
bristol,other,0.0,8.433333333333334
bristol,bristol,0.0,38.1
bristol,weston-super-mare,0.0,27.3
bristol,other,52.25,16.533333333333335
bristol,other,0.0,30.866666666666667
bristol,other,0.0,69.16666666666667
bristol,weston-super-mare,0.0,28.4
bristol,other,0.0,24.4
bristol,other,0.0,0.0
bristol,other,0.0,35.2
bristol,other,0.0,26.333333333333332
bristol,other,0.0,17.2
bristol,bristol,0.0,23.966666666666665
bristol,other,0.0,26.633333333333333
bristol,other,0.0,25.1
bristol,bristol,0.0,27.266666666666666
bristol,other,0.0,83.13333333333334
bristol,bristol,0.0,10.366666666666667
bristol,other,0.0,40.46666666666667
bristol,other,0.0,41.03333333333333
bristol,other,0.0,34.833333333333336
bristol,bristol,0.0,35.13333333333333
bristol,other,0.0,33.36666666666667
bristol,other,0.0,41.56666666666667
bristol,other,0.0,75.36666666666666
bristol,other,0.0,49.56666666666667
bristol,other,0.0,11.133333333333333
bristol,other,0.0,18.766666666666666
bristol,other,0.0,10.866666666666667
bristol,other,0.0,29.333333333333332
bristol,bristol,0.0,24.7
bristol,other,0.0,21.166666666666668
bristol,other,38.71666666666667,15.033333333333333
bristol,other,0.0,23.1
bristol,other,0.0,13.966666666666667
bristol,other,0.0,78.63333333333334
bristol,other,0.0,29.8
bristol,other,0.0,38.0
bristol,bristol,0.0,30.666666666666668
bristol,bristol,0.0,0.0
bristol,other,0.0,19.266666666666666
bristol,weston-super-mare,0.0,18.466666666666665
bristol,other,0.0,20.166666666666668
bristol,other,0.0,43.2
bristol,other,0.0,58.53333333333333
bristol,weston-super-mare,0.0,15.3
bristol,other,0.0,69.66666666666667
bristol,bristol,0.0,12.933333333333334
bristol,other,0.0,37.4
bristol,other,0.0,67.66666666666667
bristol,other,0.0,23.933333333333334
bristol,other,31.9,43.03333333333333
bristol,other,0.0,35.93333333333333
bristol,weston-super-mare,0.0,30.466666666666665
bristol,other,0.0,8.666666666666666
bristol,other,0.0,32.13333333333333
bristol,other,0.0,0.0
bristol,other,0.0,33.4
bristol,other,0.0,49.96666666666667
bristol,other,0.0,37.5
bristol,other,0.0,51.766666666666666
bristol,other,57.4,75.7
bristol,weston-super-mare,0.0,8.866666666666667
bristol,other,0.0,17.233333333333334
bristol,bristol,0.0,31.4
bristol,weston-super-mare,0.0,43.5
bristol,other,0.0,25.666666666666668
bristol,bristol,0.0,23.233333333333334
bristol,other,0.0,20.1
bristol,other,0.0,17.4
bristol,other,0.0,13.733333333333333
bristol,other,0.0,59.666666666666664
bristol,other,0.0,84.73333333333333
bristol,weston-super-mare,0.0,15.133333333333333
bristol,other,0.0,6.566666666666666
bristol,other,0.0,66.76666666666667
bristol,other,22.683333333333334,8.1
bristol,other,0.0,20.266666666666666
bristol,bristol,0.0,12.433333333333334
bristol,other,0.0,12.2
bristol,other,0.0,53.96666666666667
bristol,other,0.0,16.366666666666667
bristol,other,0.0,0.0
bristol,other,0.0,12.533333333333333
bristol,other,34.38333333333333,15.466666666666667
bristol,other,0.0,9.166666666666666
bristol,other,0.0,18.7
bristol,other,0.0,27.766666666666666
bristol,bristol,0.0,16.266666666666666
bristol,other,0.0,86.1
bristol,other,0.0,7.933333333333334
bristol,other,0.0,21.833333333333332
bristol,bristol,0.0,22.933333333333334
bristol,weston-super-mare,0.0,0.0
bristol,other,0.0,32.333333333333336
bristol,weston-super-mare,0.0,29.566666666666666
bristol,other,0.0,13.133333333333333
bristol,other,0.0,20.2
bristol,other,0.0,29.1
bristol,other,16.75,24.0
bristol,other,0.0,12.466666666666667
bristol,other,0.0,28.0
bristol,bristol,0.0,42.2
bristol,other,0.0,27.633333333333333
bristol,other,0.0,54.86666666666667
bristol,other,0.0,72.96666666666667
bristol,other,0.0,12.166666666666666
bristol,other,0.0,39.166666666666664
bristol,other,0.0,71.6
bristol,other,0.0,41.7
bristol,other,0.0,50.233333333333334
bristol,other,0.0,37.63333333333333
bristol,other,0.0,15.733333333333333
bristol,bristol,30.583333333333332,15.2
bristol,other,0.0,88.13333333333334
bristol,other,0.0,28.066666666666666
bristol,weston-super-mare,0.0,28.533333333333335
bristol,other,0.0,14.133333333333333
bristol,other,0.0,48.5
bristol,other,0.0,22.866666666666667
bristol,weston-super-mare,0.0,0.0
bristol,bristol,0.0,27.433333333333334
bristol,other,0.0,31.533333333333335
bristol,other,0.0,9.933333333333334
bristol,weston-super-mare,0.0,44.86666666666667
bristol,weston-super-mare,0.0,21.5
bristol,other,0.0,21.7
bristol,other,0.0,29.7
bristol,other,0.0,36.166666666666664
bristol,bristol,22.954761904761906,35.766666666666666
bristol,other,0.0,22.2
bristol,other,0.0,80.53333333333333
bristol,other,0.0,0.0
bristol,other,0.0,40.5
bristol,other,0.0,41.8
bristol,weston-super-mare,0.0,13.8
bristol,bristol,0.0,52.666666666666664
bristol,other,0.0,70.7
bristol,other,0.0,24.0
bristol,bristol,36.60333333333334,21.633333333333333
bristol,other,0.0,21.2
bristol,other,0.0,15.533333333333333
bristol,bristol,0.0,29.5
bristol,other,0.0,30.7
bristol,other,52.25,34.833333333333336
bristol,bristol,0.0,23.166666666666668
bristol,bristol,0.0,15.233333333333333
bristol,other,0.0,55.1
bristol,other,0.0,16.833333333333332
bristol,other,0.0,28.0
bristol,other,0.0,13.666666666666666
bristol,bristol,0.0,32.766666666666666
bristol,other,0.0,17.9
bristol,other,0.0,42.166666666666664
bristol,weston-super-mare,0.0,41.3
bristol,other,0.0,29.366666666666667
bristol,weston-super-mare,0.0,19.4
bristol,other,0.0,16.533333333333335
bristol,weston-super-mare,0.0,27.9
bristol,other,0.0,85.53333333333333
bristol,other,0.0,19.5
bristol,other,0.0,93.1
bristol,bristol,0.0,25.7
bristol,other,0.0,78.36666666666666
bristol,weston-super-mare,0.0,38.233333333333334
bristol,other,0.0,11.333333333333334
bristol,bristol,0.0,14.733333333333333
bristol,bristol,19.60333333333333,26.7
bristol,other,0.0,43.93333333333333
bristol,other,0.0,13.866666666666667
bristol,other,0.0,18.666666666666668
bristol,other,0.0,62.233333333333334
bristol,other,38.71666666666667,13.8
bristol,other,0.0,28.233333333333334
bristol,other,0.0,14.366666666666667
bristol,other,0.0,23.433333333333334
bristol,other,0.0,34.63333333333333
bristol,bristol,0.0,19.533333333333335
bristol,other,0.0,29.566666666666666
bristol,other,0.0,11.666666666666666
bristol,bristol,0.0,9.666666666666666
bristol,other,0.0,73.66666666666667
bristol,other,0.0,20.766666666666666
bristol,other,0.0,11.933333333333334
bristol,other,0.0,20.466666666666665
bristol,other,15.1,31.066666666666666
bristol,other,0.0,25.233333333333334
bristol,bristol,0.0,32.0
bristol,other,0.0,12.133333333333333
bristol,weston-super-mare,0.0,50.333333333333336
bristol,other,0.0,13.8
bristol,bristol,0.0,38.233333333333334
bristol,other,0.0,23.766666666666666
bristol,other,0.0,56.93333333333333
bristol,other,0.0,75.0
bristol,other,0.0,22.0
bristol,other,0.0,40.13333333333333
bristol,other,0.0,0.0
bristol,other,0.0,34.86666666666667
bristol,bristol,0.0,37.7
bristol,other,0.0,21.666666666666668
bristol,bristol,0.0,20.233333333333334
bristol,other,0.0,8.833333333333334
bristol,other,0.0,37.53333333333333
bristol,weston-super-mare,0.0,30.533333333333335
bristol,other,0.0,13.766666666666667
bristol,other,0.0,25.066666666666666
bristol,other,0.0,71.46666666666667
bristol,other,0.0,13.7
bristol,other,0.0,15.266666666666667
bristol,other,0.0,20.2
bristol,other,0.0,40.43333333333333
bristol,bristol,0.0,19.266666666666666
bristol,other,0.0,35.333333333333336
bristol,other,0.0,87.06666666666666
bristol,weston-super-mare,0.0,49.2
bristol,bristol,0.0,33.6
bristol,weston-super-mare,0.0,44.06666666666667
bristol,other,0.0,10.466666666666667
bristol,other,0.0,53.56666666666667
bristol,other,0.0,13.1
bristol,other,0.0,41.266666666666666
bristol,bristol,0.0,17.466666666666665
bristol,other,0.0,17.933333333333334
bristol,other,0.0,25.433333333333334
bristol,bristol,0.0,11.5
bristol,other,0.0,20.833333333333332
bristol,other,57.4,92.06666666666666
bristol,other,0.0,25.8
bristol,other,0.0,81.36666666666666
bristol,other,0.0,35.53333333333333
bristol,other,0.0,17.633333333333333
bristol,other,0.0,26.466666666666665
bristol,other,0.0,44.56666666666667
bristol,other,0.0,55.0
bristol,other,0.0,88.83333333333333
bristol,other,0.0,30.7
bristol,bristol,0.0,40.63333333333333
bristol,other,0.0,11.1
bristol,other,0.0,25.4
bristol,other,0.0,31.6
bristol,other,0.0,17.833333333333332
bristol,other,0.0,33.06666666666667
bristol,other,0.0,24.233333333333334
bristol,bristol,0.0,21.433333333333334
bristol,other,0.0,14.666666666666666
bristol,other,0.0,37.6
bristol,other,0.0,44.06666666666667
bristol,other,0.0,18.0
bristol,other,0.0,27.5
bristol,bristol,50.6,22.466666666666665
bristol,other,0.0,14.866666666666667
bristol,bristol,0.0,29.4
bristol,other,17.866666666666667,7.0
bristol,other,0.0,18.366666666666667
bristol,other,0.0,20.166666666666668
bristol,other,0.0,8.633333333333333
bristol,other,0.0,21.833333333333332
bristol,other,0.0,33.333333333333336
bristol,other,0.0,21.4
bristol,bristol,0.0,19.9
bristol,bristol,0.0,15.566666666666666
bristol,other,0.0,16.233333333333334
bristol,other,0.0,0.0
bristol,other,0.0,91.5
bristol,other,0.0,79.36666666666666
bristol,other,0.0,80.06666666666666
bristol,weston-super-mare,0.0,11.6
bristol,other,0.0,40.93333333333333
bristol,other,0.0,82.2
bristol,other,0.0,20.1
bristol,other,0.0,14.9
bristol,other,0.0,11.3
bristol,other,0.0,32.2
bristol,other,0.0,80.23333333333333
bristol,bristol,0.0,9.233333333333333
bristol,other,0.0,63.56666666666667
bristol,other,0.0,25.766666666666666
bristol,bristol,0.0,49.266666666666666
bristol,other,0.0,71.9
bristol,bristol,0.0,26.766666666666666
bristol,other,0.0,26.466666666666665
bristol,other,0.0,75.23333333333333
bristol,other,0.0,30.766666666666666
bristol,weston-super-mare,0.0,16.866666666666667
bristol,other,0.0,18.7
bristol,weston-super-mare,0.0,33.333333333333336
bristol,other,0.0,60.733333333333334
bristol,bristol,0.0,58.666666666666664
bristol,other,0.0,18.066666666666666
bristol,other,0.0,10.9
bristol,other,0.0,13.266666666666667
bristol,other,0.0,11.566666666666666
bristol,other,0.0,53.46666666666667
bristol,other,0.0,70.73333333333333
bristol,other,0.0,29.633333333333333
bristol,other,0.0,75.93333333333334
bristol,other,0.0,87.66666666666667
bristol,other,0.0,52.63333333333333
bristol,other,0.0,33.333333333333336
bristol,other,0.0,16.966666666666665
bristol,other,0.0,49.63333333333333
bristol,other,0.0,34.233333333333334
bristol,other,0.0,15.133333333333333
bristol,other,0.0,41.8
bristol,other,0.0,79.66666666666667
bristol,other,0.0,97.43333333333334
bristol,weston-super-mare,0.0,33.53333333333333
bristol,other,0.0,18.3
bristol,other,0.0,0.0
bristol,other,0.0,19.0
bristol,other,0.0,30.266666666666666
bristol,other,0.0,30.7
bristol,other,0.0,28.8
bristol,other,0.0,41.766666666666666
bristol,other,0.0,21.4
bristol,bristol,0.0,0.0
bristol,other,0.0,90.23333333333333
bristol,other,0.0,45.233333333333334
bristol,other,0.0,44.3
bristol,other,0.0,74.13333333333334
bristol,other,0.0,21.233333333333334
bristol,other,0.0,11.533333333333333
bristol,other,0.0,27.433333333333334
bristol,weston-super-mare,0.0,38.86666666666667
bristol,bristol,0.0,33.733333333333334
bristol,other,0.0,49.46666666666667
bristol,weston-super-mare,0.0,38.86666666666667
bristol,other,0.0,7.2
bristol,other,0.0,31.266666666666666
bristol,other,0.0,88.66666666666667
bristol,other,0.0,17.866666666666667
bristol,other,0.0,25.966666666666665
bristol,other,7.75,81.06666666666666
bristol,other,0.0,0.0
bristol,other,0.0,33.266666666666666
bristol,other,0.0,59.1
bristol,other,0.0,8.533333333333333
bristol,other,0.0,10.533333333333333
bristol,other,0.0,27.9
bristol,bristol,0.0,23.366666666666667
bristol,bristol,0.0,41.3
bristol,bristol,0.0,13.166666666666666
bristol,other,0.0,38.6
bristol,other,0.0,86.1
bristol,other,0.0,30.233333333333334
bristol,other,0.0,15.7
bristol,weston-super-mare,0.0,46.03333333333333
bristol,other,0.0,41.13333333333333
bristol,other,0.0,0.0
bristol,other,0.0,63.53333333333333
bristol,other,0.0,22.033333333333335
bristol,other,0.0,26.466666666666665
bristol,other,0.0,0.0
bristol,other,31.9,28.8
bristol,other,0.0,29.1
bristol,other,0.0,22.5
bristol,other,0.0,33.166666666666664
bristol,other,0.0,71.1
bristol,other,23.766666666666666,85.8
bristol,other,18.616666666666667,82.0
bristol,other,0.0,8.566666666666666
bristol,other,0.0,84.66666666666667
bristol,other,0.0,15.0
bristol,other,0.0,37.0
bristol,other,0.0,20.233333333333334
bristol,other,0.0,19.9
bristol,other,0.0,76.93333333333334
bristol,weston-super-mare,0.0,31.633333333333333
bristol,other,0.0,11.233333333333333
bristol,other,0.0,25.266666666666666
bristol,other,0.0,29.033333333333335
bristol,bristol,0.0,55.733333333333334
bristol,weston-super-mare,0.0,22.266666666666666
bristol,other,0.0,15.066666666666666
bristol,other,0.0,17.333333333333332
bristol,other,0.0,48.0
bristol,other,0.0,10.433333333333334
bristol,other,0.0,24.033333333333335
bristol,bristol,0.0,17.733333333333334
bristol,other,0.0,91.96666666666667
bristol,other,0.0,59.53333333333333
bristol,other,0.0,12.866666666666667
bristol,other,0.0,16.166666666666668
bristol,weston-super-mare,0.0,21.733333333333334
bristol,other,0.0,11.7
bristol,other,0.0,11.033333333333333
bristol,bristol,0.0,8.9
bristol,bristol,0.0,26.5
bristol,other,0.0,44.9
bristol,other,0.0,19.566666666666666
bristol,other,0.0,8.033333333333333
bristol,weston-super-mare,0.0,33.63333333333333
bristol,other,0.0,42.03333333333333
bristol,other,0.0,22.366666666666667
bristol,bristol,16.05,11.4
bristol,other,0.0,21.7
bristol,other,0.0,10.4
bristol,other,0.0,82.86666666666666
bristol,other,0.0,43.6
bristol,other,0.0,78.8
bristol,other,0.0,16.666666666666668
bristol,other,0.0,20.5
bristol,other,0.0,58.666666666666664
bristol,other,0.0,15.2
bristol,bristol,0.0,24.0
bristol,other,0.0,19.166666666666668
bristol,other,0.0,70.06666666666666
bristol,other,0.0,90.16666666666667
bristol,other,0.0,20.2
bristol,other,0.0,0.0
bristol,other,0.0,35.13333333333333
bristol,other,0.0,14.233333333333333
bristol,other,0.0,32.766666666666666
bristol,other,0.0,23.533333333333335
bristol,other,0.0,22.133333333333333
bristol,other,0.0,77.83333333333333
bristol,other,0.0,25.2
bristol,other,0.0,27.533333333333335
bristol,other,0.0,24.866666666666667
bristol,other,0.0,18.233333333333334
bristol,other,0.0,16.2
bristol,weston-super-mare,0.0,32.93333333333333
bristol,other,0.0,20.1
bristol,other,0.0,31.433333333333334
bristol,other,0.0,60.266666666666666
bristol,bristol,0.0,44.13333333333333
bristol,bristol,0.0,32.36666666666667
bristol,other,0.0,35.333333333333336
bristol,other,0.0,10.066666666666666
bristol,other,0.0,27.166666666666668
bristol,other,0.0,26.633333333333333
bristol,other,0.0,22.5
bristol,other,0.0,69.53333333333333
bristol,other,0.0,11.833333333333334
bristol,other,0.0,10.8
bristol,other,0.0,30.7
bristol,bristol,0.0,40.9
bristol,other,0.0,53.43333333333333
bristol,other,0.0,24.033333333333335
bristol,bristol,0.0,16.5
bristol,other,0.0,67.43333333333334
bristol,weston-super-mare,0.0,52.733333333333334
bristol,other,0.0,73.63333333333334
bristol,other,0.0,21.4
bristol,bristol,0.0,17.2
bristol,other,0.0,27.0
bristol,other,0.0,19.0
bristol,other,0.0,92.5
bristol,weston-super-mare,0.0,41.8
bristol,other,58.766666666666666,88.36666666666666
bristol,other,0.0,72.73333333333333
bristol,other,0.0,83.53333333333333
bristol,other,0.0,8.433333333333334
bristol,other,0.0,79.13333333333334
bristol,other,0.0,77.4
bristol,other,0.0,86.26666666666667
bristol,other,0.0,79.3
bristol,other,0.0,63.233333333333334
bristol,other,0.0,87.56666666666666
bristol,other,0.0,37.266666666666666
bristol,other,0.0,8.4
bristol,other,0.0,18.566666666666666
bristol,bristol,52.05666666666667,18.61515151515151
bristol,bristol,48.93541666666667,18.766666666666666
bristol,other,46.96666666666667,0.0
bristol,bristol,41.47500000000001,23.92222222222222
bristol,other,52.25333333333333,71.9
bristol,bristol,43.83611111111111,26.433333333333334
bristol,other,30.311904761904763,43.57619047619048
bristol,bristol,38.54833333333333,94.63333333333334
bristol,other,71.1,0.0
bristol,other,33.57333333333333,47.88888888888889
bristol,bristol,47.70833333333333,45.800000000000004
bristol,other,39.229166666666664,16.2
bristol,bristol,0.0,0.0
bristol,bristol,12.366666666666667,0.0
bristol,bristol,17.833333333333332,0.0
bristol,bristol,16.083333333333332,0.0
bristol,bristol,35.53333333333333,0.0
bristol,bristol,54.78333333333333,0.0
bristol,bristol,54.416666666666664,0.0
bristol,bristol,48.233333333333334,0.0
bristol,bristol,31.9,0.0
bristol,bristol,23.016666666666666,0.0
bristol,bristol,0.0,0.0
bristol,bristol,16.183333333333334,0.0
bristol,other,13.95,0.0
bristol,bristol,0.0,0.0
bristol,bristol,16.083333333333332,0.0
bristol,bristol,17.833333333333332,0.0
bristol,bristol,54.78333333333333,0.0
bristol,bristol,12.366666666666667,0.0
bristol,bristol,35.53333333333333,0.0
bristol,bristol,48.233333333333334,0.0
bristol,bristol,34.233333333333334,0.0
bristol,bristol,62.483333333333334,0.0
bristol,bristol,23.016666666666666,0.0
bristol,bristol,16.083333333333332,0.0
bristol,other,35.3,0.0
bristol,bristol,0.0,0.0
bristol,bristol,0.0,0.0
bristol,bristol,26.66111111111111,22.491666666666667
bristol,bristol,20.45,9.333333333333334
bristol,bristol,21.454166666666666,18.066666666666666
bristol,bristol,23.766666666666666,22.033333333333335
bristol,bristol,23.37777777777778,34.233333333333334
bristol,bristol,21.141666666666666,17.2
bristol,bristol,22.816666666666666,11.566666666666666
bristol,bristol,12.25,34.791666666666664
bristol,bristol,23.766666666666666,22.133333333333333
bristol,bristol,48.766666666666666,31.333333333333332
bristol,bristol,21.0,15.0
bristol,bristol,28.691666666666666,18.3
bristol,bristol,42.275000000000006,24.033333333333335
bristol,bristol,20.083333333333332,9.233333333333333
bristol,bristol,24.641666666666666,15.2
bristol,bristol,30.433333333333334,27.166666666666668
bristol,bristol,40.725,10.7
bristol,bristol,31.9,20.1
bristol,bristol,43.233333333333334,18.183333333333334
bristol,bristol,40.53333333333333,19.166666666666668
bristol,bristol,45.891666666666666,32.766666666666666
bristol,bristol,62.99166666666667,62.36666666666667
bristol,bristol,22.0,9.611111111111112
bristol,bristol,29.116666666666664,14.233333333333333
bristol,bristol,50.6,23.366666666666667
bristol,bristol,43.725,30.883333333333333
bristol,bristol,66.78333333333333,24.833333333333332
bristol,other,21.3,26.414084507042244
bristol,other,0.0,32.93022598870058
bristol,bristol,0.0,5.65
bristol,bristol,66.78333333333333,13.144444444444446
bristol,bristol,43.233333333333334,21.419999999999998
bristol,bristol,20.083333333333332,20.508333333333333
bristol,bristol,25.55,20.5
bristol,bristol,0.0,24.71666666666667
bristol,bristol,0.0,13.266666666666667
bristol,bristol,13.466666666666665,16.866666666666667
bristol,bristol,23.733333333333334,11.0
bristol,bristol,0.0,22.366666666666667
bristol,bristol,0.0,35.45416666666667
bristol,bristol,0.0,18.316666666666666
bristol,bristol,42.075,16.966666666666665
bristol,bristol,47.86666666666667,33.08888888888888
bristol,bristol,0.0,12.433333333333334
bristol,bristol,0.0,37.266666666666666
bristol,bristol,0.0,19.033333333333335
bristol,bristol,31.133333333333333,30.116666666666667
bristol,bristol,24.216666666666665,38.63333333333333
bristol,bristol,25.916666666666668,33.333333333333336
bristol,bristol,0.0,18.233333333333334
bristol,bristol,20.966666666666665,52.400000000000006
bristol,bristol,25.566666666666666,25.2
bristol,bristol,30.483333333333334,22.366666666666667
bristol,bristol,0.0,28.1
bristol,bristol,29.844444444444445,26.766666666666666
bristol,bristol,21.605555555555554,23.8
bristol,bristol,23.358333333333334,25.766666666666666
bristol,bristol,18.55,35.333333333333336
bristol,bristol,0.0,23.533333333333335
bristol,bristol,0.0,49.25
bristol,bristol,28.133333333333333,49.5
bristol,other,0.0,69.08333333333334
bristol,bristol,0.0,31.266666666666666
bristol,bristol,0.0,21.4
bristol,bristol,10.558333333333334,11.833333333333334
bristol,bristol,54.78333333333333,63.08333333333333
bristol,other,0.0,60.733333333333334
bristol,bristol,21.491666666666667,32.13333333333333
bristol,other,0.0,80.45
bristol,bristol,0.0,14.833333333333334
bristol,bristol,0.0,33.266666666666666
bristol,bristol,40.325,54.1
bristol,bristol,0.0,27.9
bristol,bristol,25.3,38.86666666666667
bristol,bristol,58.31666666666667,27.433333333333334
bristol,bristol,0.0,12.4
bristol,bristol,0.0,16.5
bristol,bristol,39.583333333333336,41.8
bristol,bristol,17.866666666666667,19.0
bristol,other,0.0,63.56666666666667
bristol,bristol,23.766666666666666,30.7
bristol,bristol,30.15416666666667,30.7
bristol,bristol,23.0,31.0
bristol,bristol,0.0,35.96666666666667
bristol,bristol,0.0,10.066666666666666
bristol,bristol,0.0,54.11666666666666
bristol,bristol,26.0,40.9
bristol,bristol,0.0,21.233333333333334
bristol,other,0.0,79.66666666666667
bristol,other,0.0,73.63333333333334
bristol,bristol,0.0,38.46666666666667
bristol,bristol,17.383333333333333,46.03333333333333
bristol,other,0.0,97.43333333333334
bristol,bristol,0.0,38.86666666666667
bristol,other,0.0,81.33333333333334
bristol,other,0.0,93.46666666666667
bristol,other,0.0,90.23333333333333
bristol,other,0.0,63.53333333333333
bristol,other,0.0,79.3
bristol,other,0.0,101.03333333333333
bristol,bristol,0.0,0.0
bristol,bristol,0.0,97.43333333333334
bristol,bristol,19.281666666666666,35.333333333333336
bristol,other,23.766666666666666,63.53333333333333
bristol,bristol,16.083333333333332,88.66666666666667
bristol,bristol,20.437499999999996,19.0
bristol,bristol,16.333333333333332,49.88333333333333
bristol,bristol,24.816666666666666,11.6
bristol,other,23.533333333333335,79.66666666666667
bristol,bristol,25.55,11.033333333333333
bristol,other,33.61666666666667,93.46666666666667
bristol,other,21.425,101.03333333333333
bristol,other,21.11111111111111,60.733333333333334
bristol,bristol,31.316666666666666,25.966666666666665
bristol,bristol,21.21666666666667,93.9
bristol,bristol,20.349999999999998,0.0
bristol,bristol,21.0,22.033333333333335
bristol,bristol,41.96666666666667,0.0
bristol,other,33.55833333333334,94.63333333333334
bristol,bristol,42.69166666666666,26.666666666666668
bristol,other,24.058333333333334,63.56666666666667
bristol,bristol,17.866666666666667,0.0
bristol,other,29.25,97.43333333333334
bristol,other,30.433333333333334,70.73333333333333
bristol,bristol,44.48333333333334,0.0
bristol,other,57.4,74.13333333333334
bristol,other,23.313333333333333,90.86666666666667
bristol,bristol,33.958333333333336,63.53333333333333
bristol,bristol,56.50833333333333,37.266666666666666
bristol,other,42.34444444444444,73.63333333333334
bristol,bristol,22.0,0.0
bristol,bristol,0.0,32.12852348993287
bristol,bristol,32.55952380952381,38.01111111111111
bristol,other,0.0,25.794444444444448
bristol,other,0.0,8.033333333333333
bristol,other,0.0,18.983333333333334
bristol,other,0.0,11.3
bristol,other,0.0,19.166666666666668
bristol,other,0.0,18.066666666666666
bristol,bristol,15.758333333333333,33.333333333333336
bristol,other,0.0,20.5
bristol,other,0.0,24.0
bristol,other,0.0,24.600000000000005
bristol,other,0.0,19.9
bristol,bristol,0.0,17.055555555555557
bristol,other,0.0,19.166666666666668
bristol,other,0.0,24.033333333333335
bristol,other,0.0,33.233333333333334
bristol,other,0.0,57.36666666666667
bristol,bristol,0.0,30.7
bristol,other,0.0,41.28333333333333
bristol,other,0.0,20.46666666666667
bristol,other,0.0,23.533333333333335
bristol,other,0.0,19.033333333333335
bristol,bristol,0.0,57.83333333333333
bristol,other,0.0,14.233333333333333
bristol,other,0.0,22.133333333333333
bristol,bristol,0.0,38.86666666666667
bristol,other,0.0,24.0
bristol,other,0.0,25.966666666666665
bristol,other,0.0,12.4
bristol,other,0.0,32.36666666666667
bristol,bristol,26.0,16.5
bristol,other,0.0,30.7
bristol,other,0.0,21.4
bristol,bristol,0.0,56.31666666666666
bristol,other,0.0,57.9
bristol,other,0.0,32.13333333333333
bristol,other,0.0,79.66666666666667
bristol,other,0.0,26.633333333333333
bristol,other,0.0,35.333333333333336
bristol,other,0.0,19.4
bristol,other,0.0,27.433333333333334
bristol,bristol,0.0,31.333333333333332
bristol,other,0.0,18.233333333333334
bristol,other,0.0,56.099999999999994
bristol,other,0.0,63.53333333333333
bristol,bristol,40.65,46.03333333333333
bristol,other,0.0,73.63333333333334
bristol,bristol,0.0,38.86666666666667
bristol,other,0.0,79.3
bristol,bristol,0.0,97.43333333333334
bristol,other,0.0,90.23333333333333
bristol,other,0.0,71.9
bristol,bristol,0.0,38.46666666666667
bristol,other,0.0,66.2
bristol,bristol,20.083333333333332,94.63333333333334
bristol,bristol,16.916666666666664,99.76666666666667
bristol,bristol,0.0,66.55555555555556
bristol,other,21.583333333333332,29.916666666666668
bristol,other,0.0,14.416666666666666
bristol,other,0.0,8.433333333333334
bristol,other,0.0,53.516666666666666
bristol,other,0.0,27.066666666666666
bristol,other,0.0,33.233333333333334
bristol,other,0.0,17.083333333333336
bristol,other,0.0,11.6
bristol,other,0.0,33.333333333333336
bristol,other,0.0,51.95
bristol,other,0.0,24.033333333333335
bristol,other,0.0,31.9
bristol,other,0.0,25.777777777777775
bristol,taunton,0.0,45.61666666666667
bristol,other,0.0,20.546666666666663
bristol,other,0.0,16.866666666666667
bristol,other,0.0,17.866666666666667
bristol,other,0.0,23.8
bristol,other,0.0,14.233333333333333
bristol,other,0.0,31.266666666666666
bristol,bristol,0.0,77.4
bristol,other,0.0,24.0
bristol,other,0.0,45.11111111111111
bristol,bristol,0.0,19.4
bristol,other,0.0,38.06666666666667
bristol,other,0.0,25.2
bristol,other,0.0,27.433333333333334
bristol,other,0.0,26.766666666666666
bristol,other,0.0,19.9
bristol,other,0.0,9.333333333333334
bristol,other,0.0,30.7
bristol,other,0.0,21.233333333333334
bristol,taunton,0.0,35.333333333333336
bristol,other,0.0,71.46666666666667
bristol,other,0.0,35.96666666666667
bristol,other,0.0,52.95
bristol,other,0.0,41.8
bristol,other,0.0,27.166666666666668
bristol,other,0.0,63.56666666666667
bristol,bristol,0.0,75.93333333333334
bristol,bristol,0.0,93.46666666666667
bristol,bristol,0.0,66.98333333333333
bristol,other,0.0,90.23333333333333
bristol,bristol,0.0,99.76666666666667
bristol,bristol,0.0,94.63333333333334
bristol,bristol,0.0,22.483333333333334
bristol,other,0.0,34.466666666666676
bristol,other,0.0,18.51111111111111
bristol,other,0.0,0.0
bristol,other,0.0,23.611111111111107
bristol,other,0.0,37.74444444444445
bristol,other,0.0,0.0
bristol,other,0.0,58.0
bristol,other,0.0,16.5
bristol,other,0.0,41.28333333333333
bristol,bristol,0.0,17.311111111111114
bristol,bristol,0.0,27.394444444444446
bristol,bristol,0.0,46.03333333333333
bristol,bristol,21.775000000000002,79.01666666666667
bristol,bristol,15.041666666666666,33.233333333333334
bristol,other,29.25,0.0
bristol,bristol,17.758333333333333,54.68333333333334
bristol,bristol,33.11666666666667,90.23333333333333
bristol,bristol,23.9,32.36666666666667
bristol,other,26.31666666666667,31.333333333333332
bristol,other,23.755555555555556,17.2
bristol,other,25.833333333333332,9.333333333333334
bristol,bristol,30.433333333333334,17.2
bristol,other,32.61666666666667,9.233333333333333
bristol,bristol,28.141666666666666,23.366666666666667
bristol,bristol,57.4,8.666666666666666
bristol,bristol,22.0,11.6
bristol,bristol,43.1875,0.0
bristol,bristol,66.78333333333333,73.63333333333334
bristol,bristol,20.233333333333334,26.23376623376622
bristol,bristol,0.0,31.410610610610618
bristol,other,0.0,23.66315789473684
bristol,other,0.0,34.806060606060605
bristol,other,0.0,19.9
bristol,bristol,0.0,45.79333333333334
bristol,other,41.47857142857142,35.78333333333333
bristol,other,80.33333333333333,54.31333333333333
bristol,bristol,22.0,19.71111111111111
bristol,bristol,33.98333333333333,56.88333333333333
bristol,other,0.0,26.466666666666665
bristol,other,33.71944444444444,13.216666666666665
bristol,bristol,31.133333333333333,13.06666666666667
bristol,bristol,30.483333333333334,11.3
bristol,bristol,26.75,17.9
bristol,other,0.0,20.5
bristol,other,0.0,18.066666666666666
bristol,bristol,23.533333333333335,53.444444444444436
bristol,other,0.0,24.033333333333335
bristol,bristol,62.31666666666667,33.333333333333336
bristol,other,0.0,29.633333333333333
bristol,bristol,0.0,20.2
bristol,other,25.541666666666664,22.366666666666667
bristol,bristol,0.0,19.033333333333335
bristol,other,0.0,25.1
bristol,bristol,43.233333333333334,63.52222222222222
bristol,other,0.0,38.733333333333334
bristol,bristol,23.216666666666665,0.0
bristol,bristol,24.016666666666666,23.533333333333335
bristol,other,0.0,49.5
bristol,other,34.17,16.966666666666665
bristol,bristol,0.0,11.566666666666666
bristol,bristol,20.766666666666666,30.7
bristol,bristol,27.075,10.4
bristol,other,35.31666666666667,32.766666666666666
bristol,bristol,35.9,16.2
bristol,other,15.1,18.233333333333334
bristol,other,38.71666666666667,28.049999999999997
bristol,bristol,17.85,31.266666666666666
bristol,other,24.905555555555555,22.366666666666667
bristol,other,32.61666666666667,21.089147286821714
bristol,bristol,22.083333333333336,20.1
bristol,bristol,0.0,43.78888888888889
bristol,bristol,33.13333333333333,33.266666666666666
bristol,other,0.0,27.533333333333335
bristol,bristol,0.0,38.86666666666667
bristol,bristol,4.783333333333333,71.03333333333333
bristol,other,22.19285714285714,38.63333333333333
bristol,bristol,21.3,50.03333333333333
bristol,other,0.0,54.03333333333333
bristol,other,0.0,27.433333333333334
bristol,bristol,30.433333333333334,15.0
bristol,bristol,0.0,34.233333333333334
bristol,other,23.766666666666666,35.96666666666667
bristol,other,0.0,23.8
bristol,bristol,21.825,27.0
bristol,bristol,16.625,0.0
bristol,other,27.016666666666666,22.133333333333333
bristol,other,0.0,21.4
bristol,bristol,0.0,9.333333333333334
bristol,other,38.275000000000006,33.733333333333334
bristol,bristol,0.0,58.33333333333333
bristol,bristol,20.8,12.4
bristol,other,0.0,27.166666666666668
bristol,other,15.866666666666667,19.0
bristol,bristol,54.78333333333333,31.333333333333332
bristol,bristol,23.933333333333334,14.833333333333334
bristol,other,0.0,27.9
bristol,other,15.950000000000001,62.216666666666654
bristol,other,0.0,35.916666666666664
bristol,bristol,0.0,19.4
bristol,other,0.0,32.13333333333333
bristol,bristol,0.0,71.9
bristol,bristol,17.383333333333333,16.5
bristol,other,0.0,31.0
bristol,bristol,21.3,10.7
bristol,bristol,58.31666666666667,38.86666666666667
bristol,bristol,21.516666666666666,56.95
bristol,other,0.0,26.633333333333333
bristol,bristol,0.0,79.3
bristol,bristol,0.0,70.73333333333333
bristol,bristol,17.866666666666667,58.91666666666667
bristol,bristol,0.0,86.26666666666667
bristol,bristol,0.0,77.4
bristol,bristol,0.0,80.23333333333333
bristol,bristol,0.0,0.0
bristol,other,21.485714285714288,11.6
bristol,other,26.438888888888886,11.566666666666666
bristol,bristol,16.05,19.0
bristol,other,14.35,20.1
bristol,other,34.36666666666667,22.033333333333335
bristol,bristol,35.666666666666664,0.0
bristol,other,30.349999999999998,14.233333333333333
bristol,other,23.0,0.0
bristol,other,35.9,56.199999999999996
bristol,other,25.766666666666666,46.46666666666667
bristol,other,50.650000000000006,16.2
bristol,other,43.233333333333334,60.4
bristol,bristol,50.6,18.233333333333334
bristol,other,38.40666666666666,25.966666666666665
bristol,other,58.31666666666667,5.35
bristol,other,12.25,94.63333333333334
bristol,other,23.733333333333334,25.04285714285714
bristol,other,18.041666666666664,19.4
bristol,other,33.11666666666667,33.266666666666666
bristol,other,57.4,87.0
bristol,other,43.5611111111111,17.866666666666667
bristol,other,57.99166666666667,28.616666666666667
bristol,other,54.833333333333336,18.733333333333334
bristol,other,0.0,37.13333333333333
bristol,bristol,23.025,29.633333333333333
bristol,bristol,27.75,27.9
bristol,other,39.583333333333336,35.333333333333336
bristol,other,16.333333333333332,11.833333333333334
bristol,other,20.083333333333332,41.1
bristol,bristol,25.26111111111111,0.0
bristol,bristol,37.6875,0.0
bristol,bristol,0.0,23.4047619047619
bristol,other,0.0,50.83333333333333
bristol,bristol,0.0,29.245679012345683
bristol,other,0.0,19.166666666666668
bristol,other,0.0,37.35555555555556
bristol,bristol,0.0,56.55
bristol,other,0.0,65.36666666666666
bristol,other,0.0,58.91111111111112
bristol,other,0.0,71.9
bristol,bristol,0.0,26.766666666666666
bristol,bristol,0.0,26.633333333333333
bristol,other,0.0,13.266666666666667
bristol,other,0.0,27.0
bristol,bristol,0.0,27.433333333333334
bristol,bristol,0.0,16.966666666666665
bristol,other,0.0,33.78333333333333
bristol,other,0.0,19.033333333333335
bristol,other,0.0,23.533333333333335
bristol,other,0.0,32.766666666666666
bristol,bristol,0.0,49.5
bristol,other,0.0,0.0
bristol,bristol,0.0,23.8
bristol,other,0.0,38.63333333333333
bristol,other,0.0,14.833333333333334
bristol,bristol,0.0,33.733333333333334
bristol,other,0.0,15.0
bristol,other,0.0,22.133333333333333
bristol,other,0.0,32.13333333333333
bristol,other,0.0,31.266666666666666
bristol,other,0.0,19.0
bristol,other,0.0,34.233333333333334
bristol,other,0.0,16.5
bristol,other,0.0,18.3
bristol,other,0.0,10.066666666666666
bristol,bristol,0.0,33.333333333333336
bristol,bristol,0.0,30.7
bristol,other,0.0,27.166666666666668
bristol,other,0.0,53.43333333333333
bristol,other,0.0,25.066666666666666
bristol,other,0.0,12.4
bristol,bristol,0.0,31.0
bristol,other,0.0,17.9
bristol,other,0.0,35.96666666666667
bristol,bristol,0.0,40.9
bristol,other,0.0,79.3
bristol,other,0.0,86.26666666666667
bristol,bristol,0.0,20.5
bristol,other,0.0,80.23333333333333
bristol,other,0.0,22.35
bristol,other,0.0,20.233333333333334
bristol,other,0.0,10.4
bristol,bristol,0.0,28.700000000000003
bristol,bristol,0.0,59.65
bristol,bristol,29.117857142857144,22.433333333333334
bristol,weston-super-mare,0.0,30.01822916666667
bristol,bristol,0.0,27.816666666666663
bristol,other,0.0,21.03333333333333
bristol,other,0.0,34.4
bristol,other,0.0,49.51666666666667
bristol,bristol,0.0,33.233333333333334
bristol,other,0.0,13.355555555555556
bristol,other,0.0,10.233333333333333
bristol,other,0.0,26.466666666666665
bristol,weston-super-mare,0.0,38.86666666666667
bristol,bristol,0.0,32.36666666666667
bristol,other,0.0,34.233333333333334
bristol,other,0.0,30.7
bristol,bristol,0.0,0.0
bristol,other,0.0,41.983333333333334
bristol,weston-super-mare,0.0,41.8
bristol,other,0.0,27.76190476190476
bristol,bristol,0.0,22.855555555555554
bristol,other,0.0,35.333333333333336
bristol,other,0.0,41.06666666666666
bristol,other,0.0,86.26666666666667
bristol,other,0.0,32.13333333333333
bristol,other,0.0,99.76666666666667
bristol,other,0.0,27.0
bristol,other,0.0,30.633333333333333
bristol,bristol,0.0,7.433333333333334
bristol,other,0.0,19.200000000000003
bristol,weston-super-mare,0.0,16.866666666666667
bristol,weston-super-mare,0.0,26.01666666666667
bristol,other,0.0,9.866666666666667
bristol,other,0.0,59.86666666666667
bristol,other,0.0,30.900000000000002
bristol,other,0.0,75.93333333333334
bristol,other,0.0,18.8
bristol,weston-super-mare,0.0,27.355555555555554
bristol,other,0.0,27.9
bristol,bristol,0.0,40.9
bristol,other,0.0,21.4
bristol,other,0.0,10.7
bristol,other,0.0,14.6
bristol,other,0.0,19.166666666666668
bristol,other,0.0,35.41666666666667
bristol,weston-super-mare,0.0,46.03333333333333
bristol,other,0.0,0.0
bristol,other,0.0,39.77222222222222
bristol,other,0.0,79.13333333333334
bristol,other,0.0,22.366666666666667
bristol,other,0.0,46.03333333333333
bristol,other,0.0,25.766666666666666
bristol,other,0.0,18.433333333333334
bristol,other,0.0,11.033333333333333
bristol,other,0.0,16.516666666666666
bristol,other,0.0,19.0
bristol,other,0.0,11.833333333333334
bristol,other,0.0,23.533333333333335
bristol,other,0.0,51.199999999999996
bristol,other,0.0,37.266666666666666
bristol,other,0.0,18.3
bristol,other,0.0,10.066666666666666
bristol,bristol,0.0,17.2
bristol,other,0.0,27.433333333333334
bristol,other,0.0,19.0
bristol,weston-super-mare,0.0,61.08333333333333
bristol,other,0.0,73.63333333333334
bristol,bristol,0.0,16.5
bristol,other,0.0,97.43333333333334
bristol,other,0.0,63.53333333333333
bristol,other,0.0,77.4
bristol,other,0.0,63.56666666666667
bristol,other,0.0,60.733333333333334
bristol,other,0.0,79.3
cullompton,tiverton,0.0,0.0
cullompton,other,0.0,27.233333333333334
cullompton,taunton,0.0,46.2
cullompton,taunton,0.0,55.3
cullompton,other,0.0,27.2
cullompton,other,0.0,53.233333333333334
cullompton,exeter,49.583333333333336,42.1
cullompton,taunton,0.0,61.4
cullompton,other,0.0,45.166666666666664
cullompton,tiverton,0.0,38.7
cullompton,exeter,0.0,50.03333333333333
cullompton,exeter,0.0,44.03333333333333
cullompton,other,0.0,56.0
cullompton,other,0.0,16.366666666666667
cullompton,taunton,0.0,54.766666666666666
cullompton,taunton,0.0,44.56666666666667
cullompton,exeter,0.0,44.46666666666667
cullompton,other,0.0,48.96666666666667
cullompton,other,0.0,35.03333333333333
cullompton,exeter,0.0,52.6
cullompton,exeter,0.0,48.6
cullompton,other,0.0,55.266666666666666
cullompton,exeter,46.666666666666664,51.96666666666667
cullompton,tiverton,20.1,30.033333333333335
cullompton,exeter,0.0,48.86666666666667
cullompton,exeter,57.06666666666667,53.03333333333333
cullompton,taunton,0.0,61.06666666666667
cullompton,other,0.0,62.2
cullompton,exeter,75.58333333333333,49.03333333333333
cullompton,other,0.0,43.4
cullompton,other,0.0,74.86666666666666
cullompton,other,0.0,54.766666666666666
cullompton,other,0.0,73.66666666666667
cullompton,other,0.0,80.5
cullompton,exeter,0.0,48.166666666666664
cullompton,other,0.0,65.7
cullompton,exeter,52.416666666666664,59.43333333333333
cullompton,other,0.0,75.93333333333334
cullompton,other,0.0,71.7
cullompton,other,0.0,52.8
exeter,exeter,0.0,14.6
exeter,exeter,10.65,18.0
exeter,exeter,21.35,18.666666666666668
exeter,other,21.183333333333334,19.766666666666666
exeter,exeter,23.116666666666667,18.433333333333334
exeter,exeter,38.358333333333334,33.8
exeter,exeter,29.783333333333335,14.5
exeter,exeter,21.366666666666667,13.5
exeter,exeter,34.35,13.933333333333334
exeter,exeter,37.6,35.13333333333333
exeter,exeter,30.15,10.9
exeter,exeter,20.733333333333334,9.133333333333333
exeter,exeter,31.775,13.866666666666667
exeter,exeter,18.0,12.966666666666667
exeter,exeter,29.291666666666668,22.466666666666665
exeter,exeter,26.283333333333335,14.2
exeter,exeter,29.025,29.733333333333334
exeter,exeter,32.391666666666666,13.3
exeter,exeter,26.216666666666665,11.833333333333334
exeter,exeter,42.18333333333333,31.266666666666666
exeter,exeter,35.4,13.366666666666667
exeter,other,28.783333333333335,27.366666666666667
exeter,exeter,32.0,21.233333333333334
exeter,other,71.15,41.333333333333336
exeter,exeter,19.45,16.5
exeter,other,30.0,20.8
exeter,exeter,17.258333333333333,10.1
exeter,other,36.0,37.56666666666667
exeter,exeter,29.225,31.766666666666666
exeter,exeter,25.283333333333335,15.466666666666667
exeter,exeter,31.275,17.433333333333334
exeter,exeter,25.691666666666666,15.933333333333334
exeter,exeter,34.18333333333333,11.766666666666667
exeter,exeter,42.3,21.1
exeter,other,28.066666666666666,25.0
exeter,exeter,27.71666666666667,18.7
exeter,exeter,28.366666666666667,21.8
exeter,exeter,43.766666666666666,28.966666666666665
exeter,exeter,43.71666666666667,11.766666666666667
exeter,exeter,19.183333333333334,9.6
exeter,exeter,19.35,9.166666666666666
exeter,exeter,28.766666666666666,21.066666666666666
exeter,exeter,35.108333333333334,20.4
exeter,exeter,31.833333333333332,25.266666666666666
exeter,other,53.666666666666664,43.03333333333333
exeter,exeter,39.233333333333334,11.166666666666666
exeter,exeter,43.833333333333336,29.366666666666667
exeter,exeter,48.9,30.933333333333334
exeter,exeter,39.95,21.933333333333334
exeter,exeter,25.066666666666666,8.866666666666667
exeter,exeter,25.283333333333335,17.066666666666666
exeter,exeter,36.61666666666667,27.566666666666666
exeter,exeter,26.133333333333333,25.5
exeter,exeter,22.283333333333335,15.233333333333333
exeter,exeter,36.36666666666667,23.933333333333334
exeter,exeter,31.233333333333334,20.0
exeter,exeter,26.941666666666666,24.866666666666667
exeter,exeter,50.25,28.466666666666665
exeter,exeter,21.041666666666668,18.433333333333334
exeter,exeter,35.7,20.966666666666665
exeter,exeter,24.166666666666668,13.4
exeter,exeter,22.933333333333334,19.733333333333334
exeter,exeter,21.183333333333334,11.333333333333334
exeter,other,42.35,38.1
exeter,exeter,26.85,30.866666666666667
exeter,other,25.983333333333334,21.133333333333333
exeter,exeter,38.9,29.066666666666666
exeter,exeter,34.54166666666667,21.133333333333333
exeter,exeter,45.7,21.566666666666666
exeter,exeter,25.883333333333333,27.166666666666668
exeter,other,80.38333333333334,30.466666666666665
exeter,exeter,42.30833333333334,27.833333333333332
exeter,exeter,34.31111111111111,21.233333333333334
exeter,exeter,19.966666666666665,13.166666666666666
exeter,exeter,30.6,18.366666666666667
exeter,exeter,47.55,25.7
exeter,exeter,22.133333333333333,25.8
exeter,exeter,24.316666666666666,22.7
exeter,exeter,49.125,20.833333333333332
exeter,exeter,47.43333333333333,13.833333333333334
exeter,exeter,31.933333333333334,17.6
exeter,exeter,29.55,14.8
exeter,exeter,24.916666666666668,25.8
exeter,exeter,21.583333333333332,15.133333333333333
exeter,exeter,21.5,19.4
exeter,exeter,34.166666666666664,13.033333333333333
exeter,exeter,50.333333333333336,12.333333333333334
exeter,exeter,40.43333333333333,7.533333333333333
exeter,exeter,27.383333333333333,26.766666666666666
exeter,exeter,45.71666666666667,19.133333333333333
exeter,exeter,32.34166666666667,26.466666666666665
exeter,exeter,28.233333333333334,21.266666666666666
exeter,other,42.46666666666667,58.56666666666667
exeter,other,46.78333333333333,45.833333333333336
exeter,other,60.43333333333333,48.03333333333333
exeter,other,43.9,48.766666666666666
exeter,other,37.050000000000004,37.93333333333333
exeter,other,47.65,52.8
exeter,other,62.916666666666664,66.43333333333334
exeter,other,57.766666666666666,63.43333333333333
exeter,other,44.91666666666667,31.1
exeter,other,62.916666666666664,61.733333333333334
exeter,other,36.31666666666667,57.86666666666667
exeter,other,40.31666666666667,55.6
exeter,taunton,59.43333333333333,0.0
exeter,taunton,40.95,0.0
exeter,other,48.8,61.4
exeter,other,52.55,67.46666666666667
exeter,other,63.15,62.7
exeter,other,47.93333333333333,48.13333333333333
exeter,other,43.516666666666666,58.766666666666666
exeter,taunton,43.1,0.0
exeter,taunton,51.28333333333333,0.0
exeter,other,44.88333333333333,57.766666666666666
exeter,other,40.983333333333334,40.06666666666667
exeter,other,29.6,40.86666666666667
exeter,other,59.233333333333334,51.1
exeter,other,50.13333333333333,69.5
exeter,other,63.4,52.53333333333333
exeter,other,60.05,62.833333333333336
exeter,other,30.391666666666666,41.766666666666666
exeter,other,35.516666666666666,64.23333333333333
exeter,other,55.95833333333333,34.36666666666667
exeter,taunton,57.0,0.0
exeter,other,33.06666666666666,34.166666666666664
exeter,other,41.90162601626016,51.2
exeter,other,0.0,47.2
exeter,other,0.0,26.666666666666668
exeter,exeter,0.0,34.43333333333333
exeter,other,0.0,42.56666666666667
exeter,exeter,0.0,10.466666666666667
exeter,other,12.733333333333333,32.9
exeter,exeter,21.733333333333334,17.2
exeter,exeter,28.766666666666666,16.566666666666666
exeter,other,8.883333333333333,42.733333333333334
exeter,exeter,20.733333333333334,13.566666666666666
exeter,other,26.283333333333335,41.166666666666664
exeter,exeter,71.15,18.533333333333335
exeter,exeter,37.6,18.2
exeter,other,37.53333333333333,37.0
exeter,other,26.216666666666665,42.2
exeter,other,38.86666666666667,35.333333333333336
exeter,other,30.6,37.666666666666664
exeter,exeter,25.283333333333335,22.766666666666666
exeter,exeter,21.183333333333334,34.63333333333333
exeter,exeter,42.94166666666666,25.166666666666668
exeter,exeter,31.833333333333332,10.833333333333334
exeter,other,26.883333333333333,30.866666666666667
exeter,exeter,47.55,15.266666666666667
exeter,exeter,42.35,17.133333333333333
exeter,exeter,25.883333333333333,10.3
exeter,exeter,31.85,20.666666666666668
exeter,other,27.483333333333334,34.1
exeter,other,22.033333333333335,32.8
exeter,other,37.65,42.8
exeter,exeter,20.05,25.666666666666668
exeter,exeter,39.96666666666667,30.166666666666668
exeter,exeter,31.933333333333334,8.433333333333334
exeter,exeter,80.38333333333334,29.466666666666665
exeter,exeter,47.43333333333333,24.466666666666665
exeter,exeter,40.43333333333333,32.3
exeter,exeter,53.666666666666664,12.766666666666667
exeter,exeter,40.19166666666666,33.733333333333334
exeter,other,28.983333333333334,36.9
exeter,exeter,28.233333333333334,31.066666666666666
exeter,exeter,28.783333333333335,21.366666666666667
exeter,other,52.583333333333336,49.63333333333333
exeter,exeter,25.766666666666666,29.5
exeter,other,42.18333333333333,49.333333333333336
exeter,exeter,18.933333333333334,31.133333333333333
exeter,other,22.133333333333333,49.7
exeter,exeter,34.18333333333333,19.633333333333333
exeter,exeter,26.191666666666666,25.6
exeter,other,31.833333333333332,31.266666666666666
exeter,exeter,34.416666666666664,19.933333333333334
exeter,other,38.9,55.5
exeter,other,33.233333333333334,35.5
exeter,exeter,26.133333333333333,28.9
exeter,exeter,25.283333333333335,29.0
exeter,exeter,28.71666666666667,26.966666666666665
exeter,exeter,44.15,22.9
exeter,exeter,20.65833333333333,35.96666666666667
exeter,exeter,36.0,15.566666666666666
exeter,exeter,29.55,16.4
exeter,exeter,30.0,29.066666666666666
exeter,exeter,25.983333333333334,30.966666666666665
exeter,other,26.733333333333334,33.86666666666667
exeter,exeter,38.94166666666666,36.36666666666667
exeter,other,22.066666666666666,34.96666666666667
exeter,exeter,43.833333333333336,38.9
exeter,exeter,45.71666666666667,12.533333333333333
exeter,exeter,35.4,15.733333333333333
exeter,exeter,30.433333333333334,12.0
exeter,other,22.7,38.9
exeter,exeter,31.933333333333334,11.7
exeter,exeter,30.894444444444446,30.5
exeter,exeter,30.37222222222222,18.333333333333332
exeter,exeter,23.708333333333336,10.766666666666667
exeter,other,0.0,48.266666666666666
exeter,exeter,42.18333333333333,27.233333333333334
exeter,other,0.0,54.03333333333333
exeter,other,37.075,22.0
exeter,cullompton,0.0,48.0
exeter,exeter,24.166666666666668,20.7
exeter,other,0.0,19.466666666666665
exeter,other,0.0,40.3
exeter,exeter,0.0,31.766666666666666
exeter,exeter,40.21666666666666,39.233333333333334
exeter,exeter,26.083333333333332,23.366666666666667
exeter,exeter,71.15,22.533333333333335
exeter,exeter,21.35,28.933333333333334
exeter,other,50.06458333333334,36.63333333333333
exeter,other,0.0,36.53333333333333
exeter,cullompton,0.0,43.666666666666664
exeter,other,0.0,30.9
exeter,exeter,0.0,35.4
exeter,other,29.722222222222225,55.96666666666667
exeter,exeter,47.43333333333333,29.666666666666668
exeter,exeter,43.71666666666667,34.2
exeter,exeter,31.324999999999996,31.5
exeter,exeter,27.422222222222228,19.833333333333332
exeter,other,0.0,42.56666666666667
exeter,other,28.783333333333335,35.96666666666667
exeter,other,0.0,67.53333333333333
exeter,exeter,32.49999999999999,22.033333333333335
exeter,other,0.0,50.06666666666667
exeter,other,0.0,43.86666666666667
exeter,other,0.0,39.166666666666664
exeter,exeter,25.066666666666666,31.9
exeter,other,0.0,49.666666666666664
exeter,other,0.0,50.56666666666667
exeter,exeter,43.96666666666667,13.133333333333333
exeter,other,0.0,36.8
exeter,other,0.0,49.7
exeter,exeter,23.828571428571433,13.666666666666666
exeter,other,45.66666666666667,42.6
exeter,exeter,28.75,24.0
exeter,other,23.166666666666668,51.8
exeter,other,0.0,43.6
exeter,exeter,50.25,26.4
exeter,exeter,24.133333333333333,30.8
exeter,other,0.0,65.73333333333333
exeter,other,0.0,52.3
exeter,other,0.0,61.666666666666664
exeter,other,0.0,41.1
exeter,other,45.4,57.333333333333336
exeter,cullompton,0.0,43.96666666666667
exeter,other,38.825,29.833333333333332
exeter,exeter,40.224999999999994,36.0
exeter,other,25.183333333333334,48.8
exeter,other,0.0,103.9
exeter,other,32.580555555555556,58.96666666666667
exeter,exeter,33.72,24.8
exeter,other,0.0,40.666666666666664
exeter,other,0.0,17.3
exeter,other,0.0,54.4
exeter,other,0.0,60.6
exeter,exeter,2.220833333333333,24.533333333333335
exeter,tiverton,0.0,63.36666666666667
exeter,other,21.183333333333334,30.4
exeter,exeter,39.96666666666667,25.366666666666667
exeter,other,0.0,49.36666666666667
exeter,tiverton,0.0,57.93333333333333
exeter,other,0.0,73.36666666666666
exeter,exeter,48.9,13.5
exeter,exeter,0.0,18.233333333333334
exeter,exeter,21.183333333333334,25.466666666666665
exeter,other,0.0,46.86666666666667
exeter,other,0.0,48.333333333333336
exeter,other,0.0,38.666666666666664
exeter,other,0.0,50.36666666666667
exeter,exeter,44.525000000000006,19.5
exeter,other,0.0,50.2
exeter,exeter,39.96666666666667,20.4
exeter,other,0.0,56.333333333333336
exeter,cullompton,0.0,51.2
exeter,other,0.0,92.43333333333334
exeter,exeter,42.06904761904762,21.9
exeter,other,0.0,46.766666666666666
exeter,other,0.0,129.43333333333334
exeter,other,0.0,49.8
exeter,other,0.0,62.03333333333333
exeter,tiverton,0.0,62.266666666666666
exeter,exeter,25.71666666666667,22.833333333333332
exeter,other,0.0,62.7
exeter,other,44.65833333333333,53.9
exeter,other,0.0,67.43333333333334
exeter,exeter,53.916666666666664,10.533333333333333
exeter,exeter,22.35,22.333333333333332
exeter,other,0.0,44.03333333333333
exeter,other,21.71666666666667,18.466666666666665
exeter,other,0.0,51.5
exeter,exeter,32.83518518518519,29.0
exeter,other,50.25,32.8
exeter,exeter,29.166666666666664,32.5
exeter,other,0.0,42.5
exeter,other,71.15,37.56666666666667
exeter,tiverton,0.0,63.03333333333333
exeter,tiverton,0.0,67.36666666666666
exeter,other,35.7,19.633333333333333
exeter,exeter,0.0,33.63333333333333
exeter,other,0.0,42.03333333333333
exeter,other,0.0,49.7
exeter,exeter,37.6,21.666666666666668
exeter,other,30.6,30.133333333333333
exeter,other,0.0,75.1
exeter,other,0.0,40.7
exeter,other,0.0,44.36666666666667
exeter,other,0.0,59.06666666666667
exeter,other,44.766666666666666,24.3
exeter,other,0.0,48.63333333333333
exeter,other,0.0,72.5
exeter,exeter,0.0,26.566666666666666
exeter,other,0.0,50.13333333333333
exeter,exeter,21.733333333333334,22.966666666666665
exeter,other,0.0,102.5
exeter,other,0.0,106.2
exeter,other,0.0,63.96666666666667
exeter,other,0.0,54.3
exeter,tiverton,0.0,58.233333333333334
exeter,other,0.0,54.4
exeter,other,24.26111111111111,58.9
exeter,other,0.0,116.26666666666667
exeter,other,56.9,113.96666666666667
exeter,exeter,28.456666666666667,18.0
exeter,exeter,29.783333333333335,29.2
exeter,exeter,27.299999999999997,14.4
exeter,exeter,34.766666666666666,35.666666666666664
exeter,exeter,30.0,11.666666666666666
exeter,exeter,30.15,21.833333333333332
exeter,exeter,0.0,12.233333333333333
exeter,exeter,0.0,12.266666666666667
exeter,other,0.0,48.233333333333334
exeter,exeter,25.0,20.8
exeter,other,0.0,44.96666666666667
exeter,other,27.833333333333336,37.4
exeter,other,27.373333333333335,25.6
exeter,other,0.0,51.4
exeter,exeter,34.791666666666664,33.13333333333333
exeter,exeter,42.775,22.1
exeter,exeter,43.833333333333336,21.433333333333334
exeter,exeter,22.53333333333333,22.033333333333335
exeter,other,0.0,42.5
exeter,exeter,33.21666666666667,21.266666666666666
exeter,other,0.0,63.56666666666667
exeter,tiverton,0.0,53.53333333333333
exeter,exeter,41.05833333333334,26.066666666666666
exeter,exeter,25.383333333333333,26.3
exeter,exeter,25.45555555555556,16.6
exeter,other,37.65,25.366666666666667
exeter,exeter,26.216666666666665,32.46666666666667
exeter,other,0.0,40.96666666666667
exeter,exeter,30.83888888888889,6.933333333333334
exeter,tiverton,0.0,65.5
exeter,exeter,43.833333333333336,32.9
exeter,exeter,0.0,37.833333333333336
exeter,other,0.0,20.833333333333332
exeter,exeter,47.141666666666666,25.9
exeter,other,0.0,36.833333333333336
exeter,exeter,0.0,14.633333333333333
exeter,tiverton,0.0,67.7
exeter,other,0.0,45.13333333333333
exeter,other,0.0,61.3
exeter,other,32.825,46.63333333333333
exeter,other,0.0,35.96666666666667
exeter,exeter,30.15,29.033333333333335
exeter,exeter,32.7875,26.533333333333335
exeter,other,0.0,57.63333333333333
exeter,exeter,45.527619047619055,29.766666666666666
exeter,other,0.0,57.766666666666666
exeter,other,0.0,54.1
exeter,exeter,36.233333333333334,29.2
exeter,tiverton,0.0,58.63333333333333
exeter,other,0.0,48.333333333333336
exeter,other,0.0,37.333333333333336
exeter,other,0.0,76.06666666666666
exeter,other,0.0,45.56666666666667
exeter,other,0.0,49.63333333333333
exeter,tiverton,0.0,64.3
exeter,other,0.0,112.73333333333333
exeter,other,0.0,110.06666666666666
exeter,tiverton,0.0,67.36666666666666
exeter,other,52.80833333333334,25.2
exeter,other,0.0,59.6
exeter,other,0.0,100.0
exeter,other,0.0,52.43333333333333
exeter,other,0.0,57.1
exeter,other,0.0,55.266666666666666
exeter,other,0.0,61.0
exeter,other,0.0,60.3
exeter,other,0.0,60.43333333333333
exeter,other,0.0,64.2
exeter,cullompton,0.0,53.9
exeter,other,0.0,57.46666666666667
exeter,other,0.0,68.16666666666667
exeter,other,0.0,47.03333333333333
exeter,other,0.0,51.333333333333336
exeter,other,0.0,56.36666666666667
exeter,other,0.0,55.03333333333333
exeter,other,0.0,102.66666666666667
exeter,cullompton,0.0,39.266666666666666
exeter,other,0.0,50.9
exeter,other,0.0,42.7
exeter,exeter,0.0,34.1
exeter,other,0.0,45.666666666666664
exeter,exeter,0.0,18.266666666666666
exeter,other,0.0,52.733333333333334
exeter,exeter,0.0,20.733333333333334
exeter,other,0.0,77.76666666666667
exeter,other,0.0,51.0
exeter,other,0.0,57.86666666666667
exeter,other,0.0,54.1
exeter,other,0.0,30.333333333333332
exeter,tiverton,0.0,65.73333333333333
exeter,other,0.0,46.766666666666666
exeter,tiverton,0.0,66.03333333333333
exeter,cullompton,0.0,51.43333333333333
exeter,other,0.0,61.333333333333336
exeter,other,0.0,57.0
exeter,other,0.0,46.333333333333336
exeter,other,0.0,61.733333333333334
exeter,exeter,0.0,20.2
exeter,other,0.0,70.86666666666666
exeter,exeter,36.61666666666667,10.233333333333333
exeter,other,0.0,51.4
exeter,other,0.0,36.43333333333333
exeter,other,0.0,50.06666666666667
exeter,other,0.0,103.96666666666667
exeter,other,0.0,57.166666666666664
exeter,other,30.0,46.43333333333333
exeter,other,0.0,28.733333333333334
exeter,other,0.0,53.0
exeter,other,0.0,64.8
exeter,other,0.0,39.0
exeter,exeter,0.0,12.6
exeter,tiverton,0.0,58.5
exeter,other,0.0,66.26666666666667
exeter,other,0.0,44.13333333333333
exeter,other,0.0,50.63333333333333
exeter,other,0.0,52.56666666666667
exeter,other,41.333333333333336,114.03333333333333
exeter,other,0.0,80.26666666666667
exeter,cullompton,0.0,42.3
exeter,other,0.0,55.5
exeter,other,0.0,41.93333333333333
exeter,other,0.0,58.63333333333333
exeter,other,0.0,48.03333333333333
exeter,cullompton,0.0,56.666666666666664
exeter,other,0.0,48.7
exeter,tiverton,0.0,61.53333333333333
exeter,other,0.0,117.1
exeter,other,0.0,55.233333333333334
exeter,other,0.0,107.03333333333333
exeter,other,0.0,56.6
exeter,other,0.0,49.833333333333336
exeter,other,0.0,64.06666666666666
exeter,other,0.0,63.233333333333334
exeter,other,0.0,53.833333333333336
exeter,tiverton,0.0,61.666666666666664
exeter,other,0.0,61.266666666666666
exeter,other,0.0,53.7
exeter,other,0.0,58.666666666666664
exeter,other,0.0,59.6
exeter,other,0.0,42.36666666666667
exeter,other,0.0,68.26666666666667
exeter,other,0.0,63.06666666666667
exeter,exeter,0.0,32.43333333333333
exeter,tiverton,0.0,56.56666666666667
exeter,other,0.0,40.36666666666667
exeter,other,0.0,45.43333333333333
exeter,exeter,0.0,10.666666666666666
exeter,other,0.0,115.5
exeter,other,0.0,67.13333333333334
exeter,other,0.0,42.86666666666667
exeter,other,0.0,38.8
exeter,tiverton,0.0,59.63333333333333
exeter,other,0.0,43.43333333333333
exeter,cullompton,0.0,59.63333333333333
exeter,cullompton,0.0,45.36666666666667
exeter,other,0.0,45.0
exeter,other,0.0,42.1
exeter,other,0.0,46.43333333333333
exeter,other,0.0,105.46666666666667
exeter,other,0.0,51.1
exeter,tiverton,0.0,58.733333333333334
exeter,exeter,0.0,24.833333333333332
exeter,tiverton,0.0,58.13333333333333
exeter,other,0.0,26.666666666666668
exeter,tiverton,0.0,61.166666666666664
exeter,other,0.0,52.46666666666667
exeter,other,0.0,51.766666666666666
exeter,other,0.0,66.03333333333333
exeter,other,0.0,72.53333333333333
exeter,other,0.0,56.93333333333333
exeter,other,0.0,61.86666666666667
exeter,other,0.0,60.36666666666667
exeter,other,0.0,67.26666666666667
exeter,other,0.0,57.766666666666666
exeter,other,0.0,109.46666666666667
exeter,other,0.0,61.46666666666667
exeter,other,0.0,45.0
exeter,other,0.0,62.733333333333334
exeter,other,0.0,58.46666666666667
exeter,other,0.0,52.1
exeter,other,0.0,57.06666666666667
exeter,other,0.0,34.56666666666667
exeter,exeter,0.0,17.166666666666668
exeter,tiverton,0.0,55.766666666666666
exeter,other,0.0,64.93333333333334
exeter,other,0.0,73.8
exeter,other,0.0,70.33333333333333
exeter,other,0.0,108.4
exeter,other,0.0,66.2
exeter,tiverton,0.0,58.833333333333336
exeter,other,0.0,51.666666666666664
exeter,other,0.0,58.43333333333333
exeter,other,0.0,59.833333333333336
exeter,other,0.0,56.63333333333333
exeter,other,0.0,52.766666666666666
exeter,other,0.0,83.53333333333333
exeter,other,0.0,55.63333333333333
exeter,other,0.0,50.1
exeter,other,0.0,76.6
exeter,other,0.0,45.6
exeter,other,0.0,49.43333333333333
exeter,other,0.0,65.33333333333333
exeter,other,0.0,64.8
exeter,tiverton,0.0,57.3
exeter,other,0.0,45.2
exeter,other,0.0,55.06666666666667
exeter,other,0.0,48.766666666666666
exeter,cullompton,0.0,52.03333333333333
exeter,exeter,0.0,38.833333333333336
exeter,other,0.0,53.9
exeter,other,0.0,48.766666666666666
exeter,exeter,0.0,38.166666666666664
exeter,other,0.0,42.233333333333334
exeter,other,0.0,57.5
exeter,other,0.0,112.53333333333333
exeter,other,0.0,56.2
exeter,other,0.0,41.1
exeter,other,0.0,74.8
exeter,other,0.0,122.6
exeter,other,0.0,52.1
exeter,other,0.0,39.733333333333334
exeter,cullompton,0.0,47.43333333333333
exeter,tiverton,0.0,62.4
exeter,other,0.0,60.833333333333336
exeter,other,0.0,68.46666666666667
exeter,exeter,0.0,25.433333333333334
exeter,other,0.0,54.833333333333336
exeter,other,0.0,51.36666666666667
exeter,other,0.0,45.166666666666664
exeter,other,0.0,51.266666666666666
exeter,cullompton,0.0,43.03333333333333
exeter,other,0.0,42.233333333333334
exeter,other,0.0,121.33333333333333
exeter,other,0.0,46.53333333333333
exeter,exeter,0.0,21.0
exeter,other,0.0,49.2
exeter,other,0.0,44.53333333333333
exeter,other,0.0,79.46666666666667
exeter,other,0.0,54.166666666666664
exeter,tiverton,0.0,59.3
exeter,other,0.0,60.666666666666664
exeter,other,0.0,71.63333333333334
exeter,other,0.0,53.93333333333333
exeter,tiverton,0.0,56.233333333333334
exeter,other,0.0,54.86666666666667
exeter,other,0.0,70.2
exeter,tiverton,0.0,56.36666666666667
exeter,other,0.0,69.03333333333333
exeter,exeter,0.0,25.833333333333332
exeter,other,0.0,63.733333333333334
exeter,other,0.0,65.13333333333334
exeter,other,0.0,66.73333333333333
exeter,other,0.0,111.26666666666667
exeter,other,0.0,119.53333333333333
exeter,tiverton,0.0,53.3
exeter,other,0.0,54.43333333333333
exeter,other,0.0,120.76666666666667
exeter,other,0.0,58.46666666666667
exeter,other,0.0,110.7
exeter,other,0.0,77.13333333333334
exeter,other,0.0,64.23333333333333
exeter,other,0.0,54.93333333333333
exeter,other,0.0,68.7
exeter,other,0.0,42.666666666666664
exeter,other,0.0,64.13333333333334
exeter,other,0.0,55.8
exeter,cullompton,0.0,53.0
exeter,other,0.0,58.03333333333333
exeter,other,0.0,60.86666666666667
exeter,other,0.0,74.06666666666666
exeter,other,0.0,64.13333333333334
exeter,other,0.0,119.36666666666666
exeter,other,0.0,116.3
exeter,other,0.0,77.96666666666667
exeter,other,0.0,37.56666666666667
exeter,taunton,0.0,59.3
exeter,other,0.0,57.77499999999999
exeter,taunton,0.0,62.266666666666666
exeter,other,0.0,22.533333333333335
exeter,other,0.0,19.833333333333332
exeter,other,0.0,22.333333333333332
exeter,other,0.0,36.0
exeter,other,0.0,35.4
exeter,other,0.0,34.2
exeter,other,0.0,18.333333333333332
exeter,other,0.0,0.0
exeter,other,0.0,27.233333333333334
exeter,other,0.0,40.3
exeter,other,0.0,62.03333333333333
exeter,other,0.0,48.333333333333336
exeter,taunton,0.0,72.5
exeter,other,0.0,40.43333333333334
exeter,other,0.0,37.56666666666667
exeter,other,0.0,50.06666666666667
exeter,other,0.0,21.9
exeter,taunton,0.0,38.699999999999996
exeter,other,0.0,20.7
exeter,other,0.0,11.7
exeter,other,0.0,24.8
exeter,other,0.0,63.03333333333333
exeter,taunton,0.0,29.0
exeter,other,0.0,24.533333333333335
exeter,other,0.0,43.86666666666667
exeter,other,0.0,44.46666666666666
exeter,other,0.0,42.5
exeter,other,0.0,50.2
exeter,taunton,0.0,71.57777777777778
exeter,other,0.0,102.5
exeter,other,0.0,44.516666666666666
exeter,other,0.0,25.466666666666665
exeter,other,0.0,20.4
exeter,other,0.0,22.966666666666665
exeter,other,0.0,43.6
exeter,other,0.0,13.666666666666666
exeter,other,0.0,63.56666666666667
exeter,other,0.0,6.933333333333334
exeter,other,0.0,42.03333333333333
exeter,other,0.0,39.516666666666666
exeter,other,0.0,72.96666666666667
exeter,other,0.0,26.066666666666666
exeter,other,0.0,11.666666666666666
exeter,other,0.0,61.133333333333326
exeter,other,0.0,57.63333333333333
exeter,taunton,0.0,26.3
exeter,other,0.0,29.033333333333335
exeter,other,0.0,20.8
exeter,other,0.0,37.4
exeter,other,0.0,110.06666666666666
exeter,other,0.0,41.2125
exeter,other,0.0,58.63333333333333
exeter,other,0.0,32.9
exeter,other,0.0,21.433333333333334
exeter,other,0.0,36.46666666666667
exeter,other,0.0,0.0
exeter,other,0.0,33.63333333333333
exeter,other,0.0,41.099999999999994
exeter,other,0.0,29.2
exeter,other,0.0,30.5
exeter,taunton,0.0,29.099999999999998
exeter,other,0.0,23.366666666666667
exeter,other,0.0,29.833333333333332
exeter,other,0.0,36.766666666666666
exeter,other,0.0,13.5
exeter,other,0.0,0.0
exeter,taunton,0.0,29.666666666666668
exeter,other,0.0,25.2
exeter,other,0.0,44.67777777777778
exeter,other,0.0,53.233333333333334
exeter,other,0.0,48.55555555555555
exeter,other,0.0,44.75000000000001
exeter,other,0.0,60.3
exeter,other,0.0,40.666666666666664
exeter,other,0.0,25.366666666666667
exeter,taunton,0.0,62.416666666666664
exeter,other,0.0,32.3
exeter,other,0.0,12.766666666666667
exeter,other,0.0,22.7
exeter,other,0.0,21.666666666666668
exeter,other,0.0,39.233333333333334
exeter,taunton,0.0,22.9
exeter,other,0.0,25.8
exeter,other,0.0,14.6
exeter,other,0.0,29.066666666666666
exeter,other,0.0,35.64444444444444
exeter,other,0.0,35.96666666666667
exeter,other,0.0,18.7
exeter,other,0.0,43.666666666666664
exeter,other,0.0,51.416666666666664
exeter,other,0.0,18.233333333333334
exeter,taunton,0.0,38.74444444444444
exeter,other,0.0,46.333333333333336
exeter,other,0.0,22.766666666666666
exeter,other,0.0,24.0
exeter,other,0.0,61.666666666666664
exeter,other,0.0,35.666666666666664
exeter,other,0.0,44.93333333333334
exeter,other,0.0,22.1
exeter,other,0.0,18.266666666666666
exeter,other,0.0,58.75
exeter,other,0.0,46.333333333333336
exeter,other,0.0,49.666666666666664
exeter,other,0.0,66.03333333333333
exeter,other,0.0,32.8
exeter,other,0.0,21.233333333333334
exeter,other,0.0,60.6
exeter,other,0.0,38.1
exeter,other,0.0,20.733333333333334
exeter,other,0.0,33.1
exeter,other,0.0,10.233333333333333
exeter,other,0.0,18.0
exeter,other,0.0,54.18888888888889
exeter,other,0.0,59.333333333333336
exeter,other,0.0,26.466666666666665
exeter,other,0.0,29.0
exeter,other,0.0,32.85
exeter,other,0.0,46.20833333333333
exeter,other,0.0,90.66666666666666
exeter,taunton,0.0,52.91666666666667
exeter,other,0.0,0.0
exeter,other,0.0,31.766666666666666
exeter,other,0.0,25.8
exeter,other,0.0,63.96666666666667
exeter,other,0.0,40.7
exeter,other,0.0,39.266666666666666
exeter,other,0.0,12.6
exeter,other,0.0,46.43333333333333
exeter,other,0.0,12.966666666666667
exeter,other,0.0,16.5
exeter,other,0.0,20.666666666666668
exeter,other,0.0,72.53333333333333
exeter,other,0.0,41.766666666666666
exeter,other,0.0,12.233333333333333
exeter,taunton,0.0,76.75
exeter,other,0.0,33.13333333333333
exeter,other,0.0,63.233333333333334
exeter,other,0.0,68.16666666666667
exeter,other,0.0,48.11333333333333
exeter,taunton,0.0,100.0
exeter,other,0.0,51.81666666666666
exeter,taunton,0.0,52.45333333333333
exeter,other,0.0,26.966666666666665
exeter,other,0.0,25.666666666666668
exeter,other,0.0,31.116666666666667
exeter,other,0.0,25.6
exeter,other,0.0,18.433333333333334
exeter,other,0.0,12.0
exeter,other,0.0,63.36666666666667
exeter,other,0.0,45.36666666666667
exeter,other,0.0,67.26666666666667
exeter,other,0.0,0.0
exeter,taunton,0.0,109.46666666666667
exeter,other,0.0,32.43333333333333
exeter,other,0.0,52.85999999999999
exeter,other,0.0,34.766666666666666
exeter,other,0.0,50.5
exeter,other,0.0,34.1
exeter,other,0.0,7.533333333333333
exeter,other,0.0,17.133333333333333
exeter,taunton,0.0,112.53333333333333
exeter,other,0.0,29.766666666666666
exeter,other,0.0,51.766666666666666
exeter,other,0.0,50.9
exeter,other,0.0,13.3
exeter,other,0.0,9.6
exeter,other,0.0,25.5
exeter,other,0.0,0.0
exeter,other,0.0,40.06666666666667
exeter,other,0.0,61.733333333333334
exeter,other,0.0,9.166666666666666
exeter,other,0.0,43.03333333333333
exeter,other,0.0,10.666666666666666
exeter,other,0.0,64.93333333333334
exeter,other,0.0,39.416666666666664
exeter,other,0.0,25.0
exeter,other,0.0,34.166666666666664
exeter,taunton,0.0,15.733333333333333
exeter,other,0.0,43.43333333333333
exeter,other,0.0,14.8
exeter,other,0.0,37.333333333333336
exeter,other,0.0,49.51111111111112
exeter,other,0.0,33.9
exeter,other,0.0,41.983333333333334
exeter,other,0.0,51.25833333333333
exeter,other,0.0,59.63333333333333
exeter,taunton,0.0,61.166666666666664
exeter,other,0.0,36.36666666666667
exeter,taunton,0.0,65.73333333333333
exeter,other,0.0,33.8
exeter,other,0.0,11.766666666666667
exeter,other,0.0,13.833333333333334
exeter,other,0.0,10.1
exeter,other,0.0,56.36666666666667
exeter,other,0.0,20.966666666666665
exeter,taunton,0.0,10.3
exeter,other,0.0,59.833333333333336
exeter,other,0.0,76.6
exeter,taunton,0.0,80.53333333333333
exeter,taunton,0.0,19.633333333333333
exeter,other,0.0,66.2
exeter,other,0.0,17.433333333333334
exeter,other,0.0,63.45238095238095
exeter,other,0.0,32.25555555555555
exeter,other,0.0,35.5
exeter,other,0.0,54.1
exeter,other,0.0,55.766666666666666
exeter,other,0.0,0.0
exeter,other,0.0,60.43333333333333
exeter,other,0.0,43.28333333333333
exeter,other,0.0,17.6
exeter,taunton,0.0,8.433333333333334
exeter,other,0.0,8.866666666666667
exeter,other,0.0,51.0
exeter,other,0.0,17.166666666666668
exeter,other,0.0,15.233333333333333
exeter,other,0.0,30.866666666666667
exeter,other,0.0,19.733333333333334
exeter,other,0.0,13.4
exeter,other,0.0,70.86666666666666
exeter,other,0.0,19.133333333333333
exeter,other,0.0,10.466666666666667
exeter,other,0.0,69.03333333333333
exeter,other,0.0,58.5
exeter,other,0.0,41.93333333333333
exeter,other,0.0,51.733333333333334
exeter,other,0.0,112.73333333333333
exeter,other,0.0,43.33333333333333
exeter,other,0.0,90.46666666666667
exeter,other,0.0,66.26666666666667
exeter,other,0.0,27.366666666666667
exeter,other,0.0,64.1
exeter,taunton,0.0,55.18333333333334
exeter,other,0.0,43.51111111111111
exeter,other,0.0,47.599999999999994
exeter,other,0.0,39.93333333333334
exeter,other,0.0,27.166666666666668
exeter,other,0.0,34.63333333333333
exeter,other,0.0,15.133333333333333
exeter,other,0.0,23.933333333333334
exeter,other,0.0,21.133333333333333
exeter,other,0.0,49.63333333333333
exeter,other,0.0,15.933333333333334
exeter,other,0.0,48.7
exeter,other,0.0,44.88333333333333
exeter,other,0.0,14.2
exeter,other,0.0,22.466666666666665
exeter,other,0.0,38.166666666666664
exeter,other,0.0,40.36666666666667
exeter,other,0.0,30.966666666666665
exeter,other,0.0,46.333333333333336
exeter,taunton,0.0,59.233333333333334
exeter,other,0.0,13.033333333333333
exeter,other,0.0,61.666666666666664
exeter,other,0.0,21.933333333333334
exeter,other,0.0,19.766666666666666
exeter,other,0.0,41.1
exeter,other,0.0,68.46666666666667
exeter,other,0.0,42.1
exeter,other,0.0,61.300000000000004
exeter,other,0.0,44.46666666666667
exeter,taunton,0.0,110.7
exeter,other,0.0,42.3
exeter,other,0.0,46.449999999999996
exeter,other,0.0,18.666666666666668
exeter,taunton,0.0,102.66666666666667
exeter,other,0.0,13.866666666666667
exeter,other,0.0,35.56666666666666
exeter,other,0.0,52.56666666666667
exeter,other,0.0,29.066666666666666
exeter,other,0.0,25.166666666666668
exeter,other,0.0,33.733333333333334
exeter,other,0.0,126.36666666666666
exeter,other,0.0,25.433333333333334
exeter,taunton,0.0,10.833333333333334
exeter,other,0.0,20.4
exeter,other,0.0,37.93333333333333
exeter,other,0.0,20.8
exeter,other,0.0,21.066666666666666
exeter,other,0.0,0.0
exeter,other,0.0,10.9
exeter,other,0.0,68.7
exeter,other,0.0,18.533333333333335
exeter,other,0.0,41.333333333333336
exeter,other,0.0,77.13333333333334
exeter,other,0.0,80.22222222222223
exeter,other,0.0,53.13333333333333
exeter,other,0.0,56.825
exeter,other,0.0,27.566666666666666
exeter,other,0.0,29.366666666666667
exeter,taunton,0.0,56.36666666666667
exeter,other,0.0,64.13333333333334
exeter,other,0.0,21.233333333333334
exeter,other,0.0,26.766666666666666
exeter,taunton,0.0,59.63333333333333
exeter,other,0.0,53.85
exeter,other,0.0,25.6
exeter,other,0.0,45.833333333333336
exeter,other,0.0,19.4
exeter,other,0.0,30.466666666666665
exeter,other,0.0,55.8
exeter,other,0.0,53.68333333333334
exeter,other,0.0,20.0
exeter,other,0.0,58.13333333333333
exeter,other,0.0,54.43333333333333
exeter,taunton,0.0,107.03333333333333
exeter,other,0.0,21.366666666666667
exeter,other,0.0,52.733333333333334
exeter,taunton,0.0,108.4
exeter,other,0.0,62.3
exeter,other,0.0,62.4
exeter,other,0.0,40.86666666666667
exeter,taunton,0.0,46.06111111111111
exeter,other,0.0,21.266666666666666
exeter,other,0.0,70.33333333333333
exeter,taunton,0.0,18.2
exeter,other,0.0,11.833333333333334
exeter,other,0.0,119.53333333333333
exeter,taunton,0.0,80.98333333333333
exeter,other,0.0,50.1
exeter,other,0.0,38.833333333333336
exeter,other,0.0,48.06666666666666
exeter,other,0.0,52.36666666666666
exeter,other,0.0,47.96666666666667
exeter,other,0.0,21.566666666666666
exeter,other,0.0,66.03333333333333
exeter,other,0.0,39.31111111111111
exeter,other,0.0,46.58333333333333
exeter,other,0.0,34.36666666666667
exeter,other,0.0,48.300000000000004
exeter,other,0.0,38.71666666666667
exeter,other,0.0,56.63333333333333
exeter,other,0.0,58.43333333333333
exeter,other,0.0,28.966666666666665
exeter,other,0.0,52.03333333333333
exeter,other,0.0,21.1
exeter,other,0.0,53.0
exeter,other,0.0,78.34444444444445
exeter,other,0.0,13.566666666666666
exeter,other,0.0,57.15
exeter,other,0.0,56.233333333333334
exeter,other,0.0,45.2
exeter,taunton,0.0,15.266666666666667
exeter,other,0.0,120.76666666666667
exeter,other,0.0,74.06666666666666
exeter,taunton,0.0,85.96666666666667
exeter,other,0.0,25.7
exeter,other,0.0,47.2
exeter,other,0.0,60.650000000000006
exeter,other,0.0,59.013333333333335
exeter,other,0.0,73.62222222222222
exeter,taunton,23.456666666666667,85.23333333333333
exeter,bristol,33.45,0.0
highbridge_and_burnham,bristol,71.85,65.4
highbridge_and_burnham,other,30.233333333333334,37.833333333333336
highbridge_and_burnham,highbridge_and_burnham,15.366666666666667,0.0
highbridge_and_burnham,other,44.71666666666667,37.733333333333334
highbridge_and_burnham,bridgwater,48.583333333333336,39.63333333333333
highbridge_and_burnham,bridgwater,35.21666666666667,41.5
highbridge_and_burnham,other,0.0,13.266666666666667
highbridge_and_burnham,other,0.0,0.0
highbridge_and_burnham,bridgwater,0.0,38.766666666666666
highbridge_and_burnham,weston-super-mare,0.0,39.6
highbridge_and_burnham,other,0.0,46.733333333333334
highbridge_and_burnham,taunton,0.0,57.36666666666667
highbridge_and_burnham,other,0.0,36.46666666666667
highbridge_and_burnham,other,0.0,9.866666666666667
highbridge_and_burnham,other,0.0,38.833333333333336
highbridge_and_burnham,other,0.0,49.266666666666666
highbridge_and_burnham,other,0.0,36.36666666666667
highbridge_and_burnham,other,0.0,42.3
highbridge_and_burnham,other,0.0,63.733333333333334
highbridge_and_burnham,wellington,0.0,70.9
highbridge_and_burnham,bridgwater,0.0,37.1
highbridge_and_burnham,other,0.0,43.233333333333334
highbridge_and_burnham,taunton,0.0,57.4
highbridge_and_burnham,other,0.0,44.833333333333336
highbridge_and_burnham,taunton,0.0,61.766666666666666
highbridge_and_burnham,taunton,0.0,68.86666666666666
highbridge_and_burnham,weston-super-mare,0.0,38.5
highbridge_and_burnham,taunton,0.0,60.36666666666667
highbridge_and_burnham,other,0.0,37.166666666666664
highbridge_and_burnham,other,0.0,44.93333333333333
highbridge_and_burnham,bristol,0.0,66.43333333333334
highbridge_and_burnham,other,0.0,40.4
highbridge_and_burnham,other,0.0,49.56666666666667
highbridge_and_burnham,other,0.0,37.06666666666667
highbridge_and_burnham,bridgwater,0.0,39.86666666666667
highbridge_and_burnham,bristol,0.0,62.56666666666667
highbridge_and_burnham,other,0.0,9.766666666666667
highbridge_and_burnham,bristol,0.0,60.86666666666667
highbridge_and_burnham,bristol,0.0,68.1
highbridge_and_burnham,highbridge_and_burnham,0.0,48.93333333333333
highbridge_and_burnham,other,0.0,62.86666666666667
highbridge_and_burnham,other,0.0,44.86666666666667
highbridge_and_burnham,other,0.0,74.36666666666666
highbridge_and_burnham,taunton,0.0,64.26666666666667
highbridge_and_burnham,other,0.0,43.166666666666664
highbridge_and_burnham,other,0.0,44.93333333333333
highbridge_and_burnham,other,0.0,57.03333333333333
highbridge_and_burnham,taunton,0.0,65.4
highbridge_and_burnham,other,0.0,66.9
highbridge_and_burnham,taunton,0.0,58.7
highbridge_and_burnham,bristol,0.0,63.733333333333334
highbridge_and_burnham,other,0.0,78.73333333333333
highbridge_and_burnham,weston-super-mare,0.0,48.666666666666664
highbridge_and_burnham,bristol,0.0,93.93333333333334
highbridge_and_burnham,bridgwater,0.0,39.166666666666664
highbridge_and_burnham,taunton,0.0,65.93333333333334
highbridge_and_burnham,other,0.0,51.233333333333334
highbridge_and_burnham,weston-super-mare,0.0,74.03333333333333
highbridge_and_burnham,other,0.0,62.06666666666667
highbridge_and_burnham,other,0.0,62.03333333333333
highbridge_and_burnham,other,0.0,43.36666666666667
highbridge_and_burnham,other,0.0,41.766666666666666
highbridge_and_burnham,taunton,0.0,65.63333333333334
highbridge_and_burnham,taunton,0.0,60.1
highbridge_and_burnham,other,0.0,34.766666666666666
highbridge_and_burnham,taunton,0.0,63.733333333333334
highbridge_and_burnham,other,0.0,45.666666666666664
highbridge_and_burnham,other,0.0,53.9
highbridge_and_burnham,other,0.0,35.36666666666667
highbridge_and_burnham,taunton,0.0,59.06666666666667
highbridge_and_burnham,other,0.0,71.5
highbridge_and_burnham,other,0.0,77.53333333333333
highbridge_and_burnham,other,0.0,92.3
highbridge_and_burnham,taunton,0.0,70.53333333333333
highbridge_and_burnham,other,0.0,104.23333333333333
highbridge_and_burnham,weston-super-mare,0.0,37.9
highbridge_and_burnham,other,0.0,56.36666666666667
highbridge_and_burnham,other,0.0,72.06666666666666
highbridge_and_burnham,bristol,0.0,85.9
highbridge_and_burnham,taunton,0.0,67.3
highbridge_and_burnham,other,0.0,43.2
highbridge_and_burnham,other,0.0,36.53333333333333
highbridge_and_burnham,other,0.0,41.1
highbridge_and_burnham,weston-super-mare,0.0,42.0
highbridge_and_burnham,weston-super-mare,0.0,43.7
highbridge_and_burnham,other,0.0,61.2
highbridge_and_burnham,bristol,0.0,84.96666666666667
highbridge_and_burnham,weston-super-mare,0.0,98.4
highbridge_and_burnham,wellington,0.0,69.23333333333333
highbridge_and_burnham,other,0.0,45.06666666666667
highbridge_and_burnham,weston-super-mare,0.0,57.46666666666667
highbridge_and_burnham,other,0.0,100.03333333333333
highbridge_and_burnham,weston-super-mare,0.0,72.36666666666666
highbridge_and_burnham,weston-super-mare,0.0,47.0
highbridge_and_burnham,weston-super-mare,0.0,55.8
highbridge_and_burnham,weston-super-mare,0.0,36.8
highbridge_and_burnham,other,0.0,70.36666666666666
highbridge_and_burnham,bristol,0.0,86.66666666666667
highbridge_and_burnham,other,0.0,75.83333333333333
highbridge_and_burnham,other,0.0,65.23333333333333
highbridge_and_burnham,weston-super-mare,0.0,96.73333333333333
highbridge_and_burnham,other,0.0,64.03333333333333
highbridge_and_burnham,other,0.0,86.7
highbridge_and_burnham,other,0.0,47.56666666666667
highbridge_and_burnham,other,0.0,85.03333333333333
highbridge_and_burnham,bristol,0.0,92.23333333333333
highbridge_and_burnham,other,0.0,99.36666666666666
highbridge_and_burnham,other,0.0,74.43333333333334
highbridge_and_burnham,other,0.0,65.6
highbridge_and_burnham,other,0.0,52.2
highbridge_and_burnham,other,0.0,63.63333333333333
highbridge_and_burnham,other,0.0,94.0
highbridge_and_burnham,other,0.0,102.56666666666666
highbridge_and_burnham,bristol,0.0,84.2
highbridge_and_burnham,other,0.0,69.8
highbridge_and_burnham,other,0.0,77.03333333333333
highbridge_and_burnham,other,0.0,40.6
taunton,bridgwater,26.3,49.1
taunton,bristol,69.4,143.4
taunton,exeter,67.2,103.6
taunton,bristol,83.61666666666666,141.0
taunton,bridgwater,42.916666666666664,54.36666666666667
taunton,exeter,44.083333333333336,103.06666666666666
taunton,exeter,83.33333333333333,96.3
taunton,bristol,76.25,124.66666666666667
taunton,bristol,44.7,131.93333333333334
taunton,bristol,59.18333333333333,119.4
taunton,bristol,61.766666666666666,0.0
taunton,exeter,58.833333333333336,108.33333333333333
taunton,taunton,31.016666666666666,12.333333333333334
taunton,taunton,32.9,20.433333333333334
taunton,taunton,35.53333333333333,24.1
taunton,taunton,36.43333333333333,11.733333333333333
taunton,taunton,30.666666666666668,13.166666666666666
taunton,taunton,17.15,14.866666666666667
taunton,taunton,28.866666666666667,12.0
taunton,wellington,45.016666666666666,19.166666666666668
taunton,wellington,38.28333333333333,34.7
taunton,taunton,31.166666666666668,19.966666666666665
taunton,taunton,30.666666666666668,16.9
taunton,taunton,24.716666666666665,17.4
taunton,taunton,27.9,11.366666666666667
taunton,wellington,43.46666666666667,37.86666666666667
taunton,taunton,39.166666666666664,20.133333333333333
taunton,wellington,34.2,25.166666666666668
taunton,wellington,44.983333333333334,35.86666666666667
taunton,taunton,50.666666666666664,16.466666666666665
taunton,taunton,39.31666666666667,26.033333333333335
taunton,other,48.1,98.5
taunton,taunton,54.2,16.033333333333335
taunton,other,62.5,42.233333333333334
taunton,taunton,40.81666666666667,20.3
taunton,taunton,42.13333333333333,11.433333333333334
taunton,taunton,69.43333333333334,25.6
taunton,wellington,46.53333333333333,14.133333333333333
taunton,taunton,25.3,21.433333333333334
taunton,taunton,19.766666666666666,10.966666666666667
taunton,taunton,16.533333333333335,10.166666666666666
taunton,other,77.98333333333333,89.8
taunton,taunton,47.15,23.366666666666667
taunton,other,42.5,33.13333333333333
taunton,wellington,74.45,42.56666666666667
taunton,taunton,22.3,10.4
taunton,taunton,36.483333333333334,14.266666666666667
taunton,taunton,40.8,15.866666666666667
taunton,taunton,43.68333333333333,22.1
taunton,wellington,79.03333333333333,20.833333333333332
taunton,wellington,48.11666666666667,41.833333333333336
taunton,wellington,39.833333333333336,20.1
taunton,wellington,49.666666666666664,10.733333333333333
taunton,other,54.233333333333334,86.73333333333333
taunton,taunton,37.68333333333333,23.866666666666667
taunton,taunton,29.433333333333334,15.866666666666667
taunton,wellington,32.65,27.4
taunton,other,63.3,80.83333333333333
taunton,taunton,33.35,11.2
taunton,taunton,23.5,19.3
taunton,other,55.55,29.7
taunton,taunton,48.93333333333333,20.3
taunton,taunton,51.166666666666664,22.166666666666668
taunton,other,21.016666666666666,28.566666666666666
taunton,other,36.61666666666667,94.96666666666667
taunton,taunton,45.5,15.933333333333334
taunton,taunton,26.633333333333333,15.7
taunton,taunton,30.35,20.266666666666666
taunton,taunton,44.21666666666667,12.866666666666667
taunton,taunton,24.116666666666667,12.0
taunton,taunton,32.85,19.0
taunton,taunton,41.68333333333333,25.233333333333334
taunton,taunton,38.666666666666664,20.566666666666666
taunton,taunton,45.166666666666664,12.3
taunton,other,43.766666666666666,95.5
taunton,taunton,52.63333333333333,19.533333333333335
taunton,other,0.0,60.13333333333333
taunton,other,0.0,66.2
taunton,taunton,0.0,28.066666666666666
taunton,other,0.0,63.5
taunton,other,0.0,24.7
taunton,other,0.0,50.63333333333333
taunton,other,0.0,51.5
taunton,exeter,0.0,79.06666666666666
taunton,other,0.0,75.43333333333334
taunton,bridgwater,0.0,52.13333333333333
taunton,other,0.0,60.53333333333333
taunton,other,0.0,80.7
taunton,tiverton,0.0,55.63333333333333
taunton,wellington,0.0,28.766666666666666
taunton,wellington,0.0,23.266666666666666
taunton,other,0.0,71.5
taunton,other,0.0,47.766666666666666
taunton,other,0.0,30.433333333333334
taunton,other,0.0,72.73333333333333
taunton,other,0.0,76.7
taunton,other,0.0,52.36666666666667
taunton,other,0.0,69.73333333333333
taunton,other,0.0,79.26666666666667
taunton,other,0.0,77.53333333333333
taunton,other,0.0,55.56666666666667
taunton,bridgwater,0.0,60.333333333333336
taunton,other,0.0,49.666666666666664
taunton,other,0.0,82.13333333333334
taunton,other,0.0,75.9
taunton,highbridge_and_burnham,0.0,68.6
taunton,highbridge_and_burnham,0.0,65.46666666666667
taunton,other,0.0,66.4
taunton,other,0.0,94.2
taunton,taunton,0.0,23.533333333333335
taunton,highbridge_and_burnham,0.0,69.73333333333333
taunton,other,0.0,105.6
taunton,other,0.0,64.96666666666667
taunton,other,0.0,86.73333333333333
taunton,other,0.0,79.83333333333333
taunton,other,0.0,64.53333333333333
taunton,taunton,0.0,24.933333333333334
taunton,other,0.0,93.43333333333334
taunton,other,0.0,91.96666666666667
taunton,other,0.0,67.4
taunton,other,0.0,96.73333333333333
taunton,other,0.0,79.7
taunton,other,0.0,29.833333333333332
taunton,other,0.0,64.73333333333333
taunton,other,0.0,60.5
taunton,other,0.0,73.36666666666666
taunton,other,0.0,71.1
taunton,other,0.0,90.93333333333334
taunton,other,0.0,92.96666666666667
taunton,weston-super-mare,0.0,91.93333333333334
taunton,exeter,0.0,82.53333333333333
taunton,other,0.0,102.43333333333334
taunton,other,0.0,36.333333333333336
taunton,other,0.0,57.5
taunton,exeter,0.0,97.7
taunton,other,0.0,43.7
taunton,other,0.0,90.36666666666666
taunton,taunton,0.0,20.533333333333335
taunton,other,0.0,48.833333333333336
taunton,exeter,0.0,99.63333333333334
taunton,other,0.0,90.16666666666667
taunton,other,0.0,62.7
taunton,other,0.0,94.1
taunton,other,0.0,87.0
taunton,weston-super-mare,0.0,95.96666666666667
taunton,other,0.0,85.6
taunton,other,0.0,83.83333333333333
taunton,other,0.0,74.86666666666666
taunton,other,0.0,60.36666666666667
taunton,bridgwater,0.0,63.766666666666666
taunton,other,0.0,47.46666666666667
taunton,other,0.0,65.36666666666666
taunton,other,0.0,90.0
taunton,other,0.0,57.333333333333336
taunton,other,0.0,74.96666666666667
taunton,other,0.0,62.9
taunton,exeter,0.0,102.8
taunton,other,0.0,64.23333333333333
taunton,other,0.0,104.56666666666666
taunton,other,0.0,94.93333333333334
taunton,exeter,0.0,88.43333333333334
taunton,other,0.0,110.0
taunton,other,0.0,62.166666666666664
taunton,other,0.0,107.73333333333333
taunton,other,0.0,57.03333333333333
taunton,bristol,0.0,134.03333333333333
taunton,highbridge_and_burnham,0.0,54.13333333333333
taunton,highbridge_and_burnham,0.0,66.6
taunton,other,0.0,71.83333333333333
taunton,other,0.0,91.93333333333334
taunton,bridgwater,0.0,49.0
taunton,bridgwater,0.0,57.2
taunton,other,0.0,61.8
taunton,taunton,0.0,13.6
taunton,other,0.0,85.53333333333333
taunton,other,0.0,59.8
taunton,other,0.0,41.96666666666667
taunton,other,0.0,59.0
taunton,other,0.0,75.56666666666666
taunton,other,0.0,91.06666666666666
taunton,tiverton,0.0,61.53333333333333
taunton,other,0.0,85.23333333333333
taunton,other,0.0,57.4
taunton,taunton,0.0,16.966666666666665
taunton,other,0.0,53.53333333333333
taunton,other,0.0,78.86666666666666
taunton,exeter,0.0,84.26666666666667
taunton,other,0.0,57.36666666666667
taunton,other,0.0,44.63333333333333
taunton,other,0.0,88.06666666666666
taunton,other,0.0,94.6
taunton,other,0.0,131.7
taunton,other,0.0,88.7
taunton,other,0.0,43.46666666666667
taunton,other,0.0,95.06666666666666
taunton,weston-super-mare,0.0,92.8
taunton,other,0.0,93.6
taunton,other,0.0,29.3
taunton,tiverton,0.0,61.166666666666664
taunton,other,0.0,134.86666666666667
taunton,bridgwater,0.0,37.666666666666664
taunton,other,0.0,34.4
taunton,highbridge_and_burnham,0.0,55.266666666666666
taunton,other,0.0,57.03333333333333
taunton,taunton,0.0,14.866666666666667
taunton,other,0.0,72.53333333333333
taunton,other,0.0,60.2
taunton,other,0.0,78.5
taunton,other,0.0,62.7
taunton,other,0.0,64.2
taunton,other,0.0,52.93333333333333
taunton,other,0.0,48.3
taunton,bridgwater,0.0,45.86666666666667
taunton,taunton,0.0,19.833333333333332
taunton,other,0.0,74.33333333333333
taunton,other,0.0,45.0
taunton,other,0.0,91.76666666666667
taunton,other,0.0,34.166666666666664
taunton,other,0.0,45.1
taunton,other,0.0,52.2
taunton,other,0.0,68.7
taunton,bridgwater,0.0,49.3
taunton,other,0.0,70.43333333333334
taunton,other,0.0,78.2
taunton,exeter,0.0,81.13333333333334
taunton,other,0.0,42.833333333333336
taunton,exeter,0.0,84.6
taunton,other,0.0,78.9
taunton,other,0.0,57.0
taunton,other,0.0,87.06666666666666
taunton,other,0.0,29.033333333333335
taunton,bridgwater,0.0,60.6
taunton,other,0.0,87.8
taunton,other,0.0,71.43333333333334
taunton,other,0.0,15.166666666666666
taunton,other,0.0,75.16666666666667
taunton,other,0.0,80.46666666666667
taunton,other,0.0,94.63333333333334
taunton,other,0.0,75.66666666666667
taunton,weston-super-mare,0.0,91.56666666666666
taunton,other,0.0,65.2
taunton,taunton,0.0,8.633333333333333
taunton,exeter,0.0,84.96666666666667
taunton,exeter,0.0,103.23333333333333
taunton,other,0.0,48.266666666666666
taunton,other,0.0,50.5
taunton,other,0.0,123.7
taunton,bristol,0.0,146.56666666666666
taunton,other,0.0,76.56666666666666
taunton,weston-super-mare,0.0,81.5
taunton,tiverton,0.0,54.233333333333334
taunton,other,0.0,59.0
taunton,other,0.0,89.56666666666666
taunton,taunton,0.0,11.533333333333333
taunton,other,0.0,78.3
taunton,highbridge_and_burnham,0.0,64.2
taunton,other,0.0,33.3
taunton,other,0.0,21.066666666666666
taunton,other,0.0,76.6
taunton,other,0.0,81.43333333333334
taunton,other,0.0,61.266666666666666
taunton,other,0.0,61.96666666666667
taunton,other,0.0,71.96666666666667
taunton,bridgwater,0.0,46.6
taunton,other,0.0,63.333333333333336
taunton,other,0.0,86.36666666666666
taunton,other,0.0,69.43333333333334
taunton,other,0.0,80.46666666666667
taunton,bridgwater,0.0,54.8
taunton,other,0.0,54.96666666666667
taunton,other,0.0,87.7
taunton,highbridge_and_burnham,0.0,53.96666666666667
taunton,bridgwater,0.0,58.2
taunton,other,0.0,56.46666666666667
taunton,other,0.0,78.73333333333333
taunton,highbridge_and_burnham,0.0,63.06666666666667
taunton,other,0.0,67.03333333333333
taunton,other,0.0,98.56666666666666
taunton,other,0.0,48.766666666666666
taunton,other,0.0,67.43333333333334
taunton,other,0.0,83.9
taunton,bridgwater,0.0,37.5
taunton,other,0.0,36.0
taunton,other,0.0,129.33333333333334
taunton,highbridge_and_burnham,0.0,55.1
taunton,other,0.0,39.5
taunton,tiverton,0.0,61.0
taunton,other,0.0,78.7
taunton,other,0.0,70.36666666666666
taunton,bridgwater,0.0,45.7
taunton,other,0.0,70.16666666666667
taunton,other,0.0,59.43333333333333
taunton,other,0.0,100.03333333333333
taunton,other,0.0,89.53333333333333
taunton,other,0.0,66.06666666666666
taunton,exeter,0.0,97.26666666666667
taunton,other,0.0,45.86666666666667
taunton,exeter,0.0,77.66666666666667
taunton,exeter,0.0,87.9
taunton,other,0.0,72.33333333333333
taunton,other,0.0,40.06666666666667
taunton,exeter,0.0,84.43333333333334
taunton,other,0.0,67.3
taunton,other,0.0,98.5
taunton,other,0.0,48.86666666666667
taunton,weston-super-mare,0.0,84.63333333333334
taunton,other,0.0,66.1
taunton,taunton,0.0,17.166666666666668
taunton,other,0.0,65.2
taunton,other,0.0,52.766666666666666
taunton,exeter,0.0,88.16666666666667
taunton,other,0.0,61.96666666666667
taunton,other,0.0,89.4
taunton,other,0.0,60.166666666666664
taunton,other,0.0,54.56666666666667
taunton,other,0.0,82.1
taunton,other,0.0,31.433333333333334
taunton,other,0.0,90.93333333333334
taunton,other,0.0,32.833333333333336
taunton,other,0.0,56.86666666666667
taunton,other,0.0,93.26666666666667
taunton,other,0.0,87.4
taunton,other,0.0,80.76666666666667
taunton,other,0.0,56.1
taunton,other,0.0,88.66666666666667
taunton,weston-super-mare,0.0,91.36666666666666
taunton,highbridge_and_burnham,0.0,48.93333333333333
taunton,other,0.0,37.5
taunton,other,0.0,83.16666666666667
taunton,other,0.0,56.233333333333334
taunton,other,0.0,88.53333333333333
taunton,other,0.0,74.3
taunton,other,0.0,56.733333333333334
taunton,other,0.0,67.96666666666667
taunton,other,0.0,61.03333333333333
taunton,other,0.0,43.833333333333336
taunton,other,0.0,79.43333333333334
taunton,other,0.0,120.23333333333333
taunton,other,0.0,50.333333333333336
taunton,other,0.0,98.03333333333333
taunton,bristol,0.0,130.86666666666667
taunton,other,0.0,57.96666666666667
taunton,other,0.0,74.06666666666666
taunton,other,0.0,51.833333333333336
taunton,weston-super-mare,0.0,90.43333333333334
taunton,other,0.0,78.3
taunton,other,0.0,91.2
taunton,other,0.0,98.13333333333334
taunton,other,0.0,87.5
taunton,other,0.0,60.333333333333336
taunton,other,0.0,50.1
taunton,bridgwater,0.0,32.46666666666667
taunton,other,0.0,75.26666666666667
taunton,other,0.0,62.0
taunton,other,0.0,85.06666666666666
taunton,tiverton,0.0,55.96666666666667
taunton,other,0.0,79.56666666666666
taunton,other,0.0,51.06666666666667
taunton,other,0.0,73.66666666666667
taunton,other,0.0,75.4
taunton,other,0.0,59.6
taunton,other,0.0,77.86666666666666
taunton,other,0.0,80.46666666666667
taunton,exeter,0.0,83.13333333333334
taunton,other,0.0,45.3
taunton,other,0.0,58.13333333333333
taunton,other,0.0,121.33333333333333
taunton,other,0.0,56.9
taunton,weston-super-mare,0.0,86.33333333333333
taunton,bridgwater,0.0,44.06666666666667
taunton,taunton,0.0,20.5
taunton,other,0.0,55.3
taunton,other,0.0,60.53333333333333
taunton,other,0.0,40.833333333333336
taunton,other,0.0,77.06666666666666
taunton,other,0.0,51.833333333333336
taunton,other,0.0,58.56666666666667
taunton,other,0.0,53.766666666666666
taunton,other,0.0,80.43333333333334
taunton,taunton,0.0,7.366666666666666
taunton,other,0.0,69.06666666666666
taunton,other,0.0,73.7
taunton,other,0.0,69.03333333333333
taunton,other,0.0,112.23333333333333
taunton,other,0.0,44.2
taunton,other,0.0,74.4
taunton,other,0.0,82.46666666666667
taunton,other,0.0,66.86666666666666
taunton,other,0.0,93.06666666666666
taunton,other,0.0,96.2
taunton,exeter,0.0,82.86666666666666
taunton,other,0.0,91.36666666666666
taunton,highbridge_and_burnham,0.0,50.06666666666667
taunton,other,0.0,58.733333333333334
taunton,other,0.0,92.6
taunton,other,0.0,63.63333333333333
taunton,other,0.0,26.1
taunton,other,0.0,61.266666666666666
taunton,other,0.0,80.3
taunton,other,0.0,67.73333333333333
taunton,other,0.0,107.2
taunton,other,0.0,74.0
taunton,other,0.0,45.1
taunton,other,0.0,101.56666666666666
taunton,bridgwater,0.0,40.666666666666664
taunton,tiverton,0.0,62.63333333333333
taunton,other,0.0,50.53333333333333
taunton,bristol,0.0,126.86666666666666
taunton,weston-super-mare,0.0,76.3
taunton,other,0.0,47.733333333333334
taunton,weston-super-mare,0.0,81.33333333333333
taunton,other,0.0,54.43333333333333
taunton,other,0.0,32.733333333333334
taunton,other,0.0,57.766666666666666
taunton,taunton,0.0,7.2
taunton,weston-super-mare,0.0,93.03333333333333
taunton,other,0.0,80.36666666666666
taunton,other,0.0,47.5
taunton,other,0.0,68.7
taunton,other,0.0,37.0
taunton,other,0.0,80.03333333333333
taunton,exeter,0.0,86.1
taunton,exeter,0.0,79.4
taunton,other,0.0,43.2
taunton,highbridge_and_burnham,0.0,56.766666666666666
taunton,other,0.0,67.03333333333333
taunton,bristol,0.0,128.5
taunton,bridgwater,0.0,47.36666666666667
taunton,bristol,0.0,114.36666666666666
taunton,other,0.0,62.93333333333333
taunton,other,0.0,72.56666666666666
taunton,other,0.0,82.1
taunton,other,0.0,80.33333333333333
taunton,exeter,0.0,98.03333333333333
taunton,other,0.0,74.53333333333333
taunton,highbridge_and_burnham,0.0,59.233333333333334
taunton,bridgwater,0.0,42.766666666666666
taunton,other,0.0,88.03333333333333
taunton,other,0.0,89.16666666666667
taunton,other,0.0,63.43333333333333
taunton,other,0.0,71.1
taunton,other,0.0,102.16666666666667
taunton,other,0.0,93.46666666666667
taunton,other,0.0,87.33333333333333
taunton,other,0.0,62.0
taunton,other,0.0,33.96666666666667
taunton,bridgwater,0.0,50.766666666666666
taunton,wellington,0.0,41.56666666666667
taunton,other,0.0,62.13333333333333
taunton,other,0.0,85.73333333333333
taunton,exeter,0.0,89.53333333333333
taunton,bristol,0.0,133.56666666666666
taunton,other,0.0,91.73333333333333
taunton,other,0.0,49.666666666666664
taunton,other,0.0,22.0
taunton,other,0.0,84.7
taunton,tiverton,0.0,66.26666666666667
taunton,other,0.0,52.0
taunton,highbridge_and_burnham,0.0,60.36666666666667
taunton,other,0.0,83.76666666666667
taunton,other,0.0,82.13333333333334
taunton,other,0.0,71.33333333333333
taunton,bridgwater,0.0,39.166666666666664
taunton,other,0.0,90.73333333333333
taunton,other,0.0,90.33333333333333
taunton,other,0.0,58.5
taunton,weston-super-mare,0.0,96.63333333333334
taunton,other,0.0,92.76666666666667
taunton,other,0.0,55.6
taunton,exeter,0.0,104.73333333333333
taunton,other,0.0,70.46666666666667
taunton,other,0.0,74.53333333333333
taunton,other,0.0,76.83333333333333
taunton,other,0.0,41.0
taunton,other,0.0,72.3
taunton,exeter,0.0,89.8
taunton,other,0.0,75.7
taunton,other,0.0,64.86666666666666
taunton,other,0.0,81.23333333333333
taunton,other,0.0,79.33333333333333
taunton,other,0.0,87.66666666666667
taunton,other,0.0,54.13333333333333
taunton,wellington,0.0,24.433333333333334
taunton,other,0.0,50.766666666666666
taunton,other,0.0,94.83333333333333
taunton,other,0.0,83.96666666666667
taunton,other,0.0,53.733333333333334
taunton,other,0.0,61.36666666666667
taunton,bridgwater,0.0,50.96666666666667
taunton,exeter,0.0,93.43333333333334
taunton,other,0.0,85.7
taunton,other,0.0,62.43333333333333
taunton,exeter,0.0,93.16666666666667
taunton,other,0.0,73.26666666666667
taunton,other,0.0,78.8
taunton,other,0.0,125.5
taunton,other,0.0,65.6
taunton,other,0.0,87.36666666666666
taunton,other,0.0,72.7
taunton,weston-super-mare,0.0,86.6
taunton,other,0.0,77.6
taunton,other,0.0,103.76666666666667
taunton,bristol,0.0,121.06666666666666
taunton,exeter,0.0,89.7
taunton,other,0.0,117.5
taunton,other,0.0,67.23333333333333
taunton,other,0.0,81.23333333333333
taunton,other,0.0,51.13333333333333
taunton,other,0.0,66.53333333333333
taunton,other,0.0,113.9
taunton,other,0.0,84.83333333333333
taunton,other,0.0,87.3
tiverton,wellington,0.0,43.5
tiverton,other,0.0,35.766666666666666
tiverton,tiverton,23.333333333333332,7.566666666666666
tiverton,tiverton,16.183333333333334,9.933333333333334
tiverton,tiverton,0.0,14.333333333333334
tiverton,cullompton,0.0,30.066666666666666
tiverton,tiverton,14.583333333333334,10.733333333333333
tiverton,wellington,0.0,49.56666666666667
tiverton,taunton,0.0,57.93333333333333
tiverton,cullompton,0.0,35.0
tiverton,tiverton,0.0,10.166666666666666
tiverton,taunton,0.0,58.3
tiverton,other,0.0,48.9
tiverton,other,0.0,79.1
tiverton,taunton,0.0,70.4
tiverton,taunton,0.0,65.76666666666667
tiverton,other,0.0,27.0
tiverton,other,0.0,70.66666666666667
tiverton,other,0.0,85.0
tiverton,other,0.0,41.53333333333333
tiverton,other,0.0,39.63333333333333
tiverton,other,0.0,39.03333333333333
tiverton,exeter,0.0,53.4
tiverton,wellington,0.0,43.8
tiverton,other,0.0,102.93333333333334
tiverton,taunton,0.0,52.166666666666664
tiverton,other,0.0,44.53333333333333
tiverton,other,0.0,63.13333333333333
tiverton,other,0.0,48.6
tiverton,exeter,0.0,64.23333333333333
tiverton,other,0.0,70.8
tiverton,exeter,0.0,58.43333333333333
tiverton,other,0.0,58.36666666666667
tiverton,exeter,69.53333333333333,62.266666666666666
tiverton,other,0.0,84.4
tiverton,taunton,0.0,53.7
tiverton,taunton,0.0,54.233333333333334
tiverton,taunton,0.0,59.46666666666667
tiverton,other,0.0,49.266666666666666
tiverton,taunton,0.0,64.63333333333334
tiverton,other,0.0,27.666666666666668
tiverton,other,0.0,65.76666666666667
tiverton,other,0.0,88.03333333333333
tiverton,other,0.0,79.4
tiverton,other,0.0,73.7
tiverton,exeter,0.0,60.1
tiverton,other,0.0,31.333333333333332
tiverton,other,0.0,54.766666666666666
tiverton,exeter,0.0,66.83333333333333
tiverton,taunton,0.0,68.23333333333333
tiverton,other,0.0,68.5
tiverton,exeter,0.0,59.96666666666667
tiverton,taunton,0.0,63.93333333333333
tiverton,exeter,50.45,55.36666666666667
tiverton,wellington,0.0,49.266666666666666
tiverton,exeter,60.31666666666667,65.5
tiverton,tiverton,27.316666666666666,13.666666666666666
tiverton,other,0.0,27.366666666666667
tiverton,wellington,0.0,47.1
tiverton,other,0.0,57.46666666666667
tiverton,other,0.0,76.96666666666667
tiverton,other,0.0,71.16666666666667
tiverton,other,0.0,49.7
tiverton,other,0.0,72.96666666666667
tiverton,exeter,0.0,70.5
tiverton,other,0.0,74.03333333333333
tiverton,other,0.0,49.233333333333334
tiverton,exeter,0.0,65.73333333333333
tiverton,wellington,0.0,47.4
tiverton,other,0.0,79.73333333333333
tiverton,other,0.0,107.96666666666667
tiverton,exeter,0.0,65.9
tiverton,exeter,0.0,66.9
tiverton,other,0.0,87.63333333333334
tiverton,exeter,0.0,63.43333333333333
tiverton,other,0.0,67.2
tiverton,other,0.0,70.4
tiverton,taunton,0.0,60.333333333333336
tiverton,other,0.0,85.63333333333334
tiverton,taunton,0.0,63.6
tiverton,exeter,82.03333333333333,56.5
tiverton,other,0.0,61.6
tiverton,taunton,0.0,60.0
tiverton,other,0.0,58.1
tiverton,taunton,0.0,57.3
tiverton,other,0.0,87.73333333333333
tiverton,exeter,0.0,58.46666666666667
tiverton,exeter,0.0,66.56666666666666
tiverton,other,0.0,39.36666666666667
tiverton,exeter,62.95,60.4
tiverton,other,0.0,71.0
tiverton,other,0.0,59.56666666666667
tiverton,exeter,0.0,71.03333333333333
tiverton,taunton,0.0,55.766666666666666
tiverton,exeter,0.0,70.33333333333333
tiverton,other,0.0,68.16666666666667
tiverton,exeter,0.0,67.43333333333334
tiverton,other,0.0,84.7
tiverton,taunton,0.0,64.06666666666666
tiverton,taunton,0.0,66.1
tiverton,other,0.0,74.8
tiverton,taunton,0.0,61.9
tiverton,exeter,59.766666666666666,63.833333333333336
tiverton,other,0.0,64.9
tiverton,other,0.0,27.733333333333334
tiverton,other,0.0,84.1
tiverton,other,0.0,65.36666666666666
tiverton,other,0.0,67.93333333333334
tiverton,bridgwater,0.0,86.43333333333334
tiverton,exeter,0.0,73.03333333333333
tiverton,other,0.0,57.8
tiverton,other,0.0,62.166666666666664
tiverton,bridgwater,0.0,84.26666666666667
tiverton,other,0.0,76.16666666666667
tiverton,other,0.0,60.266666666666666
tiverton,exeter,0.0,63.56666666666667
tiverton,other,0.0,70.33333333333333
tiverton,other,0.0,63.2
tiverton,other,0.0,85.5
tiverton,taunton,0.0,60.0
tiverton,other,0.0,52.86666666666667
tiverton,taunton,0.0,57.833333333333336
tiverton,cullompton,0.0,29.5
tiverton,bridgwater,0.0,80.66666666666667
tiverton,exeter,47.266666666666666,58.766666666666666
tiverton,exeter,0.0,63.96666666666667
tiverton,other,0.0,70.66666666666667
tiverton,exeter,0.0,62.06666666666667
tiverton,other,0.0,31.166666666666668
tiverton,exeter,0.0,71.6
tiverton,other,0.0,62.7
tiverton,other,0.0,88.33333333333333
tiverton,exeter,0.0,69.33333333333333
tiverton,other,0.0,113.46666666666667
tiverton,exeter,0.0,67.06666666666666
tiverton,other,0.0,62.4
wellington,taunton,34.766666666666666,0.0
wellington,wellington,14.316666666666666,82.0
wellington,taunton,33.833333333333336,8.266666666666667
wellington,taunton,41.666666666666664,34.266666666666666
wellington,taunton,39.083333333333336,46.03333333333333
wellington,wellington,13.0,108.7
wellington,taunton,38.15,43.56666666666667
wellington,taunton,42.6,36.733333333333334
wellington,taunton,0.0,7.833333333333333
wellington,taunton,0.0,0.0
wellington,other,0.0,62.8
wellington,other,0.0,64.4
wellington,other,0.0,29.6
wellington,taunton,0.0,28.166666666666668
wellington,bridgwater,0.0,59.9
wellington,other,0.0,62.56666666666667
wellington,other,0.0,71.53333333333333
wellington,other,0.0,40.3
wellington,other,0.0,43.03333333333333
wellington,highbridge_and_burnham,0.0,69.3
wellington,other,0.0,41.5
wellington,other,0.0,41.03333333333333
wellington,taunton,0.0,27.633333333333333
wellington,other,0.0,68.83333333333333
wellington,other,0.0,71.16666666666667
wellington,other,0.0,79.4
wellington,taunton,0.0,30.633333333333333
wellington,taunton,0.0,30.333333333333332
wellington,other,0.0,65.0
wellington,tiverton,0.0,43.36666666666667
wellington,taunton,0.0,36.333333333333336
wellington,other,0.0,61.1
wellington,taunton,0.0,30.1
wellington,other,0.0,70.73333333333333
wellington,taunton,0.0,54.333333333333336
wellington,other,0.0,40.6
wellington,exeter,0.0,74.9
wellington,other,0.0,35.4
wellington,other,0.0,66.06666666666666
wellington,tiverton,0.0,48.46666666666667
wellington,other,0.0,60.03333333333333
wellington,other,0.0,103.73333333333333
wellington,other,0.0,99.8
wellington,other,0.0,67.43333333333334
wellington,other,0.0,93.8
wellington,other,0.0,70.23333333333333
wellington,cullompton,0.0,45.53333333333333
wellington,other,0.0,61.03333333333333
wellington,tiverton,0.0,45.0
wellington,other,0.0,32.36666666666667
wellington,other,0.0,37.13333333333333
wellington,other,0.0,43.93333333333333
wellington,exeter,0.0,77.36666666666666
wellington,other,0.0,68.7
wellington,exeter,0.0,68.06666666666666
wellington,other,0.0,59.53333333333333
wellington,other,0.0,38.6
wellington,other,0.0,79.36666666666666
wellington,other,0.0,69.06666666666666
wellington,other,0.0,65.33333333333333
wellington,bridgwater,0.0,49.266666666666666
wellington,highbridge_and_burnham,0.0,66.86666666666666
wellington,other,0.0,68.26666666666667
wellington,bridgwater,0.0,51.7
wellington,other,0.0,103.33333333333333
wellington,other,0.0,95.63333333333334
wellington,other,0.0,71.9
wellington,other,0.0,47.06666666666667
wellington,other,0.0,31.333333333333332
wellington,other,0.0,79.0
wellington,other,0.0,62.53333333333333
wellington,other,0.0,71.53333333333333
wellington,exeter,0.0,75.03333333333333
wellington,other,0.0,62.06666666666667
wellington,other,0.0,44.6
wellington,other,0.0,67.16666666666667
wellington,other,0.0,94.1
wellington,other,0.0,97.3
wellington,exeter,0.0,76.46666666666667
wellington,exeter,0.0,68.43333333333334
wellington,other,0.0,64.53333333333333
wellington,other,0.0,95.76666666666667
wellington,other,0.0,94.76666666666667
wellington,other,0.0,34.833333333333336
wellington,other,0.0,134.43333333333334
wellington,tiverton,0.0,50.1
wellington,other,0.0,42.766666666666666
wellington,other,0.0,87.73333333333333
wellington,other,0.0,62.733333333333334
wellington,bridgwater,0.0,57.46666666666667
wellington,exeter,0.0,75.4
wellington,other,0.0,124.0
wellington,bridgwater,0.0,63.333333333333336
wellington,taunton,0.0,51.86666666666667
wellington,other,0.0,126.43333333333334
wellington,other,0.0,93.23333333333333
wellington,exeter,0.0,74.0
wellington,exeter,0.0,87.06666666666666
wellington,exeter,0.0,86.7
wellington,other,0.0,131.96666666666667
wellington,other,0.0,111.76666666666667
wellington,cullompton,0.0,45.9
wellington,other,0.0,76.96666666666667
wellington,other,0.0,101.83333333333333
wellington,bridgwater,0.0,60.86666666666667
wellington,other,0.0,89.73333333333333
wellington,other,0.0,74.73333333333333
weston-super-mare,weston-super-mare,0.0,55.2
weston-super-mare,bristol,24.7,72.9
weston-super-mare,weston-super-mare,0.0,24.033333333333335
weston-super-mare,weston-super-mare,0.0,0.0
weston-super-mare,weston-super-mare,0.0,52.6
weston-super-mare,weston-super-mare,26.066666666666666,66.76666666666667
weston-super-mare,bristol,32.4,75.63333333333334
weston-super-mare,weston-super-mare,29.316666666666666,12.233333333333333
weston-super-mare,weston-super-mare,27.416666666666668,19.3
weston-super-mare,weston-super-mare,16.6,12.133333333333333
weston-super-mare,weston-super-mare,26.416666666666668,9.633333333333333
weston-super-mare,weston-super-mare,24.816666666666666,16.166666666666668
weston-super-mare,weston-super-mare,13.95,14.2
weston-super-mare,bristol,43.43333333333334,76.03333333333333
weston-super-mare,bristol,41.7,68.93333333333334
weston-super-mare,weston-super-mare,17.116666666666667,21.366666666666667
weston-super-mare,weston-super-mare,26.8,49.46666666666667
weston-super-mare,weston-super-mare,30.491666666666667,15.5
weston-super-mare,weston-super-mare,12.466666666666667,0.0
weston-super-mare,weston-super-mare,30.958333333333332,21.966666666666665
weston-super-mare,weston-super-mare,29.416666666666668,8.5
weston-super-mare,weston-super-mare,18.05,11.7
weston-super-mare,weston-super-mare,42.85,65.93333333333334
weston-super-mare,weston-super-mare,28.183333333333334,52.233333333333334
weston-super-mare,weston-super-mare,11.9,16.166666666666668
weston-super-mare,bristol,76.48333333333333,100.8
weston-super-mare,bristol,66.39166666666667,98.96666666666667
weston-super-mare,weston-super-mare,19.533333333333335,23.966666666666665
weston-super-mare,weston-super-mare,50.016666666666666,14.966666666666667
weston-super-mare,bristol,64.24166666666667,88.03333333333333
weston-super-mare,weston-super-mare,15.583333333333334,10.4
weston-super-mare,bristol,78.975,87.43333333333334
weston-super-mare,weston-super-mare,30.433333333333334,0.0
weston-super-mare,weston-super-mare,43.1,23.366666666666667
weston-super-mare,weston-super-mare,22.766666666666666,46.06666666666667
weston-super-mare,weston-super-mare,27.883333333333333,18.4
weston-super-mare,weston-super-mare,80.51666666666667,76.76666666666667
weston-super-mare,weston-super-mare,36.03333333333333,13.4
weston-super-mare,weston-super-mare,23.183333333333334,8.566666666666666
weston-super-mare,weston-super-mare,32.833333333333336,27.366666666666667
weston-super-mare,weston-super-mare,38.8,8.866666666666667
weston-super-mare,weston-super-mare,44.5,14.3
weston-super-mare,weston-super-mare,40.333333333333336,56.5
weston-super-mare,bristol,82.73333333333333,101.73333333333333
weston-super-mare,weston-super-mare,27.05,30.1
weston-super-mare,bristol,75.525,95.03333333333333
weston-super-mare,weston-super-mare,14.966666666666667,28.8
weston-super-mare,bristol,33.65833333333333,61.93333333333333
weston-super-mare,bristol,72.53333333333333,88.7
weston-super-mare,weston-super-mare,32.166666666666664,19.366666666666667
weston-super-mare,weston-super-mare,31.483333333333334,16.966666666666665
weston-super-mare,weston-super-mare,24.733333333333334,55.833333333333336
weston-super-mare,weston-super-mare,22.90833333333333,23.0
weston-super-mare,weston-super-mare,34.78333333333333,0.0
weston-super-mare,weston-super-mare,40.05,38.0
weston-super-mare,weston-super-mare,31.066666666666666,47.5
weston-super-mare,weston-super-mare,25.183333333333334,62.833333333333336
weston-super-mare,bristol,38.9,74.7
weston-super-mare,weston-super-mare,39.35,46.6
weston-super-mare,weston-super-mare,46.233333333333334,19.633333333333333
weston-super-mare,bristol,43.9,72.06666666666666
weston-super-mare,weston-super-mare,21.175,20.333333333333332
weston-super-mare,weston-super-mare,29.5,17.633333333333333
weston-super-mare,weston-super-mare,36.71666666666667,68.6
weston-super-mare,weston-super-mare,33.333333333333336,10.1
weston-super-mare,weston-super-mare,38.833333333333336,33.36666666666667
weston-super-mare,weston-super-mare,38.9,19.233333333333334
weston-super-mare,weston-super-mare,26.116666666666667,27.633333333333333
weston-super-mare,weston-super-mare,46.0,17.1
weston-super-mare,bristol,45.59166666666667,62.6
weston-super-mare,weston-super-mare,37.416666666666664,23.666666666666668
weston-super-mare,weston-super-mare,25.816666666666666,22.666666666666668
weston-super-mare,weston-super-mare,37.06666666666667,18.4
weston-super-mare,weston-super-mare,48.166666666666664,28.9
weston-super-mare,weston-super-mare,35.80833333333334,27.433333333333334
weston-super-mare,weston-super-mare,39.86666666666667,0.0
weston-super-mare,weston-super-mare,46.86666666666667,69.9
weston-super-mare,weston-super-mare,35.35,44.233333333333334
weston-super-mare,other,0.0,9.366666666666667
weston-super-mare,other,0.0,14.5
weston-super-mare,other,0.0,41.03333333333333
weston-super-mare,taunton,0.0,0.0
weston-super-mare,other,0.0,26.066666666666666
weston-super-mare,bristol,0.0,54.46666666666667
weston-super-mare,other,0.0,45.166666666666664
weston-super-mare,other,0.0,44.03333333333333
weston-super-mare,taunton,0.0,19.3
weston-super-mare,other,0.0,30.433333333333334
weston-super-mare,bristol,0.0,45.13333333333333
weston-super-mare,weston-super-mare,0.0,15.833333333333334
weston-super-mare,other,0.0,54.46666666666667
weston-super-mare,other,0.0,26.666666666666668
weston-super-mare,other,46.63333333333333,18.433333333333334
weston-super-mare,other,0.0,75.16666666666667
weston-super-mare,other,0.0,26.666666666666668
weston-super-mare,other,0.0,39.766666666666666
weston-super-mare,other,0.0,46.46666666666667
weston-super-mare,bristol,0.0,49.266666666666666
weston-super-mare,bristol,0.0,43.733333333333334
weston-super-mare,other,0.0,45.86666666666667
weston-super-mare,other,0.0,47.46666666666667
weston-super-mare,other,0.0,46.56666666666667
weston-super-mare,bristol,0.0,69.1
weston-super-mare,other,0.0,85.4
weston-super-mare,other,0.0,68.16666666666667
weston-super-mare,other,52.69166666666666,31.472222222222218
weston-super-mare,highbridge_and_burnham,0.0,55.03333333333333
weston-super-mare,other,0.0,59.9
weston-super-mare,other,34.53055555555556,16.6
weston-super-mare,other,0.0,33.833333333333336
weston-super-mare,other,0.0,37.86666666666667
weston-super-mare,highbridge_and_burnham,0.0,55.63333333333333
weston-super-mare,other,0.0,86.7
weston-super-mare,highbridge_and_burnham,0.0,57.8
weston-super-mare,bristol,0.0,52.666666666666664
weston-super-mare,weston-super-mare,0.0,19.733333333333334
weston-super-mare,other,0.0,60.2
weston-super-mare,other,31.5625,27.233333333333334
weston-super-mare,other,0.0,58.7
weston-super-mare,other,0.0,86.8
weston-super-mare,other,0.0,43.53333333333333
weston-super-mare,highbridge_and_burnham,0.0,56.8
weston-super-mare,other,0.0,79.73333333333333
weston-super-mare,other,0.0,28.833333333333332
weston-super-mare,taunton,0.0,79.56666666666666
weston-super-mare,other,0.0,52.6
weston-super-mare,bridgwater,0.0,82.2
weston-super-mare,other,0.0,68.96666666666667
weston-super-mare,other,0.0,56.2
weston-super-mare,other,0.0,41.0
weston-super-mare,other,0.0,67.86666666666666
weston-super-mare,other,0.0,81.96666666666667
weston-super-mare,bristol,0.0,62.3
weston-super-mare,other,0.0,40.36666666666667
weston-super-mare,other,0.0,58.36666666666667
weston-super-mare,bristol,0.0,63.93333333333333
weston-super-mare,other,0.0,38.63333333333333
weston-super-mare,bristol,0.0,67.33333333333333
weston-super-mare,bridgwater,0.0,83.96666666666667
weston-super-mare,other,0.0,73.0
weston-super-mare,other,0.0,48.63333333333333
weston-super-mare,other,0.0,58.9
weston-super-mare,other,0.0,94.43333333333334
weston-super-mare,other,0.0,83.73333333333333
weston-super-mare,bridgwater,0.0,127.8
weston-super-mare,other,0.0,89.46666666666667
weston-super-mare,other,0.0,48.166666666666664
weston-super-mare,bristol,0.0,74.3
weston-super-mare,other,0.0,83.26666666666667
weston-super-mare,other,0.0,82.46666666666667
weston-super-mare,bristol,65.96666666666667,61.333333333333336
weston-super-mare,taunton,0.0,93.9
weston-super-mare,other,0.0,41.0
weston-super-mare,highbridge_and_burnham,0.0,58.03333333333333
weston-super-mare,bristol,0.0,73.16666666666667
weston-super-mare,bristol,0.0,58.03333333333333
weston-super-mare,bristol,0.0,87.93333333333334
weston-super-mare,bristol,0.0,73.83333333333333
weston-super-mare,other,0.0,94.03333333333333
weston-super-mare,bristol,0.0,62.5
weston-super-mare,other,0.0,60.9
weston-super-mare,taunton,0.0,19.666666666666668
weston-super-mare,other,50.016666666666666,17.733333333333334
weston-super-mare,bristol,0.0,76.63333333333334
weston-super-mare,bristol,0.0,70.0
weston-super-mare,other,0.0,24.066666666666666
weston-super-mare,bristol,0.0,76.4
weston-super-mare,other,0.0,36.7
weston-super-mare,bristol,0.0,59.43333333333333
weston-super-mare,other,0.0,99.73333333333333
weston-super-mare,other,0.0,37.96666666666667
weston-super-mare,bristol,0.0,82.13333333333334
weston-super-mare,other,0.0,109.06666666666666
weston-super-mare,other,0.0,82.2
weston-super-mare,bristol,0.0,70.13333333333334
weston-super-mare,other,0.0,57.46666666666667
weston-super-mare,other,0.0,86.73333333333333
weston-super-mare,bridgwater,0.0,126.03333333333333
weston-super-mare,other,0.0,83.26666666666667
weston-super-mare,other,0.0,40.36666666666667
weston-super-mare,other,0.0,49.86666666666667
weston-super-mare,other,0.0,32.733333333333334
weston-super-mare,other,42.75,28.333333333333332
weston-super-mare,bristol,0.0,63.6
weston-super-mare,other,0.0,41.36666666666667
weston-super-mare,bristol,0.0,67.83333333333333
weston-super-mare,highbridge_and_burnham,0.0,59.53333333333333
weston-super-mare,other,0.0,44.733333333333334
weston-super-mare,bristol,0.0,62.06666666666667
weston-super-mare,other,0.0,48.53333333333333
weston-super-mare,other,0.0,58.733333333333334
weston-super-mare,taunton,0.0,15.7
weston-super-mare,other,0.0,45.13333333333333
weston-super-mare,other,0.0,60.766666666666666
weston-super-mare,other,0.0,61.266666666666666
weston-super-mare,other,0.0,40.733333333333334
weston-super-mare,other,0.0,57.86666666666667
weston-super-mare,other,0.0,74.56666666666666
weston-super-mare,other,0.0,60.56666666666667
weston-super-mare,bristol,0.0,88.16666666666667
weston-super-mare,bristol,0.0,75.1
weston-super-mare,other,0.0,39.1
weston-super-mare,bristol,0.0,67.36666666666666
weston-super-mare,other,0.0,73.36666666666666
weston-super-mare,other,0.0,22.066666666666666
weston-super-mare,bristol,0.0,58.43333333333333
weston-super-mare,other,0.0,123.36666666666666
weston-super-mare,other,0.0,53.833333333333336
weston-super-mare,other,0.0,82.86666666666666
weston-super-mare,bristol,0.0,59.8
weston-super-mare,bristol,0.0,63.96666666666667
weston-super-mare,bristol,0.0,82.1
weston-super-mare,highbridge_and_burnham,0.0,60.8
weston-super-mare,other,0.0,58.233333333333334
weston-super-mare,bristol,0.0,89.4
weston-super-mare,weston-super-mare,0.0,90.46666666666667
weston-super-mare,other,0.0,89.76666666666667
weston-super-mare,other,42.4,19.233333333333334
weston-super-mare,bridgwater,0.0,85.2
weston-super-mare,other,0.0,41.166666666666664
weston-super-mare,bristol,0.0,78.6
weston-super-mare,other,0.0,82.56666666666666
weston-super-mare,other,0.0,20.866666666666667
weston-super-mare,other,0.0,61.8
weston-super-mare,bridgwater,0.0,129.03333333333333
weston-super-mare,other,0.0,41.36666666666667
weston-super-mare,bristol,0.0,81.63333333333334
weston-super-mare,bristol,0.0,76.76666666666667
weston-super-mare,other,0.0,100.1
weston-super-mare,bristol,0.0,55.86666666666667
weston-super-mare,highbridge_and_burnham,0.0,63.1
weston-super-mare,other,0.0,20.1
weston-super-mare,other,0.0,61.13333333333333
weston-super-mare,weston-super-mare,0.0,90.83333333333333
weston-super-mare,other,0.0,96.13333333333334
weston-super-mare,bristol,0.0,89.76666666666667
weston-super-mare,bristol,0.0,69.06666666666666
weston-super-mare,other,0.0,55.8
weston-super-mare,taunton,0.0,16.533333333333335
weston-super-mare,other,45.888888888888886,90.6
weston-super-mare,other,0.0,90.96666666666667
weston-super-mare,bristol,0.0,88.53333333333333
weston-super-mare,other,0.0,87.96666666666667
weston-super-mare,bristol,76.56666666666666,102.1
weston-super-mare,other,0.0,44.56666666666667
weston-super-mare,other,0.0,78.6
weston-super-mare,other,0.0,62.53333333333333
weston-super-mare,weston-super-mare,0.0,86.9
weston-super-mare,other,0.0,20.933333333333334
weston-super-mare,other,0.0,43.03333333333333
weston-super-mare,other,0.0,84.96666666666667
weston-super-mare,bristol,0.0,84.33333333333333
weston-super-mare,other,0.0,74.2
weston-super-mare,bristol,0.0,88.63333333333334
weston-super-mare,other,0.0,54.766666666666666
weston-super-mare,other,47.7,27.166666666666668
weston-super-mare,highbridge_and_burnham,0.0,65.86666666666666
weston-super-mare,other,0.0,83.63333333333334
weston-super-mare,bristol,0.0,84.7
weston-super-mare,other,0.0,36.766666666666666
weston-super-mare,taunton,0.0,90.3
weston-super-mare,other,0.0,69.43333333333334
weston-super-mare,other,0.0,37.4
weston-super-mare,other,0.0,90.46666666666667
weston-super-mare,bristol,0.0,73.03333333333333
weston-super-mare,bridgwater,0.0,134.13333333333333
weston-super-mare,other,0.0,70.63333333333334
weston-super-mare,bristol,0.0,82.5
weston-super-mare,other,0.0,94.86666666666666
weston-super-mare,bristol,0.0,89.0
weston-super-mare,taunton,0.0,94.26666666666667
weston-super-mare,other,0.0,62.166666666666664
weston-super-mare,other,30.066666666666666,22.433333333333334
weston-super-mare,bridgwater,0.0,90.26666666666667
weston-super-mare,other,0.0,42.0
weston-super-mare,bristol,0.0,78.56666666666666
weston-super-mare,other,0.0,37.4
weston-super-mare,other,0.0,16.133333333333333
weston-super-mare,other,80.51666666666667,87.0
weston-super-mare,other,26.76212121212121,11.766666666666667
weston-super-mare,other,0.0,43.8
weston-super-mare,other,0.0,44.166666666666664
weston-super-mare,bristol,0.0,77.0
weston-super-mare,bristol,0.0,74.66666666666667
weston-super-mare,other,0.0,44.96666666666667
weston-super-mare,other,0.0,57.3
weston-super-mare,bristol,0.0,98.66666666666667
weston-super-mare,other,0.0,37.6
weston-super-mare,bristol,0.0,80.73333333333333
weston-super-mare,bristol,0.0,87.86666666666666
weston-super-mare,other,0.0,78.9
weston-super-mare,other,0.0,79.73333333333333
weston-super-mare,other,0.0,58.2
weston-super-mare,taunton,0.0,19.3
weston-super-mare,bristol,0.0,78.03333333333333
weston-super-mare,other,0.0,55.6
weston-super-mare,other,39.35,10.666666666666666
weston-super-mare,other,0.0,38.233333333333334
weston-super-mare,other,36.486111111111114,87.83333333333333
weston-super-mare,other,0.0,58.13333333333333
weston-super-mare,other,0.0,23.7
weston-super-mare,other,0.0,45.46666666666667
weston-super-mare,bristol,0.0,65.93333333333334
weston-super-mare,other,0.0,93.9
weston-super-mare,bridgwater,0.0,91.06666666666666
weston-super-mare,bristol,0.0,80.86666666666666
weston-super-mare,bristol,0.0,85.03333333333333
weston-super-mare,bristol,0.0,72.8
weston-super-mare,other,0.0,89.83333333333333
weston-super-mare,bristol,0.0,65.1
weston-super-mare,bristol,0.0,83.9
weston-super-mare,other,0.0,46.233333333333334
weston-super-mare,other,0.0,54.266666666666666
weston-super-mare,other,0.0,85.86666666666666
weston-super-mare,other,0.0,38.233333333333334
weston-super-mare,other,0.0,57.2
weston-super-mare,bristol,0.0,64.23333333333333
weston-super-mare,other,0.0,58.0
weston-super-mare,taunton,0.0,91.13333333333334
weston-super-mare,bristol,0.0,73.86666666666666
weston-super-mare,bristol,0.0,84.8
weston-super-mare,other,0.0,123.76666666666667
weston-super-mare,bristol,0.0,102.63333333333334
weston-super-mare,other,0.0,91.3
weston-super-mare,bristol,0.0,66.03333333333333
weston-super-mare,bristol,0.0,73.63333333333334
weston-super-mare,highbridge_and_burnham,0.0,63.9
weston-super-mare,bristol,0.0,60.0
weston-super-mare,bristol,81.51666666666667,98.16666666666667
weston-super-mare,other,0.0,63.333333333333336
weston-super-mare,bristol,0.0,81.56666666666666
weston-super-mare,taunton,0.0,13.666666666666666
weston-super-mare,bristol,0.0,84.56666666666666
weston-super-mare,bristol,0.0,84.73333333333333
weston-super-mare,other,0.0,45.4
weston-super-mare,other,0.0,90.03333333333333
weston-super-mare,bristol,0.0,68.7
weston-super-mare,other,0.0,55.1
weston-super-mare,other,0.0,40.03333333333333
weston-super-mare,bristol,0.0,54.46666666666667
weston-super-mare,other,0.0,51.5
weston-super-mare,highbridge_and_burnham,0.0,71.16666666666667
weston-super-mare,other,0.0,56.6
weston-super-mare,highbridge_and_burnham,0.0,66.63333333333334
weston-super-mare,other,78.38333333333334,89.63333333333334
weston-super-mare,other,0.0,43.8
weston-super-mare,other,0.0,64.96666666666667
weston-super-mare,other,0.0,49.06666666666667
weston-super-mare,other,0.0,57.43333333333333
weston-super-mare,other,0.0,95.33333333333333
weston-super-mare,bridgwater,0.0,134.9
weston-super-mare,bristol,0.0,85.86666666666666
weston-super-mare,other,0.0,19.066666666666666
weston-super-mare,bristol,0.0,81.66666666666667
weston-super-mare,taunton,0.0,92.96666666666667
weston-super-mare,bristol,0.0,79.36666666666666
weston-super-mare,weston-super-mare,0.0,87.7
weston-super-mare,bristol,0.0,85.8
weston-super-mare,other,0.0,79.43333333333334
weston-super-mare,other,0.0,39.43333333333333
weston-super-mare,other,0.0,100.16666666666667
weston-super-mare,bristol,0.0,60.833333333333336
weston-super-mare,other,0.0,59.96666666666667
weston-super-mare,other,0.0,96.96666666666667
weston-super-mare,bristol,0.0,86.63333333333334
weston-super-mare,other,40.766666666666666,20.666666666666668
weston-super-mare,other,0.0,40.06666666666667
weston-super-mare,other,0.0,95.63333333333334
weston-super-mare,other,0.0,73.26666666666667
weston-super-mare,other,0.0,70.23333333333333
weston-super-mare,bristol,0.0,75.46666666666667
weston-super-mare,other,0.0,81.53333333333333
weston-super-mare,highbridge_and_burnham,0.0,62.63333333333333
weston-super-mare,other,0.0,60.86666666666667
weston-super-mare,other,0.0,94.73333333333333
weston-super-mare,other,0.0,67.83333333333333
weston-super-mare,other,0.0,94.4
weston-super-mare,other,0.0,59.36666666666667
weston-super-mare,other,0.0,98.8
weston-super-mare,other,0.0,59.03333333333333
weston-super-mare,other,0.0,59.266666666666666
weston-super-mare,other,0.0,50.233333333333334
weston-super-mare,bristol,0.0,58.5
weston-super-mare,bristol,0.0,88.46666666666667
weston-super-mare,other,0.0,120.63333333333334
weston-super-mare,other,0.0,47.36666666666667
weston-super-mare,highbridge_and_burnham,0.0,65.4
weston-super-mare,other,0.0,81.26666666666667
weston-super-mare,other,21.201851851851853,0.0
weston-super-mare,other,0.0,90.83333333333333
weston-super-mare,bristol,0.0,62.63333333333333
weston-super-mare,bristol,0.0,75.7
weston-super-mare,other,0.0,56.93333333333333
weston-super-mare,other,0.0,71.46666666666667
weston-super-mare,other,0.0,47.233333333333334
weston-super-mare,bristol,0.0,57.1
weston-super-mare,bristol,0.0,60.266666666666666
weston-super-mare,bristol,0.0,75.46666666666667
weston-super-mare,other,0.0,48.666666666666664
weston-super-mare,other,0.0,53.733333333333334
weston-super-mare,other,0.0,122.43333333333334
weston-super-mare,other,46.68333333333333,16.066666666666666
weston-super-mare,other,0.0,59.833333333333336
weston-super-mare,other,0.0,67.5
weston-super-mare,other,0.0,0.0
weston-super-mare,other,0.0,62.06666666666667
weston-super-mare,other,0.0,93.1
weston-super-mare,other,0.0,57.43333333333333
weston-super-mare,other,0.0,9.966666666666667
weston-super-mare,other,0.0,93.03333333333333
weston-super-mare,bridgwater,0.0,95.56666666666666
weston-super-mare,other,0.0,12.066666666666666
weston-super-mare,other,0.0,51.166666666666664
weston-super-mare,bridgwater,0.0,139.4
weston-super-mare,other,0.0,82.33333333333333
weston-super-mare,bristol,0.0,78.86666666666666
weston-super-mare,bristol,0.0,85.4
weston-super-mare,other,0.0,88.53333333333333
weston-super-mare,bristol,0.0,83.5
weston-super-mare,other,0.0,34.3
weston-super-mare,bristol,0.0,81.2
weston-super-mare,other,0.0,34.3
weston-super-mare,bristol,0.0,87.23333333333333
weston-super-mare,other,0.0,67.5
weston-super-mare,other,0.0,26.666666666666668
weston-super-mare,bristol,0.0,86.56666666666666
weston-super-mare,other,34.6,9.033333333333333
weston-super-mare,other,0.0,76.56666666666666
weston-super-mare,other,0.0,27.3
weston-super-mare,other,0.0,89.56666666666666
weston-super-mare,bristol,0.0,77.3
weston-super-mare,taunton,0.0,15.133333333333333
weston-super-mare,bristol,0.0,52.733333333333334
weston-super-mare,other,0.0,39.233333333333334
weston-super-mare,bristol,0.0,101.3
weston-super-mare,bristol,0.0,81.93333333333334
weston-super-mare,other,30.383333333333336,11.166666666666666
weston-super-mare,other,0.0,27.3
weston-super-mare,other,0.0,54.06666666666667
weston-super-mare,bristol,0.0,83.36666666666666
weston-super-mare,other,0.0,40.36666666666667
weston-super-mare,other,0.0,16.033333333333335
weston-super-mare,other,42.97777777777778,83.9
weston-super-mare,other,0.0,33.666666666666664
weston-super-mare,other,0.0,54.2
weston-super-mare,other,0.0,53.5
weston-super-mare,bridgwater,0.0,89.8
weston-super-mare,other,0.0,91.83333333333333
weston-super-mare,other,0.0,47.2
weston-super-mare,other,0.0,34.46666666666667
weston-super-mare,other,0.0,87.33333333333333
weston-super-mare,bristol,0.0,80.7
weston-super-mare,other,0.0,48.1
weston-super-mare,highbridge_and_burnham,0.0,56.3
weston-super-mare,bristol,0.0,63.03333333333333
weston-super-mare,bridgwater,0.0,133.66666666666666
weston-super-mare,other,0.0,87.4
weston-super-mare,other,0.0,38.03333333333333
weston-super-mare,other,0.0,46.233333333333334
weston-super-mare,bristol,0.0,51.333333333333336
weston-super-mare,other,0.0,41.666666666666664
weston-super-mare,other,0.0,44.666666666666664
weston-super-mare,other,40.483333333333334,0.0
weston-super-mare,bristol,0.0,57.03333333333333
weston-super-mare,other,0.0,39.9
weston-super-mare,other,0.0,31.033333333333335
weston-super-mare,bristol,0.0,44.333333333333336
weston-super-mare,bristol,0.0,55.3
weston-super-mare,other,0.0,41.46666666666667
weston-super-mare,other,0.0,75.76666666666667
weston-super-mare,other,0.0,66.3
weston-super-mare,weston-super-mare,0.0,83.76666666666667
weston-super-mare,other,0.0,55.1
weston-super-mare,other,0.0,16.533333333333335
weston-super-mare,bristol,0.0,87.7
weston-super-mare,bristol,0.0,45.733333333333334
weston-super-mare,other,0.0,59.3
weston-super-mare,other,0.0,51.666666666666664
weston-super-mare,other,0.0,80.33333333333333
weston-super-mare,other,0.0,31.7
weston-super-mare,taunton,0.0,20.1
weston-super-mare,highbridge_and_burnham,0.0,58.4
weston-super-mare,other,6.903846153846154,17.0
weston-super-mare,bristol,0.0,71.53333333333333
weston-super-mare,other,0.0,55.06666666666667
weston-super-mare,other,0.0,44.166666666666664
weston-super-mare,other,0.0,46.5
weston-super-mare,bristol,0.0,82.7
weston-super-mare,bristol,0.0,53.266666666666666
weston-super-mare,bridgwater,0.0,82.8
weston-super-mare,other,0.0,44.833333333333336
weston-super-mare,other,0.0,61.166666666666664
weston-super-mare,bristol,0.0,74.93333333333334
weston-super-mare,bristol,0.0,77.6
weston-super-mare,other,0.0,27.333333333333332
weston-super-mare,other,0.0,75.5
weston-super-mare,bristol,0.0,50.53333333333333
weston-super-mare,other,0.0,68.5
weston-super-mare,other,0.0,9.466666666666667
weston-super-mare,other,0.0,42.333333333333336
weston-super-mare,bristol,0.0,95.53333333333333
weston-super-mare,other,0.0,86.03333333333333
weston-super-mare,other,0.0,47.06666666666667
weston-super-mare,other,0.0,51.4
weston-super-mare,other,0.0,27.966666666666665
weston-super-mare,other,0.0,55.733333333333334
weston-super-mare,bristol,0.0,69.7
weston-super-mare,bristol,0.0,70.6
weston-super-mare,other,0.0,47.166666666666664
weston-super-mare,bristol,0.0,62.7
weston-super-mare,bristol,0.0,77.73333333333333
weston-super-mare,bristol,0.0,69.93333333333334
weston-super-mare,bristol,0.0,49.86666666666667
weston-super-mare,bristol,0.0,74.46666666666667
weston-super-mare,bristol,0.0,56.86666666666667
weston-super-mare,highbridge_and_burnham,0.0,59.06666666666667
weston-super-mare,other,0.0,69.16666666666667
weston-super-mare,other,0.0,60.5
weston-super-mare,other,0.0,35.13333333333333
weston-super-mare,other,0.0,59.96666666666667
weston-super-mare,bristol,0.0,88.56666666666666
weston-super-mare,bristol,0.0,73.8
weston-super-mare,other,0.0,82.56666666666666
weston-super-mare,other,0.0,45.333333333333336
weston-super-mare,bristol,0.0,64.53333333333333
weston-super-mare,other,0.0,116.66666666666667
weston-super-mare,other,0.0,75.76666666666667
weston-super-mare,bristol,0.0,57.7
weston-super-mare,other,0.0,82.76666666666667
weston-super-mare,other,0.0,83.23333333333333
weston-super-mare,bristol,0.0,46.4
weston-super-mare,other,70.76666666666667,77.56666666666666
weston-super-mare,other,0.0,89.5
weston-super-mare,other,47.425,76.9
weston-super-mare,other,0.0,76.43333333333334
weston-super-mare,taunton,0.0,80.2
weston-super-mare,bristol,0.0,75.7
weston-super-mare,bristol,0.0,53.93333333333333
weston-super-mare,other,0.0,55.833333333333336
weston-super-mare,bridgwater,0.0,126.66666666666667
weston-super-mare,other,0.0,109.66666666666667
weston-super-mare,bristol,0.0,74.93333333333334
weston-super-mare,other,0.0,88.06666666666666
weston-super-mare,taunton,0.0,80.86666666666666
weston-super-mare,other,0.0,61.833333333333336
weston-super-mare,other,0.0,27.966666666666665
weston-super-mare,bristol,0.0,65.2
weston-super-mare,bristol,0.0,70.73333333333333
weston-super-mare,other,0.0,69.56666666666666
weston-super-mare,bristol,0.0,67.93333333333334
weston-super-mare,other,0.0,47.733333333333334
weston-super-mare,bristol,0.0,81.46666666666667
weston-super-mare,bristol,0.0,63.36666666666667
weston-super-mare,other,0.0,97.5
weston-super-mare,other,0.0,61.166666666666664
weston-super-mare,bridgwater,0.0,83.46666666666667
weston-super-mare,other,0.0,41.03333333333333
weston-super-mare,bristol,0.0,71.4
weston-super-mare,bristol,0.0,76.36666666666666
weston-super-mare,other,0.0,48.766666666666666
weston-super-mare,bristol,0.0,63.6
weston-super-mare,bristol,0.0,75.6
weston-super-mare,other,0.0,68.76666666666667
weston-super-mare,other,0.0,93.96666666666667
weston-super-mare,bristol,0.0,74.46666666666667
weston-super-mare,bristol,0.0,80.8
weston-super-mare,bristol,0.0,71.26666666666667
weston-super-mare,other,0.0,69.43333333333334
weston-super-mare,bristol,0.0,62.93333333333333
weston-super-mare,other,0.0,110.33333333333333
weston-super-mare,bristol,0.0,68.43333333333334
weston-super-mare,other,0.0,47.86666666666667
weston-super-mare,other,0.0,81.0
weston-super-mare,weston-super-mare,0.0,77.43333333333334
weston-super-mare,bristol,0.0,75.13333333333334
weston-super-mare,bristol,0.0,89.2
weston-super-mare,bristol,0.0,68.6
weston-super-mare,weston-super-mare,0.0,89.53333333333333
weston-super-mare,highbridge_and_burnham,0.0,68.4
weston-super-mare,bristol,0.0,45.0
weston-super-mare,bristol,0.0,75.43333333333334
weston-super-mare,other,0.0,86.7
weston-super-mare,bridgwater,0.0,127.33333333333333
weston-super-mare,bridgwater,0.0,47.95151515151515
weston-super-mare,bristol,0.0,46.271428571428565
weston-super-mare,other,0.0,62.3
weston-super-mare,bristol,0.0,63.275000000000006
weston-super-mare,bristol,0.0,76.3
weston-super-mare,other,0.0,56.291666666666664
weston-super-mare,bristol,0.0,67.12499999999999
weston-super-mare,bristol,0.0,59.49583333333334
weston-super-mare,other,0.0,81.69999999999999
weston-super-mare,bristol,0.0,87.93333333333334
weston-super-mare,bristol,0.0,53.520833333333336
weston-super-mare,bristol,0.0,41.325
weston-super-mare,other,0.0,58.49166666666667
weston-super-mare,bristol,0.0,27.77916666666667
weston-super-mare,other,0.0,77.21666666666667
weston-super-mare,bristol,0.0,46.61904761904763
weston-super-mare,bristol,0.0,81.63333333333334
weston-super-mare,bristol,0.0,70.27333333333334
weston-super-mare,other,0.0,60.69333333333334
weston-super-mare,bristol,0.0,78.6
weston-super-mare,bristol,0.0,75.325
weston-super-mare,bristol,0.0,61.67777777777777
weston-super-mare,bristol,0.0,73.8030303030303
weston-super-mare,bristol,0.0,71.23333333333333
weston-super-mare,other,0.0,29.96666666666667
weston-super-mare,bristol,0.0,72.86190476190477
weston-super-mare,bristol,0.0,72.94999999999999
weston-super-mare,bristol,0.0,55.53333333333333
weston-super-mare,other,0.0,60.3
weston-super-mare,bristol,0.0,64.73333333333333
weston-super-mare,bristol,0.0,63.233333333333334
weston-super-mare,other,0.0,73.03333333333333
weston-super-mare,other,0.0,68.04444444444444
weston-super-mare,bristol,0.0,61.88666666666667
weston-super-mare,other,0.0,73.86666666666666
weston-super-mare,other,0.0,58.42424242424243
weston-super-mare,bristol,0.0,54.10000000000001
weston-super-mare,bristol,0.0,59.147619047619045
weston-super-mare,other,0.0,71.60666666666665
weston-super-mare,other,0.0,85.86666666666666
weston-super-mare,bristol,0.0,51.44444444444445
weston-super-mare,other,0.0,49.55
weston-super-mare,bristol,0.0,62.34666666666666
weston-super-mare,other,0.0,75.93333333333334
weston-super-mare,other,0.0,45.75555555555556
weston-super-mare,other,0.0,57.1
weston-super-mare,bristol,0.0,75.50833333333333
weston-super-mare,bristol,0.0,120.63333333333334
weston-super-mare,bristol,0.0,78.86666666666666
weston-super-mare,bristol,0.0,81.2
weston-super-mare,bridgwater,0.0,73.63333333333334
weston-super-mare,other,0.0,52.737333333333325
weston-super-mare,bristol,0.0,72.37619047619047
weston-super-mare,bristol,0.0,63.02962962962964
weston-super-mare,other,0.0,88.46666666666667
weston-super-mare,bristol,0.0,54.75666666666666
weston-super-mare,bristol,0.0,44.266666666666666
weston-super-mare,other,0.0,68.40208333333332
weston-super-mare,bristol,0.0,58.39999999999999
weston-super-mare,bristol,0.0,43.61428571428572
weston-super-mare,bristol,0.0,55.28666666666667
weston-super-mare,bristol,0.0,77.3
weston-super-mare,other,0.0,59.53333333333334
weston-super-mare,other,0.0,62.93333333333333
weston-super-mare,bristol,0.0,92.77499999999999
weston-super-mare,other,0.0,82.7
weston-super-mare,bristol,0.0,89.51666666666667
weston-super-mare,bristol,0.0,75.25
weston-super-mare,bristol,0.0,58.38333333333334
weston-super-mare,bristol,0.0,72.43333333333334
weston-super-mare,other,0.0,58.89333333333334
weston-super-mare,other,0.0,66.63749999999999
weston-super-mare,bristol,0.0,68.86666666666666
weston-super-mare,bridgwater,0.0,69.7
weston-super-mare,bristol,0.0,63.55714285714284
weston-super-mare,other,0.0,62.50833333333334
weston-super-mare,bridgwater,0.0,80.04166666666666
weston-super-mare,bristol,0.0,109.66666666666667
weston-super-mare,other,0.0,60.05
weston-super-mare,bristol,0.0,70.0
weston-super-mare,bristol,0.0,65.2
weston-super-mare,other,0.0,45.0
weston-super-mare,bristol,0.0,69.98333333333333
weston-super-mare,bristol,0.0,82.16666666666667
weston-super-mare,bristol,0.0,83.36666666666666
weston-super-mare,bristol,0.0,63.18666666666668
